name,layer,wc_r,wc_g,wc_b,num_splines,total_verts,bbmin_x,bbmin_y,bbmax_x,bbmax_y,width,height,center_x,center_y,area_approx
Layer:Site Plan$0$-u-site-fence,Site Plan$0$-u-site-fence,0,255,255,292,640,1.10417e+07,8.48464e+06,1.10524e+07,8.49097e+06,10730.0,6326.0,1.1047e+07,8.48781e+06,6.7878e+07
Layer:Site Plan$0$-u-site-wall,Site Plan$0$-u-site-wall,0,255,255,62,152,1.10413e+07,8.48528e+06,1.10415e+07,8.48713e+06,182.0,1848.0,1.10414e+07,8.48621e+06,336336.0
Layer:Site Plan$0$-u-site-fence,Site Plan$0$-u-site-fence,0,255,255,32,78,1.10413e+07,8.48532e+06,1.10413e+07,8.48709e+06,48.0,1776.0,1.10413e+07,8.4862e+06,85248.0
Layer:Site Plan$0$-u-site-wall,Site Plan$0$-u-site-wall,0,255,255,6,16,1.10461e+07,8.49113e+06,1.10462e+07,8.49114e+06,84.0,16.0,1.10461e+07,8.49114e+06,1344.0
Layer:Site Plan$0$-u-site-fence,Site Plan$0$-u-site-fence,0,255,255,6,14,1.10461e+07,8.4911e+06,1.10462e+07,8.49114e+06,84.0,32.0,1.10461e+07,8.49112e+06,2688.0
Layer:Site Plan$0$-u-site-wall,Site Plan$0$-u-site-wall,0,255,255,6,16,1.10458e+07,8.49113e+06,1.10459e+07,8.49114e+06,84.0,16.0,1.10459e+07,8.49113e+06,1344.0
Layer:Site Plan$0$-u-site-fence,Site Plan$0$-u-site-fence,0,255,255,6,14,1.10458e+07,8.4911e+06,1.10459e+07,8.49113e+06,84.0,32.0,1.10459e+07,8.49112e+06,2688.0
Layer:Site Plan$0$-u-site-wall,Site Plan$0$-u-site-wall,0,255,255,6,16,1.10456e+07,8.49112e+06,1.10456e+07,8.49114e+06,84.0,16.0,1.10456e+07,8.49113e+06,1344.0
Layer:Site Plan$0$-u-site-fence,Site Plan$0$-u-site-fence,0,255,255,6,14,1.10456e+07,8.4911e+06,1.10456e+07,8.49113e+06,84.0,32.0,1.10456e+07,8.49112e+06,2688.0
Layer:Site Plan$0$-u-site-wall,Site Plan$0$-u-site-wall,0,255,255,6,16,1.10451e+07,8.49112e+06,1.10452e+07,8.49114e+06,84.0,16.0,1.10452e+07,8.49113e+06,1344.0
Layer:Site Plan$0$-u-site-fence,Site Plan$0$-u-site-fence,0,255,255,6,14,1.10451e+07,8.4911e+06,1.10452e+07,8.49113e+06,84.0,32.0,1.10452e+07,8.49111e+06,2688.0
Layer:Site Plan$0$-u-site-wall,Site Plan$0$-u-site-wall,0,255,255,6,16,1.10449e+07,8.49112e+06,1.1045e+07,8.49114e+06,84.0,16.0,1.10449e+07,8.49113e+06,1344.0
Layer:Site Plan$0$-u-site-fence,Site Plan$0$-u-site-fence,0,255,255,6,14,1.10449e+07,8.4911e+06,1.1045e+07,8.49113e+06,84.0,32.0,1.10449e+07,8.49111e+06,2688.0
Layer:Site Plan$0$-u-site-wall,Site Plan$0$-u-site-wall,0,255,255,6,16,1.10446e+07,8.49112e+06,1.10447e+07,8.49113e+06,84.0,16.0,1.10447e+07,8.49113e+06,1344.0
Layer:Site Plan$0$-u-site-fence,Site Plan$0$-u-site-fence,0,255,255,6,14,1.10446e+07,8.49109e+06,1.10447e+07,8.49113e+06,84.0,32.0,1.10447e+07,8.49111e+06,2688.0
Layer:Site Plan$0$-u-site-wall,Site Plan$0$-u-site-wall,0,255,255,50,120,1.10413e+07,8.48754e+06,1.10414e+07,8.48886e+06,176.0,1320.0,1.10414e+07,8.4882e+06,232320.0
Layer:Site Plan$0$-u-site-fence,Site Plan$0$-u-site-fence,0,255,255,20,50,1.10413e+07,8.48758e+06,1.10413e+07,8.48883e+06,42.0,1244.0,1.10413e+07,8.4882e+06,52248.0
Layer:Site Plan$0$-u-site-wall,Site Plan$0$-u-site-wall,0,255,255,50,120,1.1043e+07,8.49096e+06,1.10444e+07,8.49113e+06,1320.0,176.0,1.10437e+07,8.49104e+06,232320.0
Layer:Site Plan$0$-u-site-fence,Site Plan$0$-u-site-fence,0,255,255,20,50,1.10431e+07,8.49108e+06,1.10443e+07,8.49112e+06,1244.0,42.0,1.10437e+07,8.4911e+06,52248.0
Layer:Site Plan$0$-u-site-wall,Site Plan$0$-u-site-wall,0,255,255,50,120,1.10478e+07,8.49099e+06,1.10491e+07,8.49116e+06,1320.0,176.0,1.10485e+07,8.49108e+06,232320.0
Layer:Site Plan$0$-u-site-fence,Site Plan$0$-u-site-fence,0,255,255,20,50,1.10479e+07,8.49111e+06,1.10491e+07,8.49116e+06,1244.0,42.0,1.10485e+07,8.49114e+06,52248.0
Layer:Site Plan$0$-u-site-wall,Site Plan$0$-u-site-wall,0,255,255,62,152,1.10414e+07,8.48911e+06,1.10416e+07,8.49096e+06,182.0,1848.0,1.10415e+07,8.49004e+06,336336.0
Layer:Site Plan$0$-u-site-fence,Site Plan$0$-u-site-fence,0,255,255,32,78,1.10414e+07,8.48915e+06,1.10415e+07,8.49092e+06,48.0,1776.0,1.10414e+07,8.49004e+06,85248.0
Layer:Site Plan$0$-u-site-wall,Site Plan$0$-u-site-wall,0,255,255,59,150,1.10528e+07,8.48832e+06,1.1053e+07,8.49044e+06,188.0,2114.0,1.10529e+07,8.48938e+06,397432.0
Layer:Site Plan$0$-u-site-fence,Site Plan$0$-u-site-fence,0,255,255,32,80,1.10529e+07,8.48836e+06,1.1053e+07,8.4904e+06,52.0,2040.0,1.10529e+07,8.48938e+06,106080.0
Layer:Site Plan$0$-u-site-wall,Site Plan$0$-u-site-wall,0,255,255,45,106,1.10528e+07,8.48702e+06,1.1053e+07,8.48808e+06,174.0,1056.0,1.10529e+07,8.48755e+06,183744.0
Layer:Site Plan$0$-u-site-fence,Site Plan$0$-u-site-fence,0,255,255,16,40,1.10529e+07,8.48706e+06,1.1053e+07,8.48804e+06,38.0,984.0,1.1053e+07,8.48755e+06,37392.0
Layer:Site Plan$0$-u-site-wall,Site Plan$0$-u-site-wall,0,255,255,6,16,1.1053e+07,8.4852e+06,1.1053e+07,8.48528e+06,16.0,84.0,1.1053e+07,8.48524e+06,1344.0
Layer:Site Plan$0$-u-site-fence,Site Plan$0$-u-site-fence,0,255,255,6,14,1.1053e+07,8.4852e+06,1.1053e+07,8.48528e+06,32.0,84.0,1.1053e+07,8.48524e+06,2688.0
Layer:Site Plan$0$-u-site-wall,Site Plan$0$-u-site-wall,0,255,255,6,16,1.1053e+07,8.48548e+06,1.1053e+07,8.48556e+06,16.0,84.0,1.1053e+07,8.48552e+06,1344.0
Layer:Site Plan$0$-u-site-fence,Site Plan$0$-u-site-fence,0,255,255,6,14,1.1053e+07,8.48548e+06,1.1053e+07,8.48556e+06,32.0,84.0,1.1053e+07,8.48552e+06,2688.0
Layer:Site Plan$0$-u-site-wall,Site Plan$0$-u-site-wall,0,255,255,6,16,1.1053e+07,8.48573e+06,1.1053e+07,8.48582e+06,16.0,84.0,1.1053e+07,8.48578e+06,1344.0
Layer:Site Plan$0$-u-site-fence,Site Plan$0$-u-site-fence,0,255,255,6,14,1.10529e+07,8.48573e+06,1.1053e+07,8.48582e+06,32.0,84.0,1.1053e+07,8.48578e+06,2688.0
Layer:Site Plan$0$-u-site-wall,Site Plan$0$-u-site-wall,0,255,255,6,16,1.1053e+07,8.48614e+06,1.1053e+07,8.48623e+06,16.0,84.0,1.1053e+07,8.48619e+06,1344.0
Layer:Site Plan$0$-u-site-fence,Site Plan$0$-u-site-fence,0,255,255,6,14,1.10529e+07,8.48614e+06,1.1053e+07,8.48623e+06,32.0,84.0,1.1053e+07,8.48619e+06,2688.0
Layer:Site Plan$0$-u-site-wall,Site Plan$0$-u-site-wall,0,255,255,6,16,1.1053e+07,8.4864e+06,1.1053e+07,8.48648e+06,16.0,84.0,1.1053e+07,8.48644e+06,1344.0
Layer:Site Plan$0$-u-site-fence,Site Plan$0$-u-site-fence,0,255,255,6,14,1.10529e+07,8.4864e+06,1.1053e+07,8.48648e+06,32.0,84.0,1.1053e+07,8.48644e+06,2688.0
Layer:Site Plan$0$-u-site-wall,Site Plan$0$-u-site-wall,0,255,255,6,16,1.1053e+07,8.48668e+06,1.1053e+07,8.48676e+06,16.0,84.0,1.1053e+07,8.48672e+06,1344.0
Layer:Site Plan$0$-u-site-fence,Site Plan$0$-u-site-fence,0,255,255,6,14,1.10529e+07,8.48668e+06,1.1053e+07,8.48676e+06,32.0,84.0,1.1053e+07,8.48672e+06,2688.0
Layer:Site Plan$0$-u-site-wall,Site Plan$0$-u-site-wall,0,255,255,62,152,1.10494e+07,8.49099e+06,1.10512e+07,8.49118e+06,1850.0,184.0,1.10503e+07,8.49109e+06,340400.0
Layer:Site Plan$0$-u-site-fence,Site Plan$0$-u-site-fence,0,255,255,32,78,1.10494e+07,8.49112e+06,1.10512e+07,8.49117e+06,1776.0,50.0,1.10503e+07,8.49114e+06,88800.0
Layer:Site Plan$0$-u-site-amenities,Site Plan$0$-u-site-amenities,0,255,255,59,138,1.10427e+07,8.48786e+06,1.10429e+07,8.48808e+06,198.0,214.0,1.10428e+07,8.48797e+06,42372.0
Layer:Site Plan$0$SP-SIDEWALK,Site Plan$0$SP-SIDEWALK,255,255,0,1733,3641,1.10412e+07,8.48443e+06,1.1053e+07,8.49121e+06,11788.0,6777.0,1.10471e+07,8.48782e+06,7.98873e+07
Layer:Site Plan$0$-u-site-amenities,Site Plan$0$-u-site-amenities,0,255,255,59,138,1.10513e+07,8.48811e+06,1.10515e+07,8.48832e+06,218.0,216.0,1.10514e+07,8.48821e+06,47088.0
Layer:Site Plan$0$SP-PAVEMENT MARKINGS,Site Plan$0$SP-PAVEMENT MARKINGS,152,152,152,86,209,1.10413e+07,8.48483e+06,1.10519e+07,8.49114e+06,10534.0,6302.0,1.10466e+07,8.48798e+06,6.63853e+07
Layer:Site Plan$0$SP-SIGNS,Site Plan$0$SP-SIGNS,0,255,255,2,6,1.1051e+07,8.4879e+06,1.10511e+07,8.48791e+06,42.0,12.0,1.1051e+07,8.4879e+06,504.0
Layer:Site Plan$0$SP-BOLLARDS,Site Plan$0$SP-BOLLARDS,0,255,255,2,8,1.1051e+07,8.4879e+06,1.10511e+07,8.4879e+06,38.0,6.0,1.1051e+07,8.4879e+06,228.0
Layer:Site Plan$0$SP-CALL BOX,Site Plan$0$SP-CALL BOX,0,255,255,1,4,1.1047e+07,8.49055e+06,1.1047e+07,8.49059e+06,36.0,37.0,1.1047e+07,8.49057e+06,1332.0
Layer:Site Plan$0$SP-RESIDENT PARKING,Site Plan$0$SP-RESIDENT PARKING,0,41,165,63,252,1.10421e+07,8.48522e+06,1.10521e+07,8.49118e+06,10012.0,5965.0,1.10471e+07,8.4882e+06,5.97216e+07
Layer:Site Plan$0$-u-site-amenities,Site Plan$0$-u-site-amenities,0,255,255,5,20,1.10455e+07,8.48599e+06,1.10474e+07,8.48791e+06,1884.0,1920.0,1.10465e+07,8.48695e+06,3.61728e+06
Layer:Site Plan$0$SP-PARKING-STRIPE,Site Plan$0$SP-PARKING-STRIPE,152,152,152,216,1248,1.10426e+07,8.48499e+06,1.10516e+07,8.48982e+06,8986.0,4827.0,1.10471e+07,8.4874e+06,4.33754e+07
Layer:Site Plan$0$-u-site-propline,Site Plan$0$-u-site-propline,165,0,0,3,24,1.10412e+07,8.48462e+06,1.1053e+07,8.49122e+06,11802.0,6600.0,1.10471e+07,8.48792e+06,7.78932e+07
Layer:Site Plan$0$-u-site-bldg_interior,Site Plan$0$-u-site-bldg_interior,152,152,152,15003,31848,1.10414e+07,8.48518e+06,1.10529e+07,8.49106e+06,11485.0,5877.0,1.10471e+07,8.48812e+06,6.74973e+07
Layer:Site Plan$0$SP-BLDG-ROOF ABOVE,Site Plan$0$SP-BLDG-ROOF ABOVE,0,255,255,669,1547,1.10414e+07,8.48517e+06,1.10529e+07,8.49107e+06,11509.0,5904.0,1.10471e+07,8.48812e+06,6.79491e+07
Layer:Site Plan$0$A-DOOR,Site Plan$0$A-DOOR,186,186,186,2,6,1.10416e+07,8.49089e+06,1.10416e+07,8.49092e+06,32.0,32.0,1.10416e+07,8.49091e+06,1024.0
Layer:Site Plan$0$A-DOOR,Site Plan$0$A-DOOR,186,186,186,2,6,1.10416e+07,8.49062e+06,1.10416e+07,8.49065e+06,32.0,32.0,1.10416e+07,8.49063e+06,1024.0
Layer:Site Plan$0$A-DOOR,Site Plan$0$A-DOOR,186,186,186,2,6,1.10417e+07,8.48968e+06,1.10417e+07,8.48971e+06,32.0,32.0,1.10417e+07,8.4897e+06,1024.0
Layer:Site Plan$0$A-DOOR,Site Plan$0$A-DOOR,186,186,186,2,6,1.10416e+07,8.48943e+06,1.10417e+07,8.48946e+06,32.0,32.0,1.10416e+07,8.48944e+06,1024.0
Layer:Site Plan$0$A-DOOR,Site Plan$0$A-DOOR,186,186,186,2,6,1.10416e+07,8.48915e+06,1.10416e+07,8.48918e+06,32.0,32.0,1.10416e+07,8.48917e+06,1024.0
Layer:Site Plan$0$A-HVAC-EXT,Site Plan$0$A-HVAC-EXT,186,186,186,22,60,1.10421e+07,8.49086e+06,1.10422e+07,8.4909e+06,36.0,36.0,1.10422e+07,8.49088e+06,1296.0
Layer:Site Plan$0$A-DOOR-EXT_WINDOWS,Site Plan$0$A-DOOR-EXT_WINDOWS,186,186,186,2,6,1.10422e+07,8.49092e+06,1.10422e+07,8.49095e+06,32.0,32.0,1.10422e+07,8.49094e+06,1024.0
Layer:Site Plan$0$A-DOOR-EXT_WINDOWS,Site Plan$0$A-DOOR-EXT_WINDOWS,186,186,186,2,6,1.10422e+07,8.49053e+06,1.10422e+07,8.49056e+06,32.0,32.0,1.10422e+07,8.49055e+06,1024.0
Layer:Site Plan$0$SP-BUILDING-FOOTPRINT,Site Plan$0$SP-BUILDING-FOOTPRINT,255,255,255,45,2260,1.10414e+07,8.48518e+06,1.10529e+07,8.49106e+06,11497.0,5889.0,1.10471e+07,8.48812e+06,6.77058e+07
Layer:Site Plan$0$A-HVAC-EXT,Site Plan$0$A-HVAC-EXT,186,186,186,22,60,1.10422e+07,8.49045e+06,1.10422e+07,8.49049e+06,36.0,36.0,1.10422e+07,8.49047e+06,1296.0
Layer:Site Plan$0$A-HVAC-EXT,Site Plan$0$A-HVAC-EXT,186,186,186,22,60,1.10422e+07,8.49039e+06,1.10422e+07,8.49043e+06,36.0,36.0,1.10422e+07,8.49041e+06,1296.0
Layer:Site Plan$0$A-DOOR-EXT_WINDOWS,Site Plan$0$A-DOOR-EXT_WINDOWS,186,186,186,2,6,1.10422e+07,8.49031e+06,1.10422e+07,8.49034e+06,32.0,32.0,1.10422e+07,8.49033e+06,1024.0
Layer:Site Plan$0$A-HVAC-EXT,Site Plan$0$A-HVAC-EXT,186,186,186,22,60,1.10422e+07,8.48994e+06,1.10422e+07,8.48998e+06,36.0,36.0,1.10422e+07,8.48996e+06,1296.0
Layer:Site Plan$0$A-DOOR-EXT_WINDOWS,Site Plan$0$A-DOOR-EXT_WINDOWS,186,186,186,2,6,1.10422e+07,8.49e+06,1.10422e+07,8.49004e+06,32.0,32.0,1.10422e+07,8.49002e+06,1024.0
Layer:Site Plan$0$A-DOOR-EXT_WINDOWS,Site Plan$0$A-DOOR-EXT_WINDOWS,186,186,186,2,6,1.10422e+07,8.48974e+06,1.10422e+07,8.48977e+06,32.0,32.0,1.10422e+07,8.48975e+06,1024.0
Layer:Site Plan$0$A-HVAC-EXT,Site Plan$0$A-HVAC-EXT,186,186,186,22,60,1.10422e+07,8.48966e+06,1.10423e+07,8.4897e+06,36.0,36.0,1.10422e+07,8.48968e+06,1296.0
Layer:Site Plan$0$A-DOOR-EXT_WINDOWS,Site Plan$0$A-DOOR-EXT_WINDOWS,186,186,186,2,6,1.10422e+07,8.48952e+06,1.10422e+07,8.48956e+06,32.0,32.0,1.10422e+07,8.48954e+06,1024.0
Layer:Site Plan$0$A-HVAC-EXT,Site Plan$0$A-HVAC-EXT,186,186,186,22,60,1.10422e+07,8.4896e+06,1.10423e+07,8.48964e+06,36.0,36.0,1.10422e+07,8.48962e+06,1296.0
Layer:Site Plan$0$A-HVAC-EXT,Site Plan$0$A-HVAC-EXT,186,186,186,22,60,1.10422e+07,8.48919e+06,1.10422e+07,8.48923e+06,36.0,36.0,1.10422e+07,8.48921e+06,1296.0
Layer:Site Plan$0$A-DOOR-EXT_WINDOWS,Site Plan$0$A-DOOR-EXT_WINDOWS,186,186,186,2,6,1.10422e+07,8.48913e+06,1.10422e+07,8.48916e+06,32.0,32.0,1.10422e+07,8.48914e+06,1024.0
Layer:Site Plan$0$A-DOOR,Site Plan$0$A-DOOR,186,186,186,2,6,1.10416e+07,8.48995e+06,1.10416e+07,8.48998e+06,32.0,32.0,1.10416e+07,8.48996e+06,1024.0
Layer:Site Plan$0$A-DOOR,Site Plan$0$A-DOOR,186,186,186,2,6,1.10416e+07,8.49036e+06,1.10416e+07,8.4904e+06,32.0,32.0,1.10416e+07,8.49038e+06,1024.0
Layer:Site Plan$0$SP-LOT LINES,Site Plan$0$SP-LOT LINES,152,152,152,310,717,1.10412e+07,8.48499e+06,1.1053e+07,8.49121e+06,11789.0,6221.0,1.10471e+07,8.4881e+06,7.33394e+07
Layer:Site Plan$0$A-HVAC-EXT,Site Plan$0$A-HVAC-EXT,186,186,186,22,60,1.1042e+07,8.48876e+06,1.1042e+07,8.4888e+06,36.0,36.0,1.1042e+07,8.48878e+06,1296.0
Layer:Site Plan$0$A-DOOR-EXT_WINDOWS,Site Plan$0$A-DOOR-EXT_WINDOWS,186,186,186,2,6,1.1042e+07,8.48883e+06,1.10421e+07,8.48886e+06,32.0,32.0,1.1042e+07,8.48884e+06,1024.0
Layer:Site Plan$0$A-DOOR,Site Plan$0$A-DOOR,186,186,186,2,6,1.10414e+07,8.4888e+06,1.10415e+07,8.48883e+06,32.0,32.0,1.10414e+07,8.48881e+06,1024.0
Layer:Site Plan$0$A-HVAC-EXT,Site Plan$0$A-HVAC-EXT,186,186,186,22,60,1.10421e+07,8.48828e+06,1.10421e+07,8.48832e+06,36.0,36.0,1.10421e+07,8.4883e+06,1296.0
Layer:Site Plan$0$A-DOOR-EXT_WINDOWS,Site Plan$0$A-DOOR-EXT_WINDOWS,186,186,186,2,6,1.10421e+07,8.48843e+06,1.10421e+07,8.48846e+06,32.0,32.0,1.10421e+07,8.48845e+06,1024.0
Layer:Site Plan$0$A-DOOR,Site Plan$0$A-DOOR,186,186,186,2,6,1.10415e+07,8.48852e+06,1.10415e+07,8.48855e+06,32.0,32.0,1.10415e+07,8.48854e+06,1024.0
Layer:Site Plan$0$A-DOOR-EXT_WINDOWS,Site Plan$0$A-DOOR-EXT_WINDOWS,186,186,186,2,6,1.10421e+07,8.48822e+06,1.10421e+07,8.48825e+06,32.0,32.0,1.10421e+07,8.48823e+06,1024.0
Layer:Site Plan$0$A-DOOR,Site Plan$0$A-DOOR,186,186,186,2,6,1.10414e+07,8.48826e+06,1.10415e+07,8.4883e+06,32.0,32.0,1.10415e+07,8.48828e+06,1024.0
Layer:Site Plan$0$A-HVAC-EXT,Site Plan$0$A-HVAC-EXT,186,186,186,22,60,1.10421e+07,8.48801e+06,1.10421e+07,8.48805e+06,36.0,36.0,1.10421e+07,8.48803e+06,1296.0
Layer:Site Plan$0$A-DOOR-EXT_WINDOWS,Site Plan$0$A-DOOR-EXT_WINDOWS,186,186,186,2,6,1.10421e+07,8.48795e+06,1.10421e+07,8.48799e+06,32.0,32.0,1.10421e+07,8.48797e+06,1024.0
Layer:Site Plan$0$A-DOOR,Site Plan$0$A-DOOR,186,186,186,2,6,1.10415e+07,8.488e+06,1.10416e+07,8.48804e+06,32.0,32.0,1.10415e+07,8.48802e+06,1024.0
Layer:Site Plan$0$A-HVAC-EXT,Site Plan$0$A-HVAC-EXT,186,186,186,22,60,1.1042e+07,8.48762e+06,1.1042e+07,8.48766e+06,36.0,36.0,1.1042e+07,8.48764e+06,1296.0
Layer:Site Plan$0$A-HVAC-EXT,Site Plan$0$A-HVAC-EXT,186,186,186,22,60,1.10421e+07,8.48837e+06,1.10421e+07,8.4884e+06,36.0,36.0,1.10421e+07,8.48838e+06,1296.0
Layer:Site Plan$0$A-DOOR,Site Plan$0$A-DOOR,186,186,186,2,6,1.10456e+07,8.49094e+06,1.10456e+07,8.49097e+06,32.0,32.0,1.10456e+07,8.49096e+06,1024.0
Layer:Site Plan$0$A-DOOR,Site Plan$0$A-DOOR,186,186,186,2,6,1.10458e+07,8.49091e+06,1.10459e+07,8.49094e+06,32.0,32.0,1.10459e+07,8.49093e+06,1024.0
Layer:Site Plan$0$A-DOOR,Site Plan$0$A-DOOR,186,186,186,2,6,1.10461e+07,8.49095e+06,1.10462e+07,8.49098e+06,32.0,32.0,1.10461e+07,8.49096e+06,1024.0
Layer:Site Plan$0$A-DOOR,Site Plan$0$A-DOOR,186,186,186,2,6,1.10452e+07,8.49094e+06,1.10452e+07,8.49097e+06,32.0,32.0,1.10452e+07,8.49095e+06,1024.0
Layer:Site Plan$0$A-DOOR,Site Plan$0$A-DOOR,186,186,186,2,6,1.10449e+07,8.4909e+06,1.1045e+07,8.49094e+06,32.0,32.0,1.10449e+07,8.49092e+06,1024.0
Layer:Site Plan$0$A-DOOR,Site Plan$0$A-DOOR,186,186,186,2,6,1.10446e+07,8.49094e+06,1.10447e+07,8.49097e+06,32.0,32.0,1.10447e+07,8.49095e+06,1024.0
Layer:Site Plan$0$A-HVAC-EXT,Site Plan$0$A-HVAC-EXT,186,186,186,22,60,1.10461e+07,8.49037e+06,1.10461e+07,8.49041e+06,36.0,36.0,1.10461e+07,8.49039e+06,1296.0
Layer:Site Plan$0$A-DOOR-EXT_WINDOWS,Site Plan$0$A-DOOR-EXT_WINDOWS,186,186,186,2,6,1.10461e+07,8.49035e+06,1.10462e+07,8.49038e+06,32.0,32.0,1.10462e+07,8.49036e+06,1024.0
Layer:Site Plan$0$A-DOOR-EXT_WINDOWS,Site Plan$0$A-DOOR-EXT_WINDOWS,186,186,186,2,6,1.10458e+07,8.49033e+06,1.10458e+07,8.49036e+06,32.0,32.0,1.10458e+07,8.49034e+06,1024.0
Layer:Site Plan$0$A-HVAC-EXT,Site Plan$0$A-HVAC-EXT,186,186,186,22,60,1.10457e+07,8.4903e+06,1.10457e+07,8.49034e+06,36.0,36.0,1.10457e+07,8.49032e+06,1296.0
Layer:Site Plan$0$A-HVAC-EXT,Site Plan$0$A-HVAC-EXT,186,186,186,22,60,1.10456e+07,8.4903e+06,1.10456e+07,8.49034e+06,36.0,36.0,1.10456e+07,8.49032e+06,1296.0
Layer:Site Plan$0$A-DOOR-EXT_WINDOWS,Site Plan$0$A-DOOR-EXT_WINDOWS,186,186,186,2,6,1.10455e+07,8.49033e+06,1.10456e+07,8.49036e+06,32.0,32.0,1.10456e+07,8.49034e+06,1024.0
Layer:Site Plan$0$A-HVAC-EXT,Site Plan$0$A-HVAC-EXT,186,186,186,22,60,1.10452e+07,8.4903e+06,1.10452e+07,8.49033e+06,36.0,36.0,1.10452e+07,8.49032e+06,1296.0
Layer:Site Plan$0$A-DOOR-EXT_WINDOWS,Site Plan$0$A-DOOR-EXT_WINDOWS,186,186,186,2,6,1.10452e+07,8.49033e+06,1.10453e+07,8.49036e+06,32.0,32.0,1.10452e+07,8.49034e+06,1024.0
Layer:Site Plan$0$A-DOOR-EXT_WINDOWS,Site Plan$0$A-DOOR-EXT_WINDOWS,186,186,186,2,6,1.1045e+07,8.49032e+06,1.1045e+07,8.49036e+06,32.0,32.0,1.1045e+07,8.49034e+06,1024.0
Layer:Site Plan$0$A-HVAC-EXT,Site Plan$0$A-HVAC-EXT,186,186,186,22,60,1.10451e+07,8.4903e+06,1.10451e+07,8.49033e+06,36.0,36.0,1.10451e+07,8.49032e+06,1296.0
Layer:Site Plan$0$A-HVAC-EXT,Site Plan$0$A-HVAC-EXT,186,186,186,22,60,1.10447e+07,8.49036e+06,1.10447e+07,8.4904e+06,36.0,36.0,1.10447e+07,8.49038e+06,1296.0
Layer:Site Plan$0$A-DOOR-EXT_WINDOWS,Site Plan$0$A-DOOR-EXT_WINDOWS,186,186,186,2,6,1.10446e+07,8.49034e+06,1.10447e+07,8.49037e+06,32.0,32.0,1.10446e+07,8.49035e+06,1024.0
Layer:Site Plan$0$A-DOOR,Site Plan$0$A-DOOR,186,186,186,2,6,1.10414e+07,8.48706e+06,1.10415e+07,8.48709e+06,32.0,32.0,1.10415e+07,8.48708e+06,1024.0
Layer:Site Plan$0$A-DOOR,Site Plan$0$A-DOOR,186,186,186,2,6,1.10415e+07,8.48678e+06,1.10415e+07,8.48682e+06,32.0,32.0,1.10415e+07,8.4868e+06,1024.0
Layer:Site Plan$0$A-DOOR,Site Plan$0$A-DOOR,186,186,186,2,6,1.10415e+07,8.48585e+06,1.10416e+07,8.48588e+06,32.0,32.0,1.10416e+07,8.48587e+06,1024.0
Layer:Site Plan$0$A-DOOR,Site Plan$0$A-DOOR,186,186,186,2,6,1.10415e+07,8.4856e+06,1.10415e+07,8.48563e+06,32.0,32.0,1.10415e+07,8.48561e+06,1024.0
Layer:Site Plan$0$A-DOOR,Site Plan$0$A-DOOR,186,186,186,2,6,1.10415e+07,8.48532e+06,1.10415e+07,8.48535e+06,32.0,32.0,1.10415e+07,8.48534e+06,1024.0
Layer:Site Plan$0$A-HVAC-EXT,Site Plan$0$A-HVAC-EXT,186,186,186,22,60,1.1042e+07,8.48703e+06,1.10421e+07,8.48706e+06,36.0,36.0,1.1042e+07,8.48704e+06,1296.0
Layer:Site Plan$0$A-DOOR-EXT_WINDOWS,Site Plan$0$A-DOOR-EXT_WINDOWS,186,186,186,2,6,1.1042e+07,8.48709e+06,1.10421e+07,8.48712e+06,32.0,32.0,1.10421e+07,8.48711e+06,1024.0
Layer:Site Plan$0$A-DOOR-EXT_WINDOWS,Site Plan$0$A-DOOR-EXT_WINDOWS,186,186,186,2,6,1.10421e+07,8.4867e+06,1.10421e+07,8.48673e+06,32.0,32.0,1.10421e+07,8.48671e+06,1024.0
Layer:Site Plan$0$A-HVAC-EXT,Site Plan$0$A-HVAC-EXT,186,186,186,22,60,1.10421e+07,8.48662e+06,1.10421e+07,8.48666e+06,36.0,36.0,1.10421e+07,8.48664e+06,1296.0
Layer:Site Plan$0$A-HVAC-EXT,Site Plan$0$A-HVAC-EXT,186,186,186,22,60,1.10421e+07,8.48656e+06,1.10421e+07,8.4866e+06,36.0,36.0,1.10421e+07,8.48658e+06,1296.0
Layer:Site Plan$0$A-DOOR-EXT_WINDOWS,Site Plan$0$A-DOOR-EXT_WINDOWS,186,186,186,2,6,1.10421e+07,8.48648e+06,1.10421e+07,8.48651e+06,32.0,32.0,1.10421e+07,8.4865e+06,1024.0
Layer:Site Plan$0$A-HVAC-EXT,Site Plan$0$A-HVAC-EXT,186,186,186,22,60,1.10421e+07,8.48611e+06,1.10421e+07,8.48614e+06,36.0,36.0,1.10421e+07,8.48613e+06,1296.0
Layer:Site Plan$0$A-DOOR-EXT_WINDOWS,Site Plan$0$A-DOOR-EXT_WINDOWS,186,186,186,2,6,1.10421e+07,8.48617e+06,1.10421e+07,8.4862e+06,32.0,32.0,1.10421e+07,8.48619e+06,1024.0
Layer:Site Plan$0$A-DOOR-EXT_WINDOWS,Site Plan$0$A-DOOR-EXT_WINDOWS,186,186,186,2,6,1.10421e+07,8.48591e+06,1.10421e+07,8.48594e+06,32.0,32.0,1.10421e+07,8.48592e+06,1024.0
Layer:Site Plan$0$A-HVAC-EXT,Site Plan$0$A-HVAC-EXT,186,186,186,22,60,1.10421e+07,8.48583e+06,1.10421e+07,8.48586e+06,36.0,36.0,1.10421e+07,8.48584e+06,1296.0
Layer:Site Plan$0$A-DOOR-EXT_WINDOWS,Site Plan$0$A-DOOR-EXT_WINDOWS,186,186,186,2,6,1.10421e+07,8.48569e+06,1.10421e+07,8.48572e+06,32.0,32.0,1.10421e+07,8.48571e+06,1024.0
Layer:Site Plan$0$A-HVAC-EXT,Site Plan$0$A-HVAC-EXT,186,186,186,22,60,1.10421e+07,8.48577e+06,1.10421e+07,8.4858e+06,36.0,36.0,1.10421e+07,8.48578e+06,1296.0
Layer:Site Plan$0$A-HVAC-EXT,Site Plan$0$A-HVAC-EXT,186,186,186,22,60,1.1042e+07,8.48536e+06,1.10421e+07,8.4854e+06,36.0,36.0,1.1042e+07,8.48538e+06,1296.0
Layer:Site Plan$0$A-DOOR-EXT_WINDOWS,Site Plan$0$A-DOOR-EXT_WINDOWS,186,186,186,2,6,1.10421e+07,8.4853e+06,1.10421e+07,8.48533e+06,32.0,32.0,1.10421e+07,8.48531e+06,1024.0
Layer:Site Plan$0$A-DOOR,Site Plan$0$A-DOOR,186,186,186,2,6,1.10415e+07,8.48612e+06,1.10415e+07,8.48615e+06,32.0,32.0,1.10415e+07,8.48613e+06,1024.0
Layer:Site Plan$0$A-DOOR,Site Plan$0$A-DOOR,186,186,186,2,6,1.10415e+07,8.48653e+06,1.10415e+07,8.48656e+06,32.0,32.0,1.10415e+07,8.48655e+06,1024.0
Layer:Site Plan$0$A-HVAC-EXT,Site Plan$0$A-HVAC-EXT,186,186,186,22,60,1.10443e+07,8.49036e+06,1.10443e+07,8.4904e+06,36.0,36.0,1.10443e+07,8.49038e+06,1296.0
Layer:Site Plan$0$A-DOOR-EXT_WINDOWS,Site Plan$0$A-DOOR-EXT_WINDOWS,186,186,186,2,6,1.10443e+07,8.49034e+06,1.10443e+07,8.49037e+06,32.0,32.0,1.10443e+07,8.49035e+06,1024.0
Layer:Site Plan$0$A-DOOR,Site Plan$0$A-DOOR,186,186,186,2,6,1.10443e+07,8.49094e+06,1.10443e+07,8.49097e+06,32.0,32.0,1.10443e+07,8.49095e+06,1024.0
Layer:Site Plan$0$A-HVAC-EXT,Site Plan$0$A-HVAC-EXT,186,186,186,22,60,1.10438e+07,8.49029e+06,1.10438e+07,8.49033e+06,36.0,36.0,1.10438e+07,8.49031e+06,1296.0
Layer:Site Plan$0$A-DOOR-EXT_WINDOWS,Site Plan$0$A-DOOR-EXT_WINDOWS,186,186,186,2,6,1.10439e+07,8.49032e+06,1.1044e+07,8.49035e+06,32.0,32.0,1.10439e+07,8.49033e+06,1024.0
Layer:Site Plan$0$A-DOOR,Site Plan$0$A-DOOR,186,186,186,2,6,1.1044e+07,8.4909e+06,1.1044e+07,8.49093e+06,32.0,32.0,1.1044e+07,8.49091e+06,1024.0
Layer:Site Plan$0$A-DOOR-EXT_WINDOWS,Site Plan$0$A-DOOR-EXT_WINDOWS,186,186,186,2,6,1.10437e+07,8.49032e+06,1.10437e+07,8.49035e+06,32.0,32.0,1.10437e+07,8.49033e+06,1024.0
Layer:Site Plan$0$A-DOOR,Site Plan$0$A-DOOR,186,186,186,2,6,1.10438e+07,8.49093e+06,1.10438e+07,8.49096e+06,32.0,32.0,1.10438e+07,8.49094e+06,1024.0
Layer:Site Plan$0$A-HVAC-EXT,Site Plan$0$A-HVAC-EXT,186,186,186,22,60,1.10435e+07,8.49029e+06,1.10435e+07,8.49032e+06,36.0,36.0,1.10435e+07,8.49031e+06,1296.0
Layer:Site Plan$0$A-DOOR-EXT_WINDOWS,Site Plan$0$A-DOOR-EXT_WINDOWS,186,186,186,2,6,1.10434e+07,8.49031e+06,1.10435e+07,8.49034e+06,32.0,32.0,1.10435e+07,8.49033e+06,1024.0
Layer:Site Plan$0$A-DOOR,Site Plan$0$A-DOOR,186,186,186,2,6,1.10435e+07,8.49085e+06,1.10435e+07,8.49088e+06,32.0,32.0,1.10435e+07,8.49087e+06,1024.0
Layer:Site Plan$0$A-HVAC-EXT,Site Plan$0$A-HVAC-EXT,186,186,186,22,60,1.10431e+07,8.49036e+06,1.10431e+07,8.4904e+06,36.0,36.0,1.10431e+07,8.49038e+06,1296.0
Layer:Site Plan$0$A-HVAC-EXT,Site Plan$0$A-HVAC-EXT,186,186,186,22,60,1.10439e+07,8.49029e+06,1.10439e+07,8.49033e+06,36.0,36.0,1.10439e+07,8.49031e+06,1296.0
Layer:Site Plan$0$A-HVAC-EXT,Site Plan$0$A-HVAC-EXT,186,186,186,22,60,1.1049e+07,8.49039e+06,1.10491e+07,8.49043e+06,36.0,36.0,1.1049e+07,8.49041e+06,1296.0
Layer:Site Plan$0$A-DOOR-EXT_WINDOWS,Site Plan$0$A-DOOR-EXT_WINDOWS,186,186,186,2,6,1.10491e+07,8.49037e+06,1.10491e+07,8.4904e+06,32.0,32.0,1.10491e+07,8.49038e+06,1024.0
Layer:Site Plan$0$A-DOOR,Site Plan$0$A-DOOR,186,186,186,2,6,1.10491e+07,8.49097e+06,1.10491e+07,8.491e+06,32.0,32.0,1.10491e+07,8.49098e+06,1024.0
Layer:Site Plan$0$A-HVAC-EXT,Site Plan$0$A-HVAC-EXT,186,186,186,22,60,1.10486e+07,8.49032e+06,1.10486e+07,8.49036e+06,36.0,36.0,1.10486e+07,8.49034e+06,1296.0
Layer:Site Plan$0$A-DOOR-EXT_WINDOWS,Site Plan$0$A-DOOR-EXT_WINDOWS,186,186,186,2,6,1.10487e+07,8.49035e+06,1.10487e+07,8.49038e+06,32.0,32.0,1.10487e+07,8.49036e+06,1024.0
Layer:Site Plan$0$A-DOOR,Site Plan$0$A-DOOR,186,186,186,2,6,1.10488e+07,8.49093e+06,1.10488e+07,8.49096e+06,32.0,32.0,1.10488e+07,8.49094e+06,1024.0
Layer:Site Plan$0$A-DOOR-EXT_WINDOWS,Site Plan$0$A-DOOR-EXT_WINDOWS,186,186,186,2,6,1.10485e+07,8.49035e+06,1.10485e+07,8.49038e+06,32.0,32.0,1.10485e+07,8.49036e+06,1024.0
Layer:Site Plan$0$A-DOOR,Site Plan$0$A-DOOR,186,186,186,2,6,1.10485e+07,8.49096e+06,1.10486e+07,8.49099e+06,32.0,32.0,1.10486e+07,8.49098e+06,1024.0
Layer:Site Plan$0$A-HVAC-EXT,Site Plan$0$A-HVAC-EXT,186,186,186,22,60,1.10483e+07,8.49032e+06,1.10483e+07,8.49036e+06,36.0,36.0,1.10483e+07,8.49034e+06,1296.0
Layer:Site Plan$0$A-DOOR-EXT_WINDOWS,Site Plan$0$A-DOOR-EXT_WINDOWS,186,186,186,2,6,1.10482e+07,8.49034e+06,1.10483e+07,8.49037e+06,32.0,32.0,1.10482e+07,8.49036e+06,1024.0
Layer:Site Plan$0$A-DOOR,Site Plan$0$A-DOOR,186,186,186,2,6,1.10483e+07,8.49088e+06,1.10483e+07,8.49091e+06,32.0,32.0,1.10483e+07,8.4909e+06,1024.0
Layer:Site Plan$0$A-HVAC-EXT,Site Plan$0$A-HVAC-EXT,186,186,186,22,60,1.10479e+07,8.49039e+06,1.10479e+07,8.49043e+06,36.0,36.0,1.10479e+07,8.49041e+06,1296.0
Layer:Site Plan$0$A-HVAC-EXT,Site Plan$0$A-HVAC-EXT,186,186,186,22,60,1.10486e+07,8.49032e+06,1.10487e+07,8.49036e+06,36.0,36.0,1.10487e+07,8.49034e+06,1296.0
Layer:Site Plan$0$A-DOOR,Site Plan$0$A-DOOR,186,186,186,2,6,1.10528e+07,8.48836e+06,1.10528e+07,8.48839e+06,32.0,32.0,1.10528e+07,8.48838e+06,1024.0
Layer:Site Plan$0$A-DOOR,Site Plan$0$A-DOOR,186,186,186,2,6,1.10527e+07,8.48864e+06,1.10528e+07,8.48867e+06,32.0,32.0,1.10528e+07,8.48865e+06,1024.0
Layer:Site Plan$0$A-DOOR,Site Plan$0$A-DOOR,186,186,186,2,6,1.10528e+07,8.48889e+06,1.10528e+07,8.48893e+06,32.0,32.0,1.10528e+07,8.48891e+06,1024.0
Layer:Site Plan$0$A-DOOR,Site Plan$0$A-DOOR,186,186,186,2,6,1.10527e+07,8.48915e+06,1.10527e+07,8.48918e+06,32.0,32.0,1.10527e+07,8.48917e+06,1024.0
Layer:Site Plan$0$A-DOOR,Site Plan$0$A-DOOR,186,186,186,2,6,1.10528e+07,8.49037e+06,1.10528e+07,8.4904e+06,32.0,32.0,1.10528e+07,8.49038e+06,1024.0
Layer:Site Plan$0$A-DOOR,Site Plan$0$A-DOOR,186,186,186,2,6,1.10527e+07,8.49009e+06,1.10528e+07,8.49012e+06,32.0,32.0,1.10527e+07,8.49011e+06,1024.0
Layer:Site Plan$0$A-DOOR,Site Plan$0$A-DOOR,186,186,186,2,6,1.10528e+07,8.48983e+06,1.10528e+07,8.48987e+06,32.0,32.0,1.10528e+07,8.48985e+06,1024.0
Layer:Site Plan$0$A-DOOR,Site Plan$0$A-DOOR,186,186,186,2,6,1.10527e+07,8.48957e+06,1.10527e+07,8.48961e+06,32.0,32.0,1.10527e+07,8.48959e+06,1024.0
Layer:Site Plan$0$A-HVAC-EXT,Site Plan$0$A-HVAC-EXT,186,186,186,22,60,1.10522e+07,8.48839e+06,1.10522e+07,8.48843e+06,36.0,36.0,1.10522e+07,8.48841e+06,1296.0
Layer:Site Plan$0$A-DOOR-EXT_WINDOWS,Site Plan$0$A-DOOR-EXT_WINDOWS,186,186,186,2,6,1.10522e+07,8.48872e+06,1.10522e+07,8.48876e+06,32.0,32.0,1.10522e+07,8.48874e+06,1024.0
Layer:Site Plan$0$A-HVAC-EXT,Site Plan$0$A-HVAC-EXT,186,186,186,22,60,1.10521e+07,8.4888e+06,1.10522e+07,8.48884e+06,36.0,36.0,1.10522e+07,8.48882e+06,1296.0
Layer:Site Plan$0$A-DOOR-EXT_WINDOWS,Site Plan$0$A-DOOR-EXT_WINDOWS,186,186,186,2,6,1.10522e+07,8.48833e+06,1.10522e+07,8.48836e+06,32.0,32.0,1.10522e+07,8.48834e+06,1024.0
Layer:Site Plan$0$A-HVAC-EXT,Site Plan$0$A-HVAC-EXT,186,186,186,22,60,1.10521e+07,8.48886e+06,1.10522e+07,8.4889e+06,36.0,36.0,1.10522e+07,8.48888e+06,1296.0
Layer:Site Plan$0$A-DOOR-EXT_WINDOWS,Site Plan$0$A-DOOR-EXT_WINDOWS,186,186,186,2,6,1.10522e+07,8.48894e+06,1.10522e+07,8.48897e+06,32.0,32.0,1.10522e+07,8.48896e+06,1024.0
Layer:Site Plan$0$A-DOOR-EXT_WINDOWS,Site Plan$0$A-DOOR-EXT_WINDOWS,186,186,186,2,6,1.10522e+07,8.48952e+06,1.10522e+07,8.48955e+06,32.0,32.0,1.10522e+07,8.48953e+06,1024.0
Layer:Site Plan$0$A-HVAC-EXT,Site Plan$0$A-HVAC-EXT,186,186,186,22,60,1.10521e+07,8.48958e+06,1.10522e+07,8.48961e+06,36.0,36.0,1.10521e+07,8.48959e+06,1296.0
Layer:Site Plan$0$A-DOOR-EXT_WINDOWS,Site Plan$0$A-DOOR-EXT_WINDOWS,186,186,186,2,6,1.10522e+07,8.4892e+06,1.10522e+07,8.48924e+06,32.0,32.0,1.10522e+07,8.48922e+06,1024.0
Layer:Site Plan$0$A-HVAC-EXT,Site Plan$0$A-HVAC-EXT,186,186,186,22,60,1.10521e+07,8.48914e+06,1.10522e+07,8.48918e+06,36.0,36.0,1.10522e+07,8.48916e+06,1296.0
Layer:Site Plan$0$A-HVAC-EXT,Site Plan$0$A-HVAC-EXT,186,186,186,22,60,1.10522e+07,8.49032e+06,1.10522e+07,8.49036e+06,36.0,36.0,1.10522e+07,8.49034e+06,1296.0
Layer:Site Plan$0$A-DOOR-EXT_WINDOWS,Site Plan$0$A-DOOR-EXT_WINDOWS,186,186,186,2,6,1.10521e+07,8.49e+06,1.10522e+07,8.49003e+06,32.0,32.0,1.10522e+07,8.49001e+06,1024.0
Layer:Site Plan$0$A-HVAC-EXT,Site Plan$0$A-HVAC-EXT,186,186,186,22,60,1.10521e+07,8.48993e+06,1.10522e+07,8.48996e+06,36.0,36.0,1.10521e+07,8.48994e+06,1296.0
Layer:Site Plan$0$A-DOOR-EXT_WINDOWS,Site Plan$0$A-DOOR-EXT_WINDOWS,186,186,186,2,6,1.10522e+07,8.49039e+06,1.10522e+07,8.49042e+06,32.0,32.0,1.10522e+07,8.49041e+06,1024.0
Layer:Site Plan$0$A-HVAC-EXT,Site Plan$0$A-HVAC-EXT,186,186,186,22,60,1.10521e+07,8.48984e+06,1.10522e+07,8.48988e+06,36.0,36.0,1.10521e+07,8.48986e+06,1296.0
Layer:Site Plan$0$A-DOOR-EXT_WINDOWS,Site Plan$0$A-DOOR-EXT_WINDOWS,186,186,186,2,6,1.10521e+07,8.48978e+06,1.10522e+07,8.48981e+06,32.0,32.0,1.10522e+07,8.48979e+06,1024.0
Layer:Site Plan$0$A-DOOR,Site Plan$0$A-DOOR,186,186,186,2,6,1.10528e+07,8.48706e+06,1.10528e+07,8.48709e+06,32.0,32.0,1.10528e+07,8.48707e+06,1024.0
Layer:Site Plan$0$A-DOOR,Site Plan$0$A-DOOR,186,186,186,2,6,1.10527e+07,8.48733e+06,1.10528e+07,8.48737e+06,32.0,32.0,1.10528e+07,8.48735e+06,1024.0
Layer:Site Plan$0$A-DOOR,Site Plan$0$A-DOOR,186,186,186,2,6,1.10528e+07,8.48801e+06,1.10528e+07,8.48804e+06,32.0,32.0,1.10528e+07,8.48802e+06,1024.0
Layer:Site Plan$0$A-DOOR,Site Plan$0$A-DOOR,186,186,186,2,6,1.10527e+07,8.48773e+06,1.10528e+07,8.48776e+06,32.0,32.0,1.10528e+07,8.48775e+06,1024.0
Layer:Site Plan$0$A-HVAC-EXT,Site Plan$0$A-HVAC-EXT,186,186,186,22,60,1.10522e+07,8.48796e+06,1.10522e+07,8.488e+06,36.0,36.0,1.10522e+07,8.48798e+06,1296.0
Layer:Site Plan$0$A-DOOR-EXT_WINDOWS,Site Plan$0$A-DOOR-EXT_WINDOWS,186,186,186,2,6,1.10522e+07,8.48803e+06,1.10522e+07,8.48806e+06,32.0,32.0,1.10522e+07,8.48804e+06,1024.0
Layer:Site Plan$0$A-HVAC-EXT,Site Plan$0$A-HVAC-EXT,186,186,186,22,60,1.10521e+07,8.48757e+06,1.10522e+07,8.4876e+06,36.0,36.0,1.10522e+07,8.48758e+06,1296.0
Layer:Site Plan$0$A-DOOR-EXT_WINDOWS,Site Plan$0$A-DOOR-EXT_WINDOWS,186,186,186,2,6,1.10522e+07,8.48764e+06,1.10522e+07,8.48767e+06,32.0,32.0,1.10522e+07,8.48765e+06,1024.0
Layer:Site Plan$0$A-HVAC-EXT,Site Plan$0$A-HVAC-EXT,186,186,186,22,60,1.10521e+07,8.48748e+06,1.10522e+07,8.48752e+06,36.0,36.0,1.10522e+07,8.4875e+06,1296.0
Layer:Site Plan$0$A-DOOR-EXT_WINDOWS,Site Plan$0$A-DOOR-EXT_WINDOWS,186,186,186,2,6,1.10522e+07,8.48742e+06,1.10522e+07,8.48745e+06,32.0,32.0,1.10522e+07,8.48744e+06,1024.0
Layer:Site Plan$0$A-HVAC-EXT,Site Plan$0$A-HVAC-EXT,186,186,186,22,60,1.10522e+07,8.48709e+06,1.10522e+07,8.48712e+06,36.0,36.0,1.10522e+07,8.48711e+06,1296.0
Layer:Site Plan$0$A-DOOR-EXT_WINDOWS,Site Plan$0$A-DOOR-EXT_WINDOWS,186,186,186,2,6,1.10522e+07,8.48703e+06,1.10522e+07,8.48706e+06,32.0,32.0,1.10522e+07,8.48704e+06,1024.0
Layer:Site Plan$0$A-DOOR,Site Plan$0$A-DOOR,186,186,186,2,6,1.10528e+07,8.48576e+06,1.10528e+07,8.48579e+06,32.0,32.0,1.10528e+07,8.48577e+06,1024.0
Layer:Site Plan$0$A-DOOR,Site Plan$0$A-DOOR,186,186,186,2,6,1.10528e+07,8.4855e+06,1.10528e+07,8.48553e+06,32.0,32.0,1.10528e+07,8.48552e+06,1024.0
Layer:Site Plan$0$A-DOOR,Site Plan$0$A-DOOR,186,186,186,2,6,1.10528e+07,8.48523e+06,1.10528e+07,8.48526e+06,32.0,32.0,1.10528e+07,8.48524e+06,1024.0
Layer:Site Plan$0$A-DOOR,Site Plan$0$A-DOOR,186,186,186,2,6,1.10528e+07,8.48617e+06,1.10528e+07,8.4862e+06,32.0,32.0,1.10528e+07,8.48619e+06,1024.0
Layer:Site Plan$0$A-DOOR,Site Plan$0$A-DOOR,186,186,186,2,6,1.10528e+07,8.48643e+06,1.10528e+07,8.48646e+06,32.0,32.0,1.10528e+07,8.48644e+06,1024.0
Layer:Site Plan$0$A-DOOR,Site Plan$0$A-DOOR,186,186,186,2,6,1.10528e+07,8.4867e+06,1.10528e+07,8.48673e+06,32.0,32.0,1.10528e+07,8.48672e+06,1024.0
Layer:Site Plan$0$A-HVAC-EXT,Site Plan$0$A-HVAC-EXT,186,186,186,22,60,1.10522e+07,8.48526e+06,1.10523e+07,8.48529e+06,36.0,36.0,1.10522e+07,8.48527e+06,1296.0
Layer:Site Plan$0$A-DOOR-EXT_WINDOWS,Site Plan$0$A-DOOR-EXT_WINDOWS,186,186,186,2,6,1.10522e+07,8.4852e+06,1.10522e+07,8.48523e+06,32.0,32.0,1.10522e+07,8.48521e+06,1024.0
Layer:Site Plan$0$A-DOOR-EXT_WINDOWS,Site Plan$0$A-DOOR-EXT_WINDOWS,186,186,186,2,6,1.10522e+07,8.48559e+06,1.10522e+07,8.48562e+06,32.0,32.0,1.10522e+07,8.4856e+06,1024.0
Layer:Site Plan$0$A-HVAC-EXT,Site Plan$0$A-HVAC-EXT,186,186,186,22,60,1.10521e+07,8.48565e+06,1.10522e+07,8.48569e+06,36.0,36.0,1.10522e+07,8.48567e+06,1296.0
Layer:Site Plan$0$A-HVAC-EXT,Site Plan$0$A-HVAC-EXT,186,186,186,22,60,1.10521e+07,8.48574e+06,1.10522e+07,8.48577e+06,36.0,36.0,1.10522e+07,8.48575e+06,1296.0
Layer:Site Plan$0$A-DOOR-EXT_WINDOWS,Site Plan$0$A-DOOR-EXT_WINDOWS,186,186,186,2,6,1.10522e+07,8.4858e+06,1.10522e+07,8.48584e+06,32.0,32.0,1.10522e+07,8.48582e+06,1024.0
Layer:Site Plan$0$A-HVAC-EXT,Site Plan$0$A-HVAC-EXT,186,186,186,22,60,1.10521e+07,8.48618e+06,1.10522e+07,8.48622e+06,36.0,36.0,1.10522e+07,8.4862e+06,1296.0
Layer:Site Plan$0$A-DOOR-EXT_WINDOWS,Site Plan$0$A-DOOR-EXT_WINDOWS,186,186,186,2,6,1.10522e+07,8.48611e+06,1.10522e+07,8.48615e+06,32.0,32.0,1.10522e+07,8.48613e+06,1024.0
Layer:Site Plan$0$A-DOOR-EXT_WINDOWS,Site Plan$0$A-DOOR-EXT_WINDOWS,186,186,186,2,6,1.10522e+07,8.48633e+06,1.10522e+07,8.48636e+06,32.0,32.0,1.10522e+07,8.48635e+06,1024.0
Layer:Site Plan$0$A-HVAC-EXT,Site Plan$0$A-HVAC-EXT,186,186,186,22,60,1.10521e+07,8.48626e+06,1.10522e+07,8.4863e+06,36.0,36.0,1.10522e+07,8.48628e+06,1296.0
Layer:Site Plan$0$A-HVAC-EXT,Site Plan$0$A-HVAC-EXT,186,186,186,22,60,1.10522e+07,8.48666e+06,1.10522e+07,8.4867e+06,36.0,36.0,1.10522e+07,8.48668e+06,1296.0
Layer:Site Plan$0$A-DOOR-EXT_WINDOWS,Site Plan$0$A-DOOR-EXT_WINDOWS,186,186,186,2,6,1.10522e+07,8.48672e+06,1.10522e+07,8.48676e+06,32.0,32.0,1.10522e+07,8.48674e+06,1024.0
Layer:Site Plan$0$A-DOOR,Site Plan$0$A-DOOR,186,186,186,2,6,1.10512e+07,8.49098e+06,1.10512e+07,8.49101e+06,32.0,32.0,1.10512e+07,8.491e+06,1024.0
Layer:Site Plan$0$A-DOOR,Site Plan$0$A-DOOR,186,186,186,2,6,1.10509e+07,8.49094e+06,1.10509e+07,8.49098e+06,32.0,32.0,1.10509e+07,8.49096e+06,1024.0
Layer:Site Plan$0$A-DOOR,Site Plan$0$A-DOOR,186,186,186,2,6,1.105e+07,8.49089e+06,1.105e+07,8.49092e+06,32.0,32.0,1.105e+07,8.49091e+06,1024.0
Layer:Site Plan$0$A-DOOR,Site Plan$0$A-DOOR,186,186,186,2,6,1.10497e+07,8.49094e+06,1.10497e+07,8.49097e+06,32.0,32.0,1.10497e+07,8.49095e+06,1024.0
Layer:Site Plan$0$A-DOOR,Site Plan$0$A-DOOR,186,186,186,2,6,1.10494e+07,8.49097e+06,1.10495e+07,8.491e+06,32.0,32.0,1.10494e+07,8.49099e+06,1024.0
Layer:Site Plan$0$A-HVAC-EXT,Site Plan$0$A-HVAC-EXT,186,186,186,22,60,1.10511e+07,8.4904e+06,1.10512e+07,8.49044e+06,36.0,36.0,1.10511e+07,8.49042e+06,1296.0
Layer:Site Plan$0$A-DOOR-EXT_WINDOWS,Site Plan$0$A-DOOR-EXT_WINDOWS,186,186,186,2,6,1.10512e+07,8.49038e+06,1.10512e+07,8.49041e+06,32.0,32.0,1.10512e+07,8.4904e+06,1024.0
Layer:Site Plan$0$A-DOOR-EXT_WINDOWS,Site Plan$0$A-DOOR-EXT_WINDOWS,186,186,186,2,6,1.10508e+07,8.49036e+06,1.10508e+07,8.49039e+06,32.0,32.0,1.10508e+07,8.49038e+06,1024.0
Layer:Site Plan$0$A-HVAC-EXT,Site Plan$0$A-HVAC-EXT,186,186,186,22,60,1.10507e+07,8.49034e+06,1.10508e+07,8.49038e+06,36.0,36.0,1.10507e+07,8.49036e+06,1296.0
Layer:Site Plan$0$A-HVAC-EXT,Site Plan$0$A-HVAC-EXT,186,186,186,22,60,1.10507e+07,8.49034e+06,1.10507e+07,8.49038e+06,36.0,36.0,1.10507e+07,8.49036e+06,1296.0
Layer:Site Plan$0$A-DOOR-EXT_WINDOWS,Site Plan$0$A-DOOR-EXT_WINDOWS,186,186,186,2,6,1.10506e+07,8.49036e+06,1.10506e+07,8.49039e+06,32.0,32.0,1.10506e+07,8.49038e+06,1024.0
Layer:Site Plan$0$A-HVAC-EXT,Site Plan$0$A-HVAC-EXT,186,186,186,22,60,1.10502e+07,8.49034e+06,1.10502e+07,8.49037e+06,36.0,36.0,1.10502e+07,8.49035e+06,1296.0
Layer:Site Plan$0$A-DOOR-EXT_WINDOWS,Site Plan$0$A-DOOR-EXT_WINDOWS,186,186,186,2,6,1.10503e+07,8.49036e+06,1.10503e+07,8.4904e+06,32.0,32.0,1.10503e+07,8.49038e+06,1024.0
Layer:Site Plan$0$A-DOOR-EXT_WINDOWS,Site Plan$0$A-DOOR-EXT_WINDOWS,186,186,186,2,6,1.105e+07,8.49036e+06,1.105e+07,8.49039e+06,32.0,32.0,1.105e+07,8.49037e+06,1024.0
Layer:Site Plan$0$A-HVAC-EXT,Site Plan$0$A-HVAC-EXT,186,186,186,22,60,1.10499e+07,8.49033e+06,1.105e+07,8.49037e+06,36.0,36.0,1.10499e+07,8.49035e+06,1296.0
Layer:Site Plan$0$A-DOOR-EXT_WINDOWS,Site Plan$0$A-DOOR-EXT_WINDOWS,186,186,186,2,6,1.10498e+07,8.49035e+06,1.10498e+07,8.49039e+06,32.0,32.0,1.10498e+07,8.49037e+06,1024.0
Layer:Site Plan$0$A-HVAC-EXT,Site Plan$0$A-HVAC-EXT,186,186,186,22,60,1.10499e+07,8.49033e+06,1.10499e+07,8.49037e+06,36.0,36.0,1.10499e+07,8.49035e+06,1296.0
Layer:Site Plan$0$A-HVAC-EXT,Site Plan$0$A-HVAC-EXT,186,186,186,22,60,1.10495e+07,8.49039e+06,1.10495e+07,8.49043e+06,36.0,36.0,1.10495e+07,8.49041e+06,1296.0
Layer:Site Plan$0$A-DOOR-EXT_WINDOWS,Site Plan$0$A-DOOR-EXT_WINDOWS,186,186,186,2,6,1.10494e+07,8.49037e+06,1.10494e+07,8.4904e+06,32.0,32.0,1.10494e+07,8.49038e+06,1024.0
Layer:Site Plan$0$A-DOOR,Site Plan$0$A-DOOR,186,186,186,2,6,1.10502e+07,8.49097e+06,1.10502e+07,8.491e+06,32.0,32.0,1.10502e+07,8.49099e+06,1024.0
Layer:Site Plan$0$A-DOOR,Site Plan$0$A-DOOR,186,186,186,2,6,1.10506e+07,8.49097e+06,1.10507e+07,8.491e+06,32.0,32.0,1.10506e+07,8.49098e+06,1024.0
Layer:Site Plan$0$A-DOOR-EXT_WINDOWS,Site Plan$0$A-DOOR-EXT_WINDOWS,186,186,186,2,6,1.10444e+07,8.48604e+06,1.10444e+07,8.48608e+06,32.0,32.0,1.10444e+07,8.48606e+06,1024.0
Layer:Site Plan$0$A-HVAC-EXT,Site Plan$0$A-HVAC-EXT,186,186,186,92,368,1.1043e+07,8.48593e+06,1.10512e+07,8.48941e+06,8223.0,3482.0,1.10471e+07,8.48767e+06,2.86325e+07
Layer:Site Plan$0$A-DOOR-EXT_WINDOWS,Site Plan$0$A-DOOR-EXT_WINDOWS,186,186,186,2,6,1.10446e+07,8.48605e+06,1.10447e+07,8.48608e+06,32.0,32.0,1.10446e+07,8.48606e+06,1024.0
Layer:Site Plan$0$A-DOOR-EXT_WINDOWS,Site Plan$0$A-DOOR-EXT_WINDOWS,186,186,186,2,6,1.10449e+07,8.48605e+06,1.10449e+07,8.48608e+06,32.0,32.0,1.10449e+07,8.48606e+06,1024.0
Layer:Site Plan$0$A-DOOR-EXT_WINDOWS,Site Plan$0$A-DOOR-EXT_WINDOWS,186,186,186,2,6,1.10451e+07,8.48605e+06,1.10452e+07,8.48608e+06,32.0,32.0,1.10452e+07,8.48607e+06,1024.0
Layer:Site Plan$0$A-DOOR-EXT_WINDOWS,Site Plan$0$A-DOOR-EXT_WINDOWS,186,186,186,2,6,1.1043e+07,8.48604e+06,1.1043e+07,8.48607e+06,32.0,32.0,1.1043e+07,8.48605e+06,1024.0
Layer:Site Plan$0$A-DOOR-EXT_WINDOWS,Site Plan$0$A-DOOR-EXT_WINDOWS,186,186,186,2,6,1.10432e+07,8.48604e+06,1.10433e+07,8.48607e+06,32.0,32.0,1.10433e+07,8.48605e+06,1024.0
Layer:Site Plan$0$A-DOOR-EXT_WINDOWS,Site Plan$0$A-DOOR-EXT_WINDOWS,186,186,186,2,6,1.10435e+07,8.48604e+06,1.10435e+07,8.48607e+06,32.0,32.0,1.10435e+07,8.48606e+06,1024.0
Layer:Site Plan$0$A-DOOR-EXT_WINDOWS,Site Plan$0$A-DOOR-EXT_WINDOWS,186,186,186,2,6,1.10437e+07,8.48604e+06,1.10437e+07,8.48607e+06,32.0,32.0,1.10437e+07,8.48606e+06,1024.0
Layer:Site Plan$0$A-DOOR-EXT_WINDOWS,Site Plan$0$A-DOOR-EXT_WINDOWS,186,186,186,2,6,1.10439e+07,8.48604e+06,1.1044e+07,8.48608e+06,32.0,32.0,1.1044e+07,8.48606e+06,1024.0
Layer:Site Plan$0$A-DOOR-EXT_WINDOWS,Site Plan$0$A-DOOR-EXT_WINDOWS,186,186,186,2,6,1.10456e+07,8.48605e+06,1.10456e+07,8.48609e+06,32.0,32.0,1.10456e+07,8.48607e+06,1024.0
Layer:Site Plan$0$A-DOOR-EXT_WINDOWS,Site Plan$0$A-DOOR-EXT_WINDOWS,186,186,186,2,6,1.10458e+07,8.48605e+06,1.10459e+07,8.48609e+06,32.0,32.0,1.10458e+07,8.48607e+06,1024.0
Layer:Site Plan$0$A-DOOR-EXT_WINDOWS,Site Plan$0$A-DOOR-EXT_WINDOWS,186,186,186,2,6,1.1046e+07,8.48606e+06,1.10461e+07,8.48609e+06,32.0,32.0,1.10461e+07,8.48607e+06,1024.0
Layer:Site Plan$0$A-DOOR-EXT_WINDOWS,Site Plan$0$A-DOOR-EXT_WINDOWS,186,186,186,2,6,1.10463e+07,8.48606e+06,1.10463e+07,8.48609e+06,32.0,32.0,1.10463e+07,8.48607e+06,1024.0
Layer:Site Plan$0$A-DOOR-EXT_WINDOWS,Site Plan$0$A-DOOR-EXT_WINDOWS,186,186,186,2,6,1.10465e+07,8.48606e+06,1.10466e+07,8.48609e+06,32.0,32.0,1.10465e+07,8.48608e+06,1024.0
Layer:Site Plan$0$A-DOOR-EXT_WINDOWS,Site Plan$0$A-DOOR-EXT_WINDOWS,186,186,186,2,6,1.10489e+07,8.48607e+06,1.1049e+07,8.48611e+06,32.0,32.0,1.1049e+07,8.48609e+06,1024.0
Layer:Site Plan$0$A-DOOR-EXT_WINDOWS,Site Plan$0$A-DOOR-EXT_WINDOWS,186,186,186,2,6,1.10492e+07,8.48608e+06,1.10492e+07,8.48611e+06,32.0,32.0,1.10492e+07,8.48609e+06,1024.0
Layer:Site Plan$0$A-DOOR-EXT_WINDOWS,Site Plan$0$A-DOOR-EXT_WINDOWS,186,186,186,2,6,1.10494e+07,8.48608e+06,1.10495e+07,8.48611e+06,32.0,32.0,1.10494e+07,8.48609e+06,1024.0
Layer:Site Plan$0$A-DOOR-EXT_WINDOWS,Site Plan$0$A-DOOR-EXT_WINDOWS,186,186,186,2,6,1.10497e+07,8.48608e+06,1.10497e+07,8.48611e+06,32.0,32.0,1.10497e+07,8.4861e+06,1024.0
Layer:Site Plan$0$A-DOOR-EXT_WINDOWS,Site Plan$0$A-DOOR-EXT_WINDOWS,186,186,186,2,6,1.10476e+07,8.48607e+06,1.10476e+07,8.4861e+06,32.0,32.0,1.10476e+07,8.48608e+06,1024.0
Layer:Site Plan$0$A-DOOR-EXT_WINDOWS,Site Plan$0$A-DOOR-EXT_WINDOWS,186,186,186,2,6,1.10478e+07,8.48607e+06,1.10478e+07,8.4861e+06,32.0,32.0,1.10478e+07,8.48608e+06,1024.0
Layer:Site Plan$0$A-DOOR-EXT_WINDOWS,Site Plan$0$A-DOOR-EXT_WINDOWS,186,186,186,2,6,1.1048e+07,8.48607e+06,1.1048e+07,8.4861e+06,32.0,32.0,1.1048e+07,8.48608e+06,1024.0
Layer:Site Plan$0$A-DOOR-EXT_WINDOWS,Site Plan$0$A-DOOR-EXT_WINDOWS,186,186,186,2,6,1.10483e+07,8.48607e+06,1.10483e+07,8.4861e+06,32.0,32.0,1.10483e+07,8.48609e+06,1024.0
Layer:Site Plan$0$A-DOOR-EXT_WINDOWS,Site Plan$0$A-DOOR-EXT_WINDOWS,186,186,186,2,6,1.10485e+07,8.48607e+06,1.10485e+07,8.4861e+06,32.0,32.0,1.10485e+07,8.48609e+06,1024.0
Layer:Site Plan$0$A-DOOR-EXT_WINDOWS,Site Plan$0$A-DOOR-EXT_WINDOWS,186,186,186,2,6,1.10501e+07,8.48608e+06,1.10502e+07,8.48611e+06,32.0,32.0,1.10502e+07,8.4861e+06,1024.0
Layer:Site Plan$0$A-DOOR-EXT_WINDOWS,Site Plan$0$A-DOOR-EXT_WINDOWS,186,186,186,2,6,1.10504e+07,8.48608e+06,1.10504e+07,8.48612e+06,32.0,32.0,1.10504e+07,8.4861e+06,1024.0
Layer:Site Plan$0$A-DOOR-EXT_WINDOWS,Site Plan$0$A-DOOR-EXT_WINDOWS,186,186,186,2,6,1.10506e+07,8.48608e+06,1.10506e+07,8.48612e+06,32.0,32.0,1.10506e+07,8.4861e+06,1024.0
Layer:Site Plan$0$A-DOOR-EXT_WINDOWS,Site Plan$0$A-DOOR-EXT_WINDOWS,186,186,186,2,6,1.10508e+07,8.48609e+06,1.10509e+07,8.48612e+06,32.0,32.0,1.10509e+07,8.4861e+06,1024.0
Layer:Site Plan$0$A-DOOR-EXT_WINDOWS,Site Plan$0$A-DOOR-EXT_WINDOWS,186,186,186,2,6,1.10511e+07,8.48609e+06,1.10511e+07,8.48612e+06,32.0,32.0,1.10511e+07,8.4861e+06,1024.0
Layer:Site Plan$0$A-DOOR-EXT_WINDOWS,Site Plan$0$A-DOOR-EXT_WINDOWS,186,186,186,2,6,1.10512e+07,8.48631e+06,1.10513e+07,8.48634e+06,32.0,32.0,1.10512e+07,8.48633e+06,1024.0
Layer:Site Plan$0$A-DOOR-EXT_WINDOWS,Site Plan$0$A-DOOR-EXT_WINDOWS,186,186,186,2,6,1.1051e+07,8.48631e+06,1.1051e+07,8.48634e+06,32.0,32.0,1.1051e+07,8.48633e+06,1024.0
Layer:Site Plan$0$A-DOOR-EXT_WINDOWS,Site Plan$0$A-DOOR-EXT_WINDOWS,186,186,186,2,6,1.10508e+07,8.48631e+06,1.10508e+07,8.48634e+06,32.0,32.0,1.10508e+07,8.48633e+06,1024.0
Layer:Site Plan$0$A-DOOR-EXT_WINDOWS,Site Plan$0$A-DOOR-EXT_WINDOWS,186,186,186,2,6,1.10505e+07,8.48631e+06,1.10506e+07,8.48634e+06,32.0,32.0,1.10505e+07,8.48632e+06,1024.0
Layer:Site Plan$0$A-DOOR-EXT_WINDOWS,Site Plan$0$A-DOOR-EXT_WINDOWS,186,186,186,2,6,1.10503e+07,8.48631e+06,1.10503e+07,8.48634e+06,32.0,32.0,1.10503e+07,8.48632e+06,1024.0
Layer:Site Plan$0$A-DOOR-EXT_WINDOWS,Site Plan$0$A-DOOR-EXT_WINDOWS,186,186,186,2,6,1.10498e+07,8.4863e+06,1.10499e+07,8.48634e+06,32.0,32.0,1.10499e+07,8.48632e+06,1024.0
Layer:Site Plan$0$A-DOOR-EXT_WINDOWS,Site Plan$0$A-DOOR-EXT_WINDOWS,186,186,186,2,6,1.10496e+07,8.4863e+06,1.10496e+07,8.48633e+06,32.0,32.0,1.10496e+07,8.48632e+06,1024.0
Layer:Site Plan$0$A-DOOR-EXT_WINDOWS,Site Plan$0$A-DOOR-EXT_WINDOWS,186,186,186,2,6,1.10494e+07,8.4863e+06,1.10494e+07,8.48633e+06,32.0,32.0,1.10494e+07,8.48632e+06,1024.0
Layer:Site Plan$0$A-DOOR-EXT_WINDOWS,Site Plan$0$A-DOOR-EXT_WINDOWS,186,186,186,2,6,1.10491e+07,8.4863e+06,1.10491e+07,8.48633e+06,32.0,32.0,1.10491e+07,8.48632e+06,1024.0
Layer:Site Plan$0$A-DOOR-EXT_WINDOWS,Site Plan$0$A-DOOR-EXT_WINDOWS,186,186,186,2,6,1.10486e+07,8.4863e+06,1.10487e+07,8.48633e+06,32.0,32.0,1.10487e+07,8.48631e+06,1024.0
Layer:Site Plan$0$A-DOOR-EXT_WINDOWS,Site Plan$0$A-DOOR-EXT_WINDOWS,186,186,186,2,6,1.10484e+07,8.48629e+06,1.10484e+07,8.48633e+06,32.0,32.0,1.10484e+07,8.48631e+06,1024.0
Layer:Site Plan$0$A-DOOR-EXT_WINDOWS,Site Plan$0$A-DOOR-EXT_WINDOWS,186,186,186,2,6,1.10482e+07,8.48629e+06,1.10482e+07,8.48632e+06,32.0,32.0,1.10482e+07,8.48631e+06,1024.0
Layer:Site Plan$0$A-DOOR-EXT_WINDOWS,Site Plan$0$A-DOOR-EXT_WINDOWS,186,186,186,2,6,1.10479e+07,8.48629e+06,1.1048e+07,8.48632e+06,32.0,32.0,1.1048e+07,8.48631e+06,1024.0
Layer:Site Plan$0$A-DOOR-EXT_WINDOWS,Site Plan$0$A-DOOR-EXT_WINDOWS,186,186,186,2,6,1.10477e+07,8.48629e+06,1.10478e+07,8.48632e+06,32.0,32.0,1.10477e+07,8.48631e+06,1024.0
Layer:Site Plan$0$A-DOOR-EXT_WINDOWS,Site Plan$0$A-DOOR-EXT_WINDOWS,186,186,186,2,6,1.10467e+07,8.48628e+06,1.10467e+07,8.48632e+06,32.0,32.0,1.10467e+07,8.4863e+06,1024.0
Layer:Site Plan$0$A-DOOR-EXT_WINDOWS,Site Plan$0$A-DOOR-EXT_WINDOWS,186,186,186,2,6,1.10465e+07,8.48628e+06,1.10465e+07,8.48631e+06,32.0,32.0,1.10465e+07,8.4863e+06,1024.0
Layer:Site Plan$0$A-DOOR-EXT_WINDOWS,Site Plan$0$A-DOOR-EXT_WINDOWS,186,186,186,2,6,1.10462e+07,8.48628e+06,1.10463e+07,8.48631e+06,32.0,32.0,1.10463e+07,8.4863e+06,1024.0
Layer:Site Plan$0$A-DOOR-EXT_WINDOWS,Site Plan$0$A-DOOR-EXT_WINDOWS,186,186,186,2,6,1.1046e+07,8.48628e+06,1.1046e+07,8.48631e+06,32.0,32.0,1.1046e+07,8.4863e+06,1024.0
Layer:Site Plan$0$A-DOOR-EXT_WINDOWS,Site Plan$0$A-DOOR-EXT_WINDOWS,186,186,186,2,6,1.10458e+07,8.48628e+06,1.10458e+07,8.48631e+06,32.0,32.0,1.10458e+07,8.48629e+06,1024.0
Layer:Site Plan$0$A-DOOR-EXT_WINDOWS,Site Plan$0$A-DOOR-EXT_WINDOWS,186,186,186,2,6,1.10453e+07,8.48628e+06,1.10453e+07,8.48631e+06,32.0,32.0,1.10453e+07,8.48629e+06,1024.0
Layer:Site Plan$0$A-DOOR-EXT_WINDOWS,Site Plan$0$A-DOOR-EXT_WINDOWS,186,186,186,2,6,1.10451e+07,8.48627e+06,1.10451e+07,8.48631e+06,32.0,32.0,1.10451e+07,8.48629e+06,1024.0
Layer:Site Plan$0$A-DOOR-EXT_WINDOWS,Site Plan$0$A-DOOR-EXT_WINDOWS,186,186,186,2,6,1.10448e+07,8.48627e+06,1.10449e+07,8.4863e+06,32.0,32.0,1.10448e+07,8.48629e+06,1024.0
Layer:Site Plan$0$A-DOOR-EXT_WINDOWS,Site Plan$0$A-DOOR-EXT_WINDOWS,186,186,186,2,6,1.10446e+07,8.48627e+06,1.10446e+07,8.4863e+06,32.0,32.0,1.10446e+07,8.48629e+06,1024.0
Layer:Site Plan$0$A-DOOR-EXT_WINDOWS,Site Plan$0$A-DOOR-EXT_WINDOWS,186,186,186,2,6,1.10441e+07,8.48627e+06,1.10441e+07,8.4863e+06,32.0,32.0,1.10441e+07,8.48628e+06,1024.0
Layer:Site Plan$0$A-DOOR-EXT_WINDOWS,Site Plan$0$A-DOOR-EXT_WINDOWS,186,186,186,2,6,1.10439e+07,8.48627e+06,1.10439e+07,8.4863e+06,32.0,32.0,1.10439e+07,8.48628e+06,1024.0
Layer:Site Plan$0$A-DOOR-EXT_WINDOWS,Site Plan$0$A-DOOR-EXT_WINDOWS,186,186,186,2,6,1.10437e+07,8.48626e+06,1.10437e+07,8.4863e+06,32.0,32.0,1.10437e+07,8.48628e+06,1024.0
Layer:Site Plan$0$A-DOOR-EXT_WINDOWS,Site Plan$0$A-DOOR-EXT_WINDOWS,186,186,186,2,6,1.10434e+07,8.48626e+06,1.10434e+07,8.4863e+06,32.0,32.0,1.10434e+07,8.48628e+06,1024.0
Layer:Site Plan$0$A-DOOR-EXT_WINDOWS,Site Plan$0$A-DOOR-EXT_WINDOWS,186,186,186,2,6,1.10432e+07,8.48626e+06,1.10432e+07,8.48629e+06,32.0,32.0,1.10432e+07,8.48628e+06,1024.0
Layer:Site Plan$0$A-DOOR-EXT_WINDOWS,Site Plan$0$A-DOOR-EXT_WINDOWS,186,186,186,2,6,1.10455e+07,8.48933e+06,1.10456e+07,8.48936e+06,32.0,32.0,1.10455e+07,8.48934e+06,1024.0
Layer:Site Plan$0$A-DOOR-EXT_WINDOWS,Site Plan$0$A-DOOR-EXT_WINDOWS,186,186,186,2,6,1.10455e+07,8.48911e+06,1.10456e+07,8.48914e+06,32.0,32.0,1.10455e+07,8.48912e+06,1024.0
Layer:Site Plan$0$A-DOOR-EXT_WINDOWS,Site Plan$0$A-DOOR-EXT_WINDOWS,186,186,186,2,6,1.10455e+07,8.48877e+06,1.10456e+07,8.4888e+06,32.0,32.0,1.10455e+07,8.48878e+06,1024.0
Layer:Site Plan$0$A-DOOR-EXT_WINDOWS,Site Plan$0$A-DOOR-EXT_WINDOWS,186,186,186,2,6,1.10455e+07,8.48863e+06,1.10456e+07,8.48866e+06,32.0,32.0,1.10455e+07,8.48865e+06,1024.0
Layer:Site Plan$0$A-DOOR-EXT_WINDOWS,Site Plan$0$A-DOOR-EXT_WINDOWS,186,186,186,2,6,1.10455e+07,8.48831e+06,1.10456e+07,8.48834e+06,32.0,32.0,1.10455e+07,8.48832e+06,1024.0
Layer:Site Plan$0$A-DOOR-EXT_WINDOWS,Site Plan$0$A-DOOR-EXT_WINDOWS,186,186,186,2,6,1.10455e+07,8.48819e+06,1.10456e+07,8.48822e+06,32.0,32.0,1.10455e+07,8.48821e+06,1024.0
Layer:Site Plan$0$A-DOOR-EXT_WINDOWS,Site Plan$0$A-DOOR-EXT_WINDOWS,186,186,186,2,6,1.10459e+07,8.48801e+06,1.10459e+07,8.48804e+06,32.0,32.0,1.10459e+07,8.48802e+06,1024.0
Layer:Site Plan$0$A-DOOR-EXT_WINDOWS,Site Plan$0$A-DOOR-EXT_WINDOWS,186,186,186,2,6,1.10459e+07,8.48823e+06,1.10459e+07,8.48826e+06,32.0,32.0,1.10459e+07,8.48825e+06,1024.0
Layer:Site Plan$0$A-DOOR-EXT_WINDOWS,Site Plan$0$A-DOOR-EXT_WINDOWS,186,186,186,2,6,1.10459e+07,8.48857e+06,1.10459e+07,8.4886e+06,32.0,32.0,1.10459e+07,8.48858e+06,1024.0
Layer:Site Plan$0$A-DOOR-EXT_WINDOWS,Site Plan$0$A-DOOR-EXT_WINDOWS,186,186,186,2,6,1.10459e+07,8.4887e+06,1.10459e+07,8.48874e+06,32.0,32.0,1.10459e+07,8.48872e+06,1024.0
Layer:Site Plan$0$A-DOOR-EXT_WINDOWS,Site Plan$0$A-DOOR-EXT_WINDOWS,186,186,186,2,6,1.10459e+07,8.48903e+06,1.10459e+07,8.48906e+06,32.0,32.0,1.10459e+07,8.48904e+06,1024.0
Layer:Site Plan$0$A-DOOR-EXT_WINDOWS,Site Plan$0$A-DOOR-EXT_WINDOWS,186,186,186,2,6,1.10459e+07,8.48914e+06,1.10459e+07,8.48918e+06,32.0,32.0,1.10459e+07,8.48916e+06,1024.0
Layer:Site Plan$0$A-DOOR-EXT_WINDOWS,Site Plan$0$A-DOOR-EXT_WINDOWS,186,186,186,2,6,1.10431e+07,8.48807e+06,1.10431e+07,8.4881e+06,32.0,32.0,1.10431e+07,8.48809e+06,1024.0
Layer:Site Plan$0$A-DOOR-EXT_WINDOWS,Site Plan$0$A-DOOR-EXT_WINDOWS,186,186,186,2,6,1.10431e+07,8.48829e+06,1.10431e+07,8.48833e+06,32.0,32.0,1.10431e+07,8.48831e+06,1024.0
Layer:Site Plan$0$A-DOOR-EXT_WINDOWS,Site Plan$0$A-DOOR-EXT_WINDOWS,186,186,186,2,6,1.10431e+07,8.48863e+06,1.10431e+07,8.48867e+06,32.0,32.0,1.10431e+07,8.48865e+06,1024.0
Layer:Site Plan$0$A-DOOR-EXT_WINDOWS,Site Plan$0$A-DOOR-EXT_WINDOWS,186,186,186,2,6,1.10431e+07,8.48877e+06,1.10431e+07,8.4888e+06,32.0,32.0,1.10431e+07,8.48878e+06,1024.0
Layer:Site Plan$0$A-DOOR-EXT_WINDOWS,Site Plan$0$A-DOOR-EXT_WINDOWS,186,186,186,2,6,1.10431e+07,8.48909e+06,1.10431e+07,8.48912e+06,32.0,32.0,1.10431e+07,8.48911e+06,1024.0
Layer:Site Plan$0$A-DOOR-EXT_WINDOWS,Site Plan$0$A-DOOR-EXT_WINDOWS,186,186,186,2,6,1.10431e+07,8.48921e+06,1.10431e+07,8.48924e+06,32.0,32.0,1.10431e+07,8.48922e+06,1024.0
Layer:Site Plan$0$A-DOOR-EXT_WINDOWS,Site Plan$0$A-DOOR-EXT_WINDOWS,186,186,186,2,6,1.10483e+07,8.48926e+06,1.10483e+07,8.4893e+06,32.0,32.0,1.10483e+07,8.48928e+06,1024.0
Layer:Site Plan$0$A-DOOR-EXT_WINDOWS,Site Plan$0$A-DOOR-EXT_WINDOWS,186,186,186,2,6,1.10483e+07,8.48904e+06,1.10483e+07,8.48907e+06,32.0,32.0,1.10483e+07,8.48906e+06,1024.0
Layer:Site Plan$0$A-DOOR-EXT_WINDOWS,Site Plan$0$A-DOOR-EXT_WINDOWS,186,186,186,2,6,1.10483e+07,8.4887e+06,1.10483e+07,8.48873e+06,32.0,32.0,1.10483e+07,8.48872e+06,1024.0
Layer:Site Plan$0$A-DOOR-EXT_WINDOWS,Site Plan$0$A-DOOR-EXT_WINDOWS,186,186,186,2,6,1.10483e+07,8.48857e+06,1.10483e+07,8.4886e+06,32.0,32.0,1.10483e+07,8.48858e+06,1024.0
Layer:Site Plan$0$A-DOOR-EXT_WINDOWS,Site Plan$0$A-DOOR-EXT_WINDOWS,186,186,186,2,6,1.10483e+07,8.48824e+06,1.10483e+07,8.48828e+06,32.0,32.0,1.10483e+07,8.48826e+06,1024.0
Layer:Site Plan$0$A-DOOR-EXT_WINDOWS,Site Plan$0$A-DOOR-EXT_WINDOWS,186,186,186,2,6,1.10483e+07,8.48813e+06,1.10483e+07,8.48816e+06,32.0,32.0,1.10483e+07,8.48814e+06,1024.0
Layer:Site Plan$0$A-DOOR-EXT_WINDOWS,Site Plan$0$A-DOOR-EXT_WINDOWS,186,186,186,2,6,1.10486e+07,8.48811e+06,1.10487e+07,8.48814e+06,32.0,32.0,1.10487e+07,8.48813e+06,1024.0
Layer:Site Plan$0$A-DOOR-EXT_WINDOWS,Site Plan$0$A-DOOR-EXT_WINDOWS,186,186,186,2,6,1.10486e+07,8.48834e+06,1.10487e+07,8.48837e+06,32.0,32.0,1.10486e+07,8.48835e+06,1024.0
Layer:Site Plan$0$A-DOOR-EXT_WINDOWS,Site Plan$0$A-DOOR-EXT_WINDOWS,186,186,186,2,6,1.10486e+07,8.48868e+06,1.10487e+07,8.48871e+06,32.0,32.0,1.10486e+07,8.48869e+06,1024.0
Layer:Site Plan$0$A-DOOR-EXT_WINDOWS,Site Plan$0$A-DOOR-EXT_WINDOWS,186,186,186,2,6,1.10486e+07,8.48881e+06,1.10487e+07,8.48884e+06,32.0,32.0,1.10486e+07,8.48882e+06,1024.0
Layer:Site Plan$0$A-DOOR-EXT_WINDOWS,Site Plan$0$A-DOOR-EXT_WINDOWS,186,186,186,2,6,1.10486e+07,8.48913e+06,1.10487e+07,8.48916e+06,32.0,32.0,1.10486e+07,8.48915e+06,1024.0
Layer:Site Plan$0$A-DOOR-EXT_WINDOWS,Site Plan$0$A-DOOR-EXT_WINDOWS,186,186,186,2,6,1.10486e+07,8.48925e+06,1.10487e+07,8.48928e+06,32.0,32.0,1.10486e+07,8.48926e+06,1024.0
Layer:Site Plan$0$A-DOOR-EXT_WINDOWS,Site Plan$0$A-DOOR-EXT_WINDOWS,186,186,186,2,6,1.1051e+07,8.48937e+06,1.10511e+07,8.4894e+06,32.0,32.0,1.10511e+07,8.48939e+06,1024.0
Layer:Site Plan$0$A-DOOR-EXT_WINDOWS,Site Plan$0$A-DOOR-EXT_WINDOWS,186,186,186,2,6,1.1051e+07,8.48915e+06,1.10511e+07,8.48918e+06,32.0,32.0,1.10511e+07,8.48916e+06,1024.0
Layer:Site Plan$0$A-DOOR-EXT_WINDOWS,Site Plan$0$A-DOOR-EXT_WINDOWS,186,186,186,2,6,1.1051e+07,8.48881e+06,1.10511e+07,8.48884e+06,32.0,32.0,1.10511e+07,8.48882e+06,1024.0
Layer:Site Plan$0$A-DOOR-EXT_WINDOWS,Site Plan$0$A-DOOR-EXT_WINDOWS,186,186,186,2,6,1.1051e+07,8.48868e+06,1.10511e+07,8.48871e+06,32.0,32.0,1.10511e+07,8.48869e+06,1024.0
Layer:Site Plan$0$A-DOOR-EXT_WINDOWS,Site Plan$0$A-DOOR-EXT_WINDOWS,186,186,186,2,6,1.1051e+07,8.48835e+06,1.10511e+07,8.48838e+06,32.0,32.0,1.10511e+07,8.48837e+06,1024.0
Layer:Site Plan$0$A-DOOR-EXT_WINDOWS,Site Plan$0$A-DOOR-EXT_WINDOWS,186,186,186,2,6,1.10511e+07,8.48823e+06,1.10511e+07,8.48827e+06,32.0,32.0,1.10511e+07,8.48825e+06,1024.0
Layer:Site Plan$0$SP-PARKING DESIGNATION,Site Plan$0$SP-PARKING DESIGNATION,220,220,220,276,1104,1.10422e+07,8.48506e+06,1.1052e+07,8.49091e+06,9818.0,5845.0,1.10471e+07,8.48799e+06,5.73862e+07
Layer:Site Plan$0$-PKG COUNT-RESIDENT,Site Plan$0$-PKG COUNT-RESIDENT,0,0,255,184,736,1.1043e+07,8.48517e+06,1.10512e+07,8.48939e+06,8183.0,4223.0,1.10471e+07,8.48728e+06,3.45568e+07
Layer:Site Plan$0$-PKG COUNT-EV,Site Plan$0$-PKG COUNT-EV,0,165,0,1,4,1.1051e+07,8.48786e+06,1.1051e+07,8.48787e+06,12.0,12.0,1.1051e+07,8.48786e+06,144.0
Layer:Site Plan$0$-PKG COUNT-HC,Site Plan$0$-PKG COUNT-HC,0,41,165,1,4,1.10511e+07,8.48786e+06,1.10511e+07,8.48787e+06,12.0,12.0,1.10511e+07,8.48787e+06,144.0
Layer:Site Plan$0$-PKG COUNT-GUEST,Site Plan$0$-PKG COUNT-GUEST,255,223,127,32,128,1.10427e+07,8.48576e+06,1.10515e+07,8.48972e+06,8792.0,3962.0,1.10471e+07,8.48774e+06,3.48339e+07
Layer:Site Plan$0$-PKG COUNT-EVR,Site Plan$0$-PKG COUNT-EVR,255,0,0,9,36,1.10431e+07,8.48781e+06,1.10509e+07,8.48787e+06,7714.0,60.0,1.1047e+07,8.48784e+06,462840.0
Layer:Site Plan$0$-u-site-amenities,Site Plan$0$-u-site-amenities,0,255,255,15,36,1.10451e+07,8.48783e+06,1.10452e+07,8.48791e+06,116.0,80.0,1.10452e+07,8.48787e+06,9280.0
Layer:Site Plan$0$-u-site-amenities,Site Plan$0$-u-site-amenities,0,255,255,15,36,1.10452e+07,8.48783e+06,1.10454e+07,8.48791e+06,116.0,80.0,1.10453e+07,8.48787e+06,9280.0
Layer:Site Plan$0$-u-site-amenities,Site Plan$0$-u-site-amenities,0,255,255,15,36,1.10454e+07,8.48783e+06,1.10455e+07,8.48791e+06,116.0,80.0,1.10454e+07,8.48787e+06,9280.0
Layer:Site Plan$0$SP-TRELLIS,Site Plan$0$SP-TRELLIS,255,0,255,12,48,1.10427e+07,8.48496e+06,1.1052e+07,8.49114e+06,9325.0,6189.0,1.10474e+07,8.48805e+06,5.77124e+07
Layer:LK-TREE-050M,LK-TREE-050M,255,255,0,1,30,1.10455e+07,8.48793e+06,1.10457e+07,8.48817e+06,228.0,240.0,1.10456e+07,8.48805e+06,54720.0
Layer:LK-TREE-TRNK,LK-TREE-TRNK,165,82,0,2,10,1.10456e+07,8.48804e+06,1.10456e+07,8.48806e+06,18.0,22.0,1.10456e+07,8.48805e+06,396.0
Layer:LK-TREE-050M,LK-TREE-050M,255,255,0,1,30,1.10456e+07,8.48909e+06,1.10458e+07,8.48932e+06,220.0,232.0,1.10457e+07,8.48921e+06,51040.0
Layer:LK-TREE-TRNK,LK-TREE-TRNK,165,82,0,2,10,1.10457e+07,8.48919e+06,1.10457e+07,8.48922e+06,16.0,22.0,1.10457e+07,8.4892e+06,352.0
Layer:x-RL TH4-LP Block$0$LP-SHAR-BRDR-CONT,x-RL TH4-LP Block$0$LP-SHAR-BRDR-CONT,186,186,186,15,68,1.10519e+07,8.48709e+06,1.10529e+07,8.488e+06,998.0,916.0,1.10524e+07,8.48754e+06,914168.0
Layer:x-RL TH4-LP Block$0$LK-SHRB-TRNK,x-RL TH4-LP Block$0$LK-SHRB-TRNK,186,186,186,6,30,1.10529e+07,8.48749e+06,1.10529e+07,8.4875e+06,10.0,10.0,1.10529e+07,8.48749e+06,100.0
Layer:x-RL TH4-LP Block$0$LK-SHRB-TRNK,x-RL TH4-LP Block$0$LK-SHRB-TRNK,186,186,186,6,30,1.10529e+07,8.48752e+06,1.10529e+07,8.48753e+06,10.0,10.0,1.10529e+07,8.48753e+06,100.0
Layer:x-RL TH4-LP Block$0$LK-SHRB-TRNK,x-RL TH4-LP Block$0$LK-SHRB-TRNK,186,186,186,6,30,1.10529e+07,8.48756e+06,1.10529e+07,8.48757e+06,10.0,10.0,1.10529e+07,8.48756e+06,100.0
Layer:x-RL TH4-LP Block$0$LK-SHRB-TRNK,x-RL TH4-LP Block$0$LK-SHRB-TRNK,186,186,186,6,30,1.10529e+07,8.4876e+06,1.10529e+07,8.48761e+06,10.0,10.0,1.10529e+07,8.4876e+06,100.0
Layer:x-RL TH4-LP Block$0$LK-SHRB-TRNK,x-RL TH4-LP Block$0$LK-SHRB-TRNK,186,186,186,2,10,1.10529e+07,8.48794e+06,1.10529e+07,8.48794e+06,2.0,2.0,1.10529e+07,8.48794e+06,4.0
Layer:x-RL TH4-LP Block$0$LK-TREE-TRNK,x-RL TH4-LP Block$0$LK-TREE-TRNK,186,186,186,2,10,1.10529e+07,8.48743e+06,1.10529e+07,8.48744e+06,10.0,14.0,1.10529e+07,8.48744e+06,140.0
Layer:x-RL TH4-LP Block$0$LK-TREE-TRNK,x-RL TH4-LP Block$0$LK-TREE-TRNK,186,186,186,2,10,1.10529e+07,8.48785e+06,1.10529e+07,8.48787e+06,10.0,14.0,1.10529e+07,8.48786e+06,140.0
Layer:x-RL TH4-LP Block$0$L-002,x-RL TH4-LP Block$0$L-002,186,186,186,3,18,1.10521e+07,8.48736e+06,1.10529e+07,8.48773e+06,788.0,362.0,1.10525e+07,8.48755e+06,285256.0
Layer:x-RL TH4-LP Block$0$LK-TREE-TRNK,x-RL TH4-LP Block$0$LK-TREE-TRNK,186,186,186,2,10,1.10529e+07,8.48765e+06,1.10529e+07,8.48766e+06,10.0,14.0,1.10529e+07,8.48766e+06,140.0
Layer:x-RL TH4-LP Block$0$LK-SHRB-TRNK,x-RL TH4-LP Block$0$LK-SHRB-TRNK,186,186,186,2,10,1.10529e+07,8.48715e+06,1.10529e+07,8.48715e+06,2.0,2.0,1.10529e+07,8.48715e+06,4.0
Layer:x-RL TH4-LP Block$0$LK-TREE-TRNK,x-RL TH4-LP Block$0$LK-TREE-TRNK,186,186,186,2,10,1.10529e+07,8.48723e+06,1.10529e+07,8.48724e+06,10.0,14.0,1.10529e+07,8.48724e+06,140.0
Layer:x-RL TH4-LP Block$0$LK-SHRB-035M,x-RL TH4-LP Block$0$LK-SHRB-035M,186,186,186,1,98,1.10519e+07,8.48804e+06,1.10519e+07,8.48806e+06,24.0,24.0,1.10519e+07,8.48805e+06,576.0
Layer:x-RL TH4-LP Block$0$LK-SHRB-035M,x-RL TH4-LP Block$0$LK-SHRB-035M,186,186,186,1,98,1.10519e+07,8.48702e+06,1.10519e+07,8.48704e+06,24.0,24.0,1.10519e+07,8.48703e+06,576.0
Layer:x-RL TH4-LP Block$0$LK-SHRB-035M,x-RL TH4-LP Block$0$LK-SHRB-035M,186,186,186,1,98,1.10522e+07,8.48794e+06,1.10522e+07,8.48796e+06,24.0,24.0,1.10522e+07,8.48795e+06,576.0
Layer:x-RL TH4-LP Block$0$LK-SHRB-035M,x-RL TH4-LP Block$0$LK-SHRB-035M,186,186,186,1,98,1.10522e+07,8.48712e+06,1.10522e+07,8.48715e+06,24.0,24.0,1.10522e+07,8.48713e+06,576.0
Layer:x-RL TH4-LP Block$0$LK-SHRB-TRNK,x-RL TH4-LP Block$0$LK-SHRB-TRNK,186,186,186,2,10,1.1052e+07,8.48728e+06,1.1052e+07,8.48728e+06,2.0,2.0,1.1052e+07,8.48728e+06,4.0
Layer:x-RL TH4-LP Block$0$LK-SHRB-TRNK,x-RL TH4-LP Block$0$LK-SHRB-TRNK,186,186,186,2,10,1.1052e+07,8.48728e+06,1.1052e+07,8.48728e+06,2.0,2.0,1.1052e+07,8.48728e+06,4.0
Layer:x-RL TH4-LP Block$0$LK-SHRB-TRNK,x-RL TH4-LP Block$0$LK-SHRB-TRNK,186,186,186,2,10,1.1052e+07,8.48728e+06,1.1052e+07,8.48728e+06,2.0,2.0,1.1052e+07,8.48728e+06,4.0
Layer:x-RL TH4-LP Block$0$LK-SHRB-TRNK,x-RL TH4-LP Block$0$LK-SHRB-TRNK,186,186,186,2,10,1.10519e+07,8.48728e+06,1.10519e+07,8.48728e+06,2.0,2.0,1.10519e+07,8.48728e+06,4.0
Layer:x-RL TH4-LP Block$0$LK-SHRB-TRNK,x-RL TH4-LP Block$0$LK-SHRB-TRNK,186,186,186,2,10,1.1052e+07,8.4878e+06,1.1052e+07,8.4878e+06,2.0,2.0,1.1052e+07,8.4878e+06,4.0
Layer:x-RL TH4-LP Block$0$LK-SHRB-TRNK,x-RL TH4-LP Block$0$LK-SHRB-TRNK,186,186,186,2,10,1.1052e+07,8.4878e+06,1.1052e+07,8.48781e+06,2.0,2.0,1.1052e+07,8.4878e+06,4.0
Layer:x-RL TH4-LP Block$0$LK-SHRB-TRNK,x-RL TH4-LP Block$0$LK-SHRB-TRNK,186,186,186,2,10,1.1052e+07,8.4878e+06,1.1052e+07,8.48781e+06,2.0,2.0,1.1052e+07,8.48781e+06,4.0
Layer:x-RL TH4-LP Block$0$LK-SHRB-TRNK,x-RL TH4-LP Block$0$LK-SHRB-TRNK,186,186,186,2,10,1.10519e+07,8.4878e+06,1.10519e+07,8.48781e+06,2.0,2.0,1.10519e+07,8.4878e+06,4.0
Layer:x-RL TH4-LP Block$0$LK-SHRB-TRNK,x-RL TH4-LP Block$0$LK-SHRB-TRNK,186,186,186,2,10,1.10522e+07,8.48749e+06,1.10522e+07,8.48749e+06,2.0,2.0,1.10522e+07,8.48749e+06,4.0
Layer:x-RL TH4-LP Block$0$LK-SHRB-TRNK,x-RL TH4-LP Block$0$LK-SHRB-TRNK,186,186,186,2,10,1.10522e+07,8.48751e+06,1.10522e+07,8.48751e+06,2.0,2.0,1.10522e+07,8.48751e+06,4.0
Layer:x-RL TH4-LP Block$0$LK-SHRB-TRNK,x-RL TH4-LP Block$0$LK-SHRB-TRNK,186,186,186,2,10,1.10522e+07,8.48753e+06,1.10522e+07,8.48753e+06,2.0,2.0,1.10522e+07,8.48753e+06,4.0
Layer:x-RL TH4-LP Block$0$LK-SHRB-TRNK,x-RL TH4-LP Block$0$LK-SHRB-TRNK,186,186,186,2,10,1.10522e+07,8.48755e+06,1.10522e+07,8.48756e+06,2.0,2.0,1.10522e+07,8.48756e+06,4.0
Layer:x-RL TH4-LP Block$0$LK-SHRB-TRNK,x-RL TH4-LP Block$0$LK-SHRB-TRNK,186,186,186,2,10,1.10522e+07,8.48758e+06,1.10522e+07,8.48758e+06,2.0,2.0,1.10522e+07,8.48758e+06,4.0
Layer:x-RL TH4-LP Block$0$LK-SHRB-TRNK,x-RL TH4-LP Block$0$LK-SHRB-TRNK,186,186,186,2,10,1.10522e+07,8.4876e+06,1.10522e+07,8.4876e+06,2.0,2.0,1.10522e+07,8.4876e+06,4.0
Layer:x-RL TH4-LP Block$0$LK-SHRB-035M,x-RL TH4-LP Block$0$LK-SHRB-035M,186,186,186,1,98,1.10522e+07,8.48796e+06,1.10522e+07,8.48798e+06,24.0,24.0,1.10522e+07,8.48797e+06,576.0
Layer:x-RL TH4-LP Block$0$LK-SHRB-035M,x-RL TH4-LP Block$0$LK-SHRB-035M,186,186,186,1,98,1.10522e+07,8.48798e+06,1.10522e+07,8.488e+06,24.0,24.0,1.10522e+07,8.48799e+06,576.0
Layer:x-RL TH4-LP Block$0$LK-SHRB-035M,x-RL TH4-LP Block$0$LK-SHRB-035M,186,186,186,1,98,1.10522e+07,8.488e+06,1.10522e+07,8.48802e+06,24.0,24.0,1.10522e+07,8.48801e+06,576.0
Layer:x-RL TH4-LP Block$0$LK-SHRB-035M,x-RL TH4-LP Block$0$LK-SHRB-035M,186,186,186,1,98,1.10522e+07,8.488e+06,1.10522e+07,8.48802e+06,24.0,24.0,1.10522e+07,8.48801e+06,576.0
Layer:x-RL TH4-LP Block$0$LK-SHRB-035M,x-RL TH4-LP Block$0$LK-SHRB-035M,186,186,186,1,98,1.10522e+07,8.488e+06,1.10522e+07,8.48802e+06,24.0,24.0,1.10522e+07,8.48801e+06,576.0
Layer:x-RL TH4-LP Block$0$LK-SHRB-035M,x-RL TH4-LP Block$0$LK-SHRB-035M,186,186,186,1,98,1.10522e+07,8.488e+06,1.10522e+07,8.48802e+06,24.0,24.0,1.10522e+07,8.48801e+06,576.0
Layer:x-RL TH4-LP Block$0$LK-SHRB-035M,x-RL TH4-LP Block$0$LK-SHRB-035M,186,186,186,1,98,1.10522e+07,8.488e+06,1.10523e+07,8.48802e+06,24.0,24.0,1.10523e+07,8.48801e+06,576.0
Layer:x-RL TH4-LP Block$0$LK-SHRB-035M,x-RL TH4-LP Block$0$LK-SHRB-035M,186,186,186,1,98,1.10522e+07,8.48798e+06,1.10523e+07,8.488e+06,24.0,24.0,1.10523e+07,8.48799e+06,576.0
Layer:x-RL TH4-LP Block$0$LK-SHRB-035M,x-RL TH4-LP Block$0$LK-SHRB-035M,186,186,186,1,98,1.10522e+07,8.48796e+06,1.10523e+07,8.48798e+06,24.0,24.0,1.10523e+07,8.48797e+06,576.0
Layer:x-RL TH4-LP Block$0$LK-SHRB-035M,x-RL TH4-LP Block$0$LK-SHRB-035M,186,186,186,1,98,1.10519e+07,8.48804e+06,1.1052e+07,8.48806e+06,24.0,24.0,1.10519e+07,8.48805e+06,576.0
Layer:x-RL TH4-LP Block$0$LK-SHRB-035M,x-RL TH4-LP Block$0$LK-SHRB-035M,186,186,186,1,98,1.1052e+07,8.48804e+06,1.1052e+07,8.48806e+06,24.0,24.0,1.1052e+07,8.48805e+06,576.0
Layer:x-RL TH4-LP Block$0$LK-SHRB-035M,x-RL TH4-LP Block$0$LK-SHRB-035M,186,186,186,1,98,1.1052e+07,8.48804e+06,1.1052e+07,8.48806e+06,24.0,24.0,1.1052e+07,8.48805e+06,576.0
Layer:x-RL TH4-LP Block$0$LK-SHRB-035M,x-RL TH4-LP Block$0$LK-SHRB-035M,186,186,186,1,98,1.1052e+07,8.48804e+06,1.1052e+07,8.48806e+06,24.0,24.0,1.1052e+07,8.48805e+06,576.0
Layer:x-RL TH4-LP Block$0$LK-SHRB-035M,x-RL TH4-LP Block$0$LK-SHRB-035M,186,186,186,1,98,1.1052e+07,8.48804e+06,1.10521e+07,8.48806e+06,24.0,24.0,1.1052e+07,8.48805e+06,576.0
Layer:x-RL TH4-LP Block$0$LK-SHRB-035M,x-RL TH4-LP Block$0$LK-SHRB-035M,186,186,186,1,98,1.10521e+07,8.48804e+06,1.10521e+07,8.48806e+06,24.0,24.0,1.10521e+07,8.48805e+06,576.0
Layer:x-RL TH4-LP Block$0$LK-SHRB-035M,x-RL TH4-LP Block$0$LK-SHRB-035M,186,186,186,1,98,1.10521e+07,8.48804e+06,1.10521e+07,8.48806e+06,24.0,24.0,1.10521e+07,8.48805e+06,576.0
Layer:x-RL TH4-LP Block$0$LK-SHRB-035M,x-RL TH4-LP Block$0$LK-SHRB-035M,186,186,186,1,98,1.10519e+07,8.48702e+06,1.1052e+07,8.48704e+06,24.0,24.0,1.1052e+07,8.48703e+06,576.0
Layer:x-RL TH4-LP Block$0$LK-SHRB-035M,x-RL TH4-LP Block$0$LK-SHRB-035M,186,186,186,1,98,1.1052e+07,8.48702e+06,1.1052e+07,8.48704e+06,24.0,24.0,1.1052e+07,8.48703e+06,576.0
Layer:x-RL TH4-LP Block$0$LK-SHRB-035M,x-RL TH4-LP Block$0$LK-SHRB-035M,186,186,186,1,98,1.1052e+07,8.48702e+06,1.1052e+07,8.48704e+06,24.0,24.0,1.1052e+07,8.48703e+06,576.0
Layer:x-RL TH4-LP Block$0$LK-SHRB-035M,x-RL TH4-LP Block$0$LK-SHRB-035M,186,186,186,1,98,1.1052e+07,8.48702e+06,1.1052e+07,8.48704e+06,24.0,24.0,1.1052e+07,8.48703e+06,576.0
Layer:x-RL TH4-LP Block$0$LK-SHRB-035M,x-RL TH4-LP Block$0$LK-SHRB-035M,186,186,186,1,98,1.1052e+07,8.48702e+06,1.10521e+07,8.48704e+06,24.0,24.0,1.1052e+07,8.48703e+06,576.0
Layer:x-RL TH4-LP Block$0$LK-SHRB-035M,x-RL TH4-LP Block$0$LK-SHRB-035M,186,186,186,1,98,1.10521e+07,8.48702e+06,1.10521e+07,8.48704e+06,24.0,24.0,1.10521e+07,8.48703e+06,576.0
Layer:x-RL TH4-LP Block$0$LK-SHRB-035M,x-RL TH4-LP Block$0$LK-SHRB-035M,186,186,186,1,98,1.10521e+07,8.48702e+06,1.10521e+07,8.48704e+06,24.0,24.0,1.10521e+07,8.48703e+06,576.0
Layer:x-RL TH4-LP Block$0$LK-SHRB-035M,x-RL TH4-LP Block$0$LK-SHRB-035M,186,186,186,1,98,1.10522e+07,8.4871e+06,1.10522e+07,8.48713e+06,24.0,24.0,1.10522e+07,8.48712e+06,576.0
Layer:x-RL TH4-LP Block$0$LK-SHRB-035M,x-RL TH4-LP Block$0$LK-SHRB-035M,186,186,186,1,98,1.10522e+07,8.48708e+06,1.10522e+07,8.48711e+06,24.0,24.0,1.10522e+07,8.4871e+06,576.0
Layer:x-RL TH4-LP Block$0$LK-SHRB-035M,x-RL TH4-LP Block$0$LK-SHRB-035M,186,186,186,1,98,1.10522e+07,8.48707e+06,1.10522e+07,8.48709e+06,24.0,24.0,1.10522e+07,8.48708e+06,576.0
Layer:x-RL TH4-LP Block$0$LK-SHRB-035M,x-RL TH4-LP Block$0$LK-SHRB-035M,186,186,186,1,98,1.10522e+07,8.48707e+06,1.10522e+07,8.48709e+06,24.0,24.0,1.10522e+07,8.48708e+06,576.0
Layer:x-RL TH4-LP Block$0$LK-SHRB-035M,x-RL TH4-LP Block$0$LK-SHRB-035M,186,186,186,1,98,1.10522e+07,8.48707e+06,1.10522e+07,8.48709e+06,24.0,24.0,1.10522e+07,8.48708e+06,576.0
Layer:x-RL TH4-LP Block$0$LK-SHRB-035M,x-RL TH4-LP Block$0$LK-SHRB-035M,186,186,186,1,98,1.10522e+07,8.48707e+06,1.10523e+07,8.48709e+06,24.0,24.0,1.10522e+07,8.48708e+06,576.0
Layer:x-RL TH4-LP Block$0$LK-SHRB-035M,x-RL TH4-LP Block$0$LK-SHRB-035M,186,186,186,1,98,1.10523e+07,8.48707e+06,1.10523e+07,8.48709e+06,24.0,24.0,1.10523e+07,8.48708e+06,576.0
Layer:x-RL TH4-LP Block$0$LK-SHRB-035M,x-RL TH4-LP Block$0$LK-SHRB-035M,186,186,186,1,98,1.10523e+07,8.48709e+06,1.10523e+07,8.48711e+06,24.0,24.0,1.10523e+07,8.4871e+06,576.0
Layer:x-RL TH4-LP Block$0$LK-SHRB-035M,x-RL TH4-LP Block$0$LK-SHRB-035M,186,186,186,1,98,1.10523e+07,8.48711e+06,1.10523e+07,8.48713e+06,24.0,24.0,1.10523e+07,8.48712e+06,576.0
Layer:x-RL TH4-LP Block$0$LK-SHRB-TRNK,x-RL TH4-LP Block$0$LK-SHRB-TRNK,186,186,186,2,10,1.10522e+07,8.48754e+06,1.10522e+07,8.48754e+06,2.0,2.0,1.10522e+07,8.48754e+06,4.0
Layer:x-RL TH4-LP Block$0$LK-SHRB-TRNK,x-RL TH4-LP Block$0$LK-SHRB-TRNK,186,186,186,2,10,1.10521e+07,8.48754e+06,1.10521e+07,8.48754e+06,2.0,2.0,1.10521e+07,8.48754e+06,4.0
Layer:x-RL TH5-LP Block$0$LP-SHAR-BRDR-CONT,x-RL TH5-LP Block$0$LP-SHAR-BRDR-CONT,186,186,186,17,81,1.10479e+07,8.4901e+06,1.10491e+07,8.4911e+06,1180.0,1003.0,1.10485e+07,8.4906e+06,1.18354e+06
Layer:x-RL TH5-LP Block$0$LK-TREE-TRNK,x-RL TH5-LP Block$0$LK-TREE-TRNK,186,186,186,2,10,1.10487e+07,8.49106e+06,1.10487e+07,8.49107e+06,14.0,10.0,1.10487e+07,8.49107e+06,140.0
Layer:x-RL TH5-LP Block$0$L-002,x-RL TH5-LP Block$0$L-002,186,186,186,8,47,1.10481e+07,8.4903e+06,1.10488e+07,8.49109e+06,706.0,790.0,1.10484e+07,8.4907e+06,557740.0
Layer:x-RL TH5-LP Block$0$LK-SHRB-TRNK,x-RL TH5-LP Block$0$LK-SHRB-TRNK,186,186,186,2,10,1.10479e+07,8.49103e+06,1.10479e+07,8.49103e+06,2.0,2.0,1.10479e+07,8.49103e+06,4.0
Layer:x-RL TH5-LP Block$0$LK-TREE-TRNK,x-RL TH5-LP Block$0$LK-TREE-TRNK,186,186,186,2,10,1.1048e+07,8.49105e+06,1.1048e+07,8.49107e+06,22.0,22.0,1.1048e+07,8.49106e+06,484.0
Layer:x-RL TH5-LP Block$0$LK-SHRB-TRNK,x-RL TH5-LP Block$0$LK-SHRB-TRNK,186,186,186,2,10,1.1049e+07,8.49105e+06,1.1049e+07,8.49105e+06,2.0,2.0,1.1049e+07,8.49105e+06,4.0
Layer:x-RL TH5-LP Block$0$LK-TREE-TRNK,x-RL TH5-LP Block$0$LK-TREE-TRNK,186,186,186,2,10,1.10489e+07,8.49106e+06,1.10489e+07,8.49109e+06,22.0,22.0,1.10489e+07,8.49108e+06,484.0
Layer:x-RL TH5-LP Block$0$LK-SHRB-TRNK,x-RL TH5-LP Block$0$LK-SHRB-TRNK,186,186,186,6,30,1.10487e+07,8.49104e+06,1.10487e+07,8.49105e+06,10.0,10.0,1.10487e+07,8.49105e+06,100.0
Layer:x-RL TH5-LP Block$0$LK-SHRB-TRNK,x-RL TH5-LP Block$0$LK-SHRB-TRNK,186,186,186,6,30,1.10485e+07,8.49103e+06,1.10485e+07,8.49104e+06,10.0,10.0,1.10485e+07,8.49104e+06,100.0
Layer:x-RL TH5-LP Block$0$LK-TREE-TRNK,x-RL TH5-LP Block$0$LK-TREE-TRNK,186,186,186,2,10,1.10484e+07,8.49105e+06,1.10484e+07,8.49106e+06,14.0,10.0,1.10484e+07,8.49105e+06,140.0
Layer:x-RL TH5-LP Block$0$LK-TREE-TRNK,x-RL TH5-LP Block$0$LK-TREE-TRNK,186,186,186,2,10,1.10482e+07,8.49104e+06,1.10482e+07,8.49105e+06,14.0,10.0,1.10482e+07,8.49105e+06,140.0
Layer:x-RL TH5-LP Block$0$LK-SHRB-035M,x-RL TH5-LP Block$0$LK-SHRB-035M,186,186,186,1,98,1.10487e+07,8.49036e+06,1.10487e+07,8.49038e+06,24.0,24.0,1.10487e+07,8.49037e+06,576.0
Layer:x-RL TH5-LP Block$0$LK-SHRB-035M,x-RL TH5-LP Block$0$LK-SHRB-035M,186,186,186,1,98,1.10483e+07,8.49035e+06,1.10483e+07,8.49038e+06,24.0,24.0,1.10483e+07,8.49036e+06,576.0
Layer:x-RL TH5-LP Block$0$LK-SHRB-035M,x-RL TH5-LP Block$0$LK-SHRB-035M,186,186,186,1,98,1.10478e+07,8.49009e+06,1.10479e+07,8.49012e+06,24.0,24.0,1.10478e+07,8.49011e+06,576.0
Layer:x-RL TH5-LP Block$0$LK-SHRB-035M,x-RL TH5-LP Block$0$LK-SHRB-035M,186,186,186,1,98,1.10491e+07,8.4901e+06,1.10491e+07,8.49013e+06,24.0,24.0,1.10491e+07,8.49012e+06,576.0
Layer:x-RL TH5-LP Block$0$LK-SHRB-TRNK,x-RL TH5-LP Block$0$LK-SHRB-TRNK,186,186,186,2,10,1.10483e+07,8.49026e+06,1.10483e+07,8.49027e+06,2.0,2.0,1.10483e+07,8.49027e+06,4.0
Layer:x-RL TH5-LP Block$0$LK-SHRB-TRNK,x-RL TH5-LP Block$0$LK-SHRB-TRNK,186,186,186,2,10,1.10483e+07,8.49024e+06,1.10483e+07,8.49024e+06,2.0,2.0,1.10483e+07,8.49024e+06,4.0
Layer:x-RL TH5-LP Block$0$LK-SHRB-TRNK,x-RL TH5-LP Block$0$LK-SHRB-TRNK,186,186,186,2,10,1.10483e+07,8.49022e+06,1.10483e+07,8.49022e+06,2.0,2.0,1.10483e+07,8.49022e+06,4.0
Layer:x-RL TH5-LP Block$0$LK-SHRB-TRNK,x-RL TH5-LP Block$0$LK-SHRB-TRNK,186,186,186,2,10,1.10483e+07,8.49019e+06,1.10483e+07,8.49019e+06,2.0,2.0,1.10483e+07,8.49019e+06,4.0
Layer:x-RL TH5-LP Block$0$LK-SHRB-TRNK,x-RL TH5-LP Block$0$LK-SHRB-TRNK,186,186,186,2,10,1.10483e+07,8.49017e+06,1.10483e+07,8.49017e+06,2.0,2.0,1.10483e+07,8.49017e+06,4.0
Layer:x-RL TH5-LP Block$0$LK-SHRB-035M,x-RL TH5-LP Block$0$LK-SHRB-035M,186,186,186,1,98,1.1049e+07,8.49034e+06,1.1049e+07,8.49037e+06,24.0,24.0,1.1049e+07,8.49035e+06,576.0
Layer:x-RL TH5-LP Block$0$LK-SHRB-TRNK,x-RL TH5-LP Block$0$LK-SHRB-TRNK,186,186,186,2,10,1.10489e+07,8.49018e+06,1.10489e+07,8.49019e+06,2.0,2.0,1.10489e+07,8.49019e+06,4.0
Layer:x-RL TH5-LP Block$0$LK-SHRB-TRNK,x-RL TH5-LP Block$0$LK-SHRB-TRNK,186,186,186,2,10,1.10489e+07,8.49016e+06,1.10489e+07,8.49016e+06,2.0,2.0,1.10489e+07,8.49016e+06,4.0
Layer:x-RL TH5-LP Block$0$LK-SHRB-TRNK,x-RL TH5-LP Block$0$LK-SHRB-TRNK,186,186,186,2,10,1.10489e+07,8.49014e+06,1.10489e+07,8.49014e+06,2.0,2.0,1.10489e+07,8.49014e+06,4.0
Layer:x-RL TH5-LP Block$0$LK-SHRB-TRNK,x-RL TH5-LP Block$0$LK-SHRB-TRNK,186,186,186,2,10,1.10489e+07,8.49011e+06,1.10489e+07,8.49012e+06,2.0,2.0,1.10489e+07,8.49011e+06,4.0
Layer:x-RL TH5-LP Block$0$LK-SHRB-TRNK,x-RL TH5-LP Block$0$LK-SHRB-TRNK,186,186,186,2,10,1.10481e+07,8.49018e+06,1.10481e+07,8.49018e+06,2.0,2.0,1.10481e+07,8.49018e+06,4.0
Layer:x-RL TH5-LP Block$0$LK-SHRB-TRNK,x-RL TH5-LP Block$0$LK-SHRB-TRNK,186,186,186,2,10,1.10481e+07,8.49016e+06,1.10481e+07,8.49016e+06,2.0,2.0,1.10481e+07,8.49016e+06,4.0
Layer:x-RL TH5-LP Block$0$LK-SHRB-TRNK,x-RL TH5-LP Block$0$LK-SHRB-TRNK,186,186,186,2,10,1.10481e+07,8.49013e+06,1.10481e+07,8.49013e+06,2.0,2.0,1.10481e+07,8.49013e+06,4.0
Layer:x-RL TH5-LP Block$0$LK-SHRB-TRNK,x-RL TH5-LP Block$0$LK-SHRB-TRNK,186,186,186,2,10,1.10481e+07,8.49011e+06,1.10481e+07,8.49011e+06,2.0,2.0,1.10481e+07,8.49011e+06,4.0
Layer:x-RL TH5-LP Block$0$LK-SHRB-TRNK,x-RL TH5-LP Block$0$LK-SHRB-TRNK,186,186,186,2,10,1.10483e+07,8.49014e+06,1.10483e+07,8.49015e+06,2.0,2.0,1.10483e+07,8.49014e+06,4.0
Layer:x-RL TH5-LP Block$0$LK-SHRB-TRNK,x-RL TH5-LP Block$0$LK-SHRB-TRNK,186,186,186,2,10,1.10483e+07,8.49012e+06,1.10483e+07,8.49012e+06,2.0,2.0,1.10483e+07,8.49012e+06,4.0
Layer:x-RL TH5-LP Block$0$LK-SHRB-035M,x-RL TH5-LP Block$0$LK-SHRB-035M,186,186,186,1,98,1.10486e+07,8.49036e+06,1.10487e+07,8.49038e+06,24.0,24.0,1.10487e+07,8.49037e+06,576.0
Layer:x-RL TH5-LP Block$0$LK-SHRB-035M,x-RL TH5-LP Block$0$LK-SHRB-035M,186,186,186,1,98,1.10486e+07,8.49036e+06,1.10486e+07,8.49038e+06,24.0,24.0,1.10486e+07,8.49037e+06,576.0
Layer:x-RL TH5-LP Block$0$LK-SHRB-035M,x-RL TH5-LP Block$0$LK-SHRB-035M,186,186,186,1,98,1.10486e+07,8.49036e+06,1.10486e+07,8.49038e+06,24.0,24.0,1.10486e+07,8.49037e+06,576.0
Layer:x-RL TH5-LP Block$0$LK-SHRB-035M,x-RL TH5-LP Block$0$LK-SHRB-035M,186,186,186,1,98,1.10486e+07,8.49036e+06,1.10486e+07,8.49038e+06,24.0,24.0,1.10486e+07,8.49037e+06,576.0
Layer:x-RL TH5-LP Block$0$LK-SHRB-035M,x-RL TH5-LP Block$0$LK-SHRB-035M,186,186,186,1,98,1.10486e+07,8.49036e+06,1.10486e+07,8.49038e+06,24.0,24.0,1.10486e+07,8.49037e+06,576.0
Layer:x-RL TH5-LP Block$0$LK-SHRB-035M,x-RL TH5-LP Block$0$LK-SHRB-035M,186,186,186,1,98,1.10485e+07,8.49036e+06,1.10486e+07,8.49038e+06,24.0,24.0,1.10485e+07,8.49037e+06,576.0
Layer:x-RL TH5-LP Block$0$LK-SHRB-035M,x-RL TH5-LP Block$0$LK-SHRB-035M,186,186,186,1,98,1.10483e+07,8.49035e+06,1.10483e+07,8.49038e+06,24.0,24.0,1.10483e+07,8.49036e+06,576.0
Layer:x-RL TH5-LP Block$0$LK-SHRB-035M,x-RL TH5-LP Block$0$LK-SHRB-035M,186,186,186,1,98,1.10483e+07,8.49035e+06,1.10483e+07,8.49038e+06,24.0,24.0,1.10483e+07,8.49036e+06,576.0
Layer:x-RL TH5-LP Block$0$LK-SHRB-035M,x-RL TH5-LP Block$0$LK-SHRB-035M,186,186,186,1,98,1.10483e+07,8.49035e+06,1.10483e+07,8.49037e+06,24.0,24.0,1.10483e+07,8.49036e+06,576.0
Layer:x-RL TH5-LP Block$0$LK-SHRB-035M,x-RL TH5-LP Block$0$LK-SHRB-035M,186,186,186,1,98,1.10478e+07,8.49012e+06,1.10479e+07,8.49014e+06,24.0,24.0,1.10478e+07,8.49013e+06,576.0
Layer:x-RL TH5-LP Block$0$LK-SHRB-035M,x-RL TH5-LP Block$0$LK-SHRB-035M,186,186,186,1,98,1.10478e+07,8.49014e+06,1.10479e+07,8.49016e+06,24.0,24.0,1.10478e+07,8.49015e+06,576.0
Layer:x-RL TH5-LP Block$0$LK-SHRB-035M,x-RL TH5-LP Block$0$LK-SHRB-035M,186,186,186,1,98,1.10478e+07,8.49016e+06,1.10478e+07,8.49018e+06,24.0,24.0,1.10478e+07,8.49017e+06,576.0
Layer:x-RL TH5-LP Block$0$LK-SHRB-035M,x-RL TH5-LP Block$0$LK-SHRB-035M,186,186,186,1,98,1.10478e+07,8.49018e+06,1.10478e+07,8.49021e+06,24.0,24.0,1.10478e+07,8.4902e+06,576.0
Layer:x-RL TH5-LP Block$0$LK-SHRB-035M,x-RL TH5-LP Block$0$LK-SHRB-035M,186,186,186,1,98,1.10478e+07,8.4902e+06,1.10479e+07,8.49023e+06,24.0,24.0,1.10478e+07,8.49022e+06,576.0
Layer:x-RL TH5-LP Block$0$LK-SHRB-035M,x-RL TH5-LP Block$0$LK-SHRB-035M,186,186,186,1,98,1.10478e+07,8.49023e+06,1.10479e+07,8.49025e+06,24.0,24.0,1.10478e+07,8.49024e+06,576.0
Layer:x-RL TH5-LP Block$0$LK-SHRB-035M,x-RL TH5-LP Block$0$LK-SHRB-035M,186,186,186,1,98,1.10478e+07,8.49025e+06,1.10479e+07,8.49027e+06,24.0,24.0,1.10478e+07,8.49026e+06,576.0
Layer:x-RL TH5-LP Block$0$LK-SHRB-035M,x-RL TH5-LP Block$0$LK-SHRB-035M,186,186,186,1,98,1.10478e+07,8.49027e+06,1.10479e+07,8.4903e+06,24.0,24.0,1.10478e+07,8.49028e+06,576.0
Layer:x-RL TH5-LP Block$0$LK-SHRB-035M,x-RL TH5-LP Block$0$LK-SHRB-035M,186,186,186,1,98,1.1049e+07,8.49034e+06,1.10491e+07,8.49037e+06,24.0,24.0,1.1049e+07,8.49035e+06,576.0
Layer:x-RL TH5-LP Block$0$LK-SHRB-035M,x-RL TH5-LP Block$0$LK-SHRB-035M,186,186,186,1,98,1.1049e+07,8.49034e+06,1.10491e+07,8.49037e+06,24.0,24.0,1.10491e+07,8.49035e+06,576.0
Layer:x-RL TH5-LP Block$0$LK-SHRB-035M,x-RL TH5-LP Block$0$LK-SHRB-035M,186,186,186,1,98,1.10491e+07,8.49034e+06,1.10491e+07,8.49037e+06,24.0,24.0,1.10491e+07,8.49035e+06,576.0
Layer:x-RL TH5-LP Block$0$LK-SHRB-035M,x-RL TH5-LP Block$0$LK-SHRB-035M,186,186,186,1,98,1.10491e+07,8.49036e+06,1.10491e+07,8.49039e+06,24.0,24.0,1.10491e+07,8.49037e+06,576.0
Layer:x-RL TH5-LP Block$0$LK-SHRB-035M,x-RL TH5-LP Block$0$LK-SHRB-035M,186,186,186,1,98,1.10491e+07,8.49038e+06,1.10491e+07,8.49041e+06,24.0,24.0,1.10491e+07,8.49039e+06,576.0
Layer:x-RL TH5-LP Block$0$LK-SHRB-035M,x-RL TH5-LP Block$0$LK-SHRB-035M,186,186,186,1,98,1.10491e+07,8.4904e+06,1.10491e+07,8.49043e+06,24.0,24.0,1.10491e+07,8.49041e+06,576.0
Layer:x-RL TH5-LP Block$0$LK-SHRB-035M,x-RL TH5-LP Block$0$LK-SHRB-035M,186,186,186,1,98,1.10491e+07,8.49042e+06,1.10491e+07,8.49045e+06,24.0,24.0,1.10491e+07,8.49043e+06,576.0
Layer:x-RL TH5-LP Block$0$LK-SHRB-035M,x-RL TH5-LP Block$0$LK-SHRB-035M,186,186,186,1,98,1.10491e+07,8.49044e+06,1.10491e+07,8.49047e+06,24.0,24.0,1.10491e+07,8.49045e+06,576.0
Layer:x-RL TH5-LP Block$0$LK-SHRB-035M,x-RL TH5-LP Block$0$LK-SHRB-035M,186,186,186,1,98,1.1049e+07,8.49044e+06,1.10491e+07,8.49047e+06,24.0,24.0,1.10491e+07,8.49046e+06,576.0
Layer:x-RL TH5-LP Block$0$LK-SHRB-035M,x-RL TH5-LP Block$0$LK-SHRB-035M,186,186,186,1,98,1.1049e+07,8.49044e+06,1.1049e+07,8.49047e+06,24.0,24.0,1.1049e+07,8.49046e+06,576.0
Layer:x-RL TH5-LP Block$0$LK-SHRB-035M,x-RL TH5-LP Block$0$LK-SHRB-035M,186,186,186,1,98,1.10491e+07,8.49013e+06,1.10491e+07,8.49015e+06,24.0,24.0,1.10491e+07,8.49014e+06,576.0
Layer:x-RL TH5-LP Block$0$LK-SHRB-035M,x-RL TH5-LP Block$0$LK-SHRB-035M,186,186,186,1,98,1.10491e+07,8.49015e+06,1.10491e+07,8.49017e+06,24.0,24.0,1.10491e+07,8.49016e+06,576.0
Layer:x-RL TH5-LP Block$0$LK-SHRB-035M,x-RL TH5-LP Block$0$LK-SHRB-035M,186,186,186,1,98,1.10491e+07,8.49017e+06,1.10491e+07,8.4902e+06,24.0,24.0,1.10491e+07,8.49018e+06,576.0
Layer:x-RL TH5-LP Block$0$LK-SHRB-035M,x-RL TH5-LP Block$0$LK-SHRB-035M,186,186,186,1,98,1.10491e+07,8.4902e+06,1.10491e+07,8.49022e+06,24.0,24.0,1.10491e+07,8.49021e+06,576.0
Layer:x-RL TH5-LP Block$0$LK-SHRB-035M,x-RL TH5-LP Block$0$LK-SHRB-035M,186,186,186,1,98,1.10491e+07,8.49022e+06,1.10491e+07,8.49024e+06,24.0,24.0,1.10491e+07,8.49023e+06,576.0
Layer:x-RL TH5-LP Block$0$LK-SHRB-035M,x-RL TH5-LP Block$0$LK-SHRB-035M,186,186,186,1,98,1.10491e+07,8.49024e+06,1.10491e+07,8.49027e+06,24.0,24.0,1.10491e+07,8.49026e+06,576.0
Layer:x-RL TH5-LP Block$0$LK-SHRB-035M,x-RL TH5-LP Block$0$LK-SHRB-035M,186,186,186,1,98,1.10491e+07,8.49027e+06,1.10491e+07,8.49029e+06,24.0,24.0,1.10491e+07,8.49028e+06,576.0
Layer:x-RL TH5-LP Block$0$LK-SHRB-035M,x-RL TH5-LP Block$0$LK-SHRB-035M,186,186,186,1,98,1.10479e+07,8.49035e+06,1.1048e+07,8.49037e+06,24.0,24.0,1.10479e+07,8.49036e+06,576.0
Layer:x-RL TH5-LP Block$0$LK-SHRB-035M,x-RL TH5-LP Block$0$LK-SHRB-035M,186,186,186,1,98,1.10479e+07,8.49035e+06,1.10479e+07,8.49037e+06,24.0,24.0,1.10479e+07,8.49036e+06,576.0
Layer:x-RL TH5-LP Block$0$LK-SHRB-035M,x-RL TH5-LP Block$0$LK-SHRB-035M,186,186,186,1,98,1.10479e+07,8.49035e+06,1.10479e+07,8.49037e+06,24.0,24.0,1.10479e+07,8.49036e+06,576.0
Layer:x-RL TH5-LP Block$0$LK-SHRB-035M,x-RL TH5-LP Block$0$LK-SHRB-035M,186,186,186,1,98,1.10479e+07,8.49035e+06,1.10479e+07,8.49037e+06,24.0,24.0,1.10479e+07,8.49036e+06,576.0
Layer:x-RL TH5-LP Block$0$LK-SHRB-035M,x-RL TH5-LP Block$0$LK-SHRB-035M,186,186,186,1,98,1.10479e+07,8.49037e+06,1.10479e+07,8.49039e+06,24.0,24.0,1.10479e+07,8.49038e+06,576.0
Layer:x-RL TH5-LP Block$0$LK-SHRB-035M,x-RL TH5-LP Block$0$LK-SHRB-035M,186,186,186,1,98,1.10479e+07,8.49039e+06,1.10479e+07,8.49041e+06,24.0,24.0,1.10479e+07,8.4904e+06,576.0
Layer:x-RL TH5-LP Block$0$LK-SHRB-035M,x-RL TH5-LP Block$0$LK-SHRB-035M,186,186,186,1,98,1.10479e+07,8.49041e+06,1.10479e+07,8.49044e+06,24.0,24.0,1.10479e+07,8.49042e+06,576.0
Layer:x-RL TH5-LP Block$0$LK-SHRB-035M,x-RL TH5-LP Block$0$LK-SHRB-035M,186,186,186,1,98,1.10479e+07,8.49043e+06,1.10479e+07,8.49046e+06,24.0,24.0,1.10479e+07,8.49044e+06,576.0
Layer:x-RL TH5-LP Block$0$LK-SHRB-035M,x-RL TH5-LP Block$0$LK-SHRB-035M,186,186,186,1,98,1.10479e+07,8.49043e+06,1.10479e+07,8.49046e+06,24.0,24.0,1.10479e+07,8.49044e+06,576.0
Layer:x-RL TH5-LP Block$0$LK-SHRB-035M,x-RL TH5-LP Block$0$LK-SHRB-035M,186,186,186,1,98,1.10479e+07,8.49043e+06,1.10479e+07,8.49046e+06,24.0,24.0,1.10479e+07,8.49044e+06,576.0
Layer:x-RL TH6-LP Block$0$LP-SHAR-BRDR-CONT,x-RL TH6-LP Block$0$LP-SHAR-BRDR-CONT,186,186,186,23,104,1.10519e+07,8.48526e+06,1.10529e+07,8.4867e+06,1012.0,1444.0,1.10524e+07,8.48598e+06,1.46133e+06
Layer:x-RL TH6-LP Block$0$LK-SHRB-TRNK,x-RL TH6-LP Block$0$LK-SHRB-TRNK,186,186,186,6,30,1.10529e+07,8.48592e+06,1.10529e+07,8.48593e+06,10.0,10.0,1.10529e+07,8.48592e+06,100.0
Layer:x-RL TH6-LP Block$0$LK-SHRB-TRNK,x-RL TH6-LP Block$0$LK-SHRB-TRNK,186,186,186,6,30,1.10529e+07,8.48596e+06,1.10529e+07,8.48596e+06,10.0,10.0,1.10529e+07,8.48596e+06,100.0
Layer:x-RL TH6-LP Block$0$LK-SHRB-TRNK,x-RL TH6-LP Block$0$LK-SHRB-TRNK,186,186,186,6,30,1.10529e+07,8.48599e+06,1.10529e+07,8.486e+06,10.0,10.0,1.10529e+07,8.486e+06,100.0
Layer:x-RL TH6-LP Block$0$LK-SHRB-TRNK,x-RL TH6-LP Block$0$LK-SHRB-TRNK,186,186,186,6,30,1.10529e+07,8.48603e+06,1.10529e+07,8.48604e+06,10.0,10.0,1.10529e+07,8.48603e+06,100.0
Layer:x-RL TH6-LP Block$0$LK-SHRB-TRNK,x-RL TH6-LP Block$0$LK-SHRB-TRNK,186,186,186,2,10,1.10529e+07,8.48664e+06,1.10529e+07,8.48664e+06,2.0,2.0,1.10529e+07,8.48664e+06,4.0
Layer:x-RL TH6-LP Block$0$LK-TREE-TRNK,x-RL TH6-LP Block$0$LK-TREE-TRNK,186,186,186,2,10,1.10529e+07,8.48586e+06,1.10529e+07,8.48588e+06,10.0,14.0,1.10529e+07,8.48587e+06,140.0
Layer:x-RL TH6-LP Block$0$L-002,x-RL TH6-LP Block$0$L-002,186,186,186,6,42,1.10521e+07,8.48553e+06,1.10529e+07,8.48642e+06,804.0,890.0,1.10525e+07,8.48598e+06,715560.0
Layer:x-RL TH6-LP Block$0$LK-TREE-TRNK,x-RL TH6-LP Block$0$LK-TREE-TRNK,186,186,186,2,10,1.10529e+07,8.48608e+06,1.10529e+07,8.4861e+06,10.0,14.0,1.10529e+07,8.48609e+06,140.0
Layer:x-RL TH6-LP Block$0$LK-SHRB-TRNK,x-RL TH6-LP Block$0$LK-SHRB-TRNK,186,186,186,2,10,1.10529e+07,8.48532e+06,1.10529e+07,8.48532e+06,2.0,2.0,1.10529e+07,8.48532e+06,4.0
Layer:x-RL TH6-LP Block$0$LK-TREE-TRNK,x-RL TH6-LP Block$0$LK-TREE-TRNK,186,186,186,2,10,1.10529e+07,8.48539e+06,1.10529e+07,8.48541e+06,10.0,14.0,1.10529e+07,8.4854e+06,140.0
Layer:x-RL TH6-LP Block$0$LK-TREE-TRNK,x-RL TH6-LP Block$0$LK-TREE-TRNK,186,186,186,2,10,1.10529e+07,8.4863e+06,1.10529e+07,8.48631e+06,14.0,10.0,1.10529e+07,8.48631e+06,140.0
Layer:x-RL TH6-LP Block$0$LK-TREE-TRNK,x-RL TH6-LP Block$0$LK-TREE-TRNK,186,186,186,2,10,1.10529e+07,8.48565e+06,1.10529e+07,8.48566e+06,14.0,10.0,1.10529e+07,8.48565e+06,140.0
Layer:x-RL TH6-LP Block$0$LK-SHRB-TRNK,x-RL TH6-LP Block$0$LK-SHRB-TRNK,186,186,186,2,10,1.10529e+07,8.48558e+06,1.10529e+07,8.48559e+06,6.0,6.0,1.10529e+07,8.48558e+06,36.0
Layer:x-RL TH6-LP Block$0$LK-SHRB-TRNK,x-RL TH6-LP Block$0$LK-SHRB-TRNK,186,186,186,2,10,1.10529e+07,8.48637e+06,1.10529e+07,8.48638e+06,6.0,6.0,1.10529e+07,8.48638e+06,36.0
Layer:x-RL TH6-LP Block$0$LK-TREE-TRNK,x-RL TH6-LP Block$0$LK-TREE-TRNK,186,186,186,2,10,1.10529e+07,8.48655e+06,1.10529e+07,8.48657e+06,22.0,22.0,1.10529e+07,8.48656e+06,484.0
Layer:x-RL TH6-LP Block$0$LK-SHRB-035M,x-RL TH6-LP Block$0$LK-SHRB-035M,186,186,186,1,98,1.10519e+07,8.48674e+06,1.10519e+07,8.48676e+06,24.0,24.0,1.10519e+07,8.48675e+06,576.0
Layer:x-RL TH6-LP Block$0$LK-SHRB-035M,x-RL TH6-LP Block$0$LK-SHRB-035M,186,186,186,1,98,1.10519e+07,8.48518e+06,1.1052e+07,8.48521e+06,24.0,24.0,1.10519e+07,8.4852e+06,576.0
Layer:x-RL TH6-LP Block$0$LK-SHRB-TRNK,x-RL TH6-LP Block$0$LK-SHRB-TRNK,186,186,186,2,10,1.10521e+07,8.48597e+06,1.10521e+07,8.48598e+06,2.0,2.0,1.10521e+07,8.48597e+06,4.0
Layer:x-RL TH6-LP Block$0$LK-SHRB-TRNK,x-RL TH6-LP Block$0$LK-SHRB-TRNK,186,186,186,2,10,1.10521e+07,8.48597e+06,1.10521e+07,8.48598e+06,2.0,2.0,1.10521e+07,8.48597e+06,4.0
Layer:x-RL TH6-LP Block$0$LK-SHRB-TRNK,x-RL TH6-LP Block$0$LK-SHRB-TRNK,186,186,186,2,10,1.10521e+07,8.48597e+06,1.10521e+07,8.48598e+06,2.0,2.0,1.10521e+07,8.48597e+06,4.0
Layer:x-RL TH6-LP Block$0$LK-SHRB-TRNK,x-RL TH6-LP Block$0$LK-SHRB-TRNK,186,186,186,2,10,1.1052e+07,8.48597e+06,1.1052e+07,8.48597e+06,2.0,2.0,1.1052e+07,8.48597e+06,4.0
Layer:x-RL TH6-LP Block$0$LK-SHRB-TRNK,x-RL TH6-LP Block$0$LK-SHRB-TRNK,186,186,186,2,10,1.1052e+07,8.48597e+06,1.1052e+07,8.48597e+06,2.0,2.0,1.1052e+07,8.48597e+06,4.0
Layer:x-RL TH6-LP Block$0$LK-SHRB-TRNK,x-RL TH6-LP Block$0$LK-SHRB-TRNK,186,186,186,2,10,1.1052e+07,8.48597e+06,1.1052e+07,8.48597e+06,2.0,2.0,1.1052e+07,8.48597e+06,4.0
Layer:x-RL TH6-LP Block$0$LK-SHRB-035M,x-RL TH6-LP Block$0$LK-SHRB-035M,186,186,186,1,98,1.10522e+07,8.48663e+06,1.10522e+07,8.48666e+06,24.0,24.0,1.10522e+07,8.48665e+06,576.0
Layer:x-RL TH6-LP Block$0$LK-SHRB-035M,x-RL TH6-LP Block$0$LK-SHRB-035M,186,186,186,1,98,1.10522e+07,8.48529e+06,1.10522e+07,8.48531e+06,24.0,24.0,1.10522e+07,8.4853e+06,576.0
Layer:x-RL TH6-LP Block$0$LK-SHRB-TRNK,x-RL TH6-LP Block$0$LK-SHRB-TRNK,186,186,186,2,10,1.1052e+07,8.48544e+06,1.1052e+07,8.48544e+06,2.0,2.0,1.1052e+07,8.48544e+06,4.0
Layer:x-RL TH6-LP Block$0$LK-SHRB-TRNK,x-RL TH6-LP Block$0$LK-SHRB-TRNK,186,186,186,2,10,1.1052e+07,8.48544e+06,1.1052e+07,8.48544e+06,2.0,2.0,1.1052e+07,8.48544e+06,4.0
Layer:x-RL TH6-LP Block$0$LK-SHRB-TRNK,x-RL TH6-LP Block$0$LK-SHRB-TRNK,186,186,186,2,10,1.1052e+07,8.48544e+06,1.1052e+07,8.48545e+06,2.0,2.0,1.1052e+07,8.48545e+06,4.0
Layer:x-RL TH6-LP Block$0$LK-SHRB-TRNK,x-RL TH6-LP Block$0$LK-SHRB-TRNK,186,186,186,2,10,1.10519e+07,8.48544e+06,1.10519e+07,8.48545e+06,2.0,2.0,1.10519e+07,8.48545e+06,4.0
Layer:x-RL TH6-LP Block$0$LK-SHRB-TRNK,x-RL TH6-LP Block$0$LK-SHRB-TRNK,186,186,186,2,10,1.1052e+07,8.4865e+06,1.1052e+07,8.4865e+06,2.0,2.0,1.1052e+07,8.4865e+06,4.0
Layer:x-RL TH6-LP Block$0$LK-SHRB-TRNK,x-RL TH6-LP Block$0$LK-SHRB-TRNK,186,186,186,2,10,1.1052e+07,8.4865e+06,1.1052e+07,8.4865e+06,2.0,2.0,1.1052e+07,8.4865e+06,4.0
Layer:x-RL TH6-LP Block$0$LK-SHRB-TRNK,x-RL TH6-LP Block$0$LK-SHRB-TRNK,186,186,186,2,10,1.1052e+07,8.4865e+06,1.1052e+07,8.4865e+06,2.0,2.0,1.1052e+07,8.4865e+06,4.0
Layer:x-RL TH6-LP Block$0$LK-SHRB-TRNK,x-RL TH6-LP Block$0$LK-SHRB-TRNK,186,186,186,2,10,1.10519e+07,8.4865e+06,1.10519e+07,8.4865e+06,2.0,2.0,1.10519e+07,8.4865e+06,4.0
Layer:x-RL TH6-LP Block$0$LK-SHRB-TRNK,x-RL TH6-LP Block$0$LK-SHRB-TRNK,186,186,186,2,10,1.10522e+07,8.48618e+06,1.10522e+07,8.48618e+06,2.0,2.0,1.10522e+07,8.48618e+06,4.0
Layer:x-RL TH6-LP Block$0$LK-SHRB-TRNK,x-RL TH6-LP Block$0$LK-SHRB-TRNK,186,186,186,2,10,1.10522e+07,8.4862e+06,1.10522e+07,8.48621e+06,2.0,2.0,1.10522e+07,8.4862e+06,4.0
Layer:x-RL TH6-LP Block$0$LK-SHRB-TRNK,x-RL TH6-LP Block$0$LK-SHRB-TRNK,186,186,186,2,10,1.10522e+07,8.48623e+06,1.10522e+07,8.48623e+06,2.0,2.0,1.10522e+07,8.48623e+06,4.0
Layer:x-RL TH6-LP Block$0$LK-SHRB-TRNK,x-RL TH6-LP Block$0$LK-SHRB-TRNK,186,186,186,2,10,1.10522e+07,8.48625e+06,1.10522e+07,8.48625e+06,2.0,2.0,1.10522e+07,8.48625e+06,4.0
Layer:x-RL TH6-LP Block$0$LK-SHRB-TRNK,x-RL TH6-LP Block$0$LK-SHRB-TRNK,186,186,186,2,10,1.10522e+07,8.48627e+06,1.10522e+07,8.48628e+06,2.0,2.0,1.10522e+07,8.48628e+06,4.0
Layer:x-RL TH6-LP Block$0$LK-SHRB-TRNK,x-RL TH6-LP Block$0$LK-SHRB-TRNK,186,186,186,2,10,1.10522e+07,8.4863e+06,1.10522e+07,8.4863e+06,2.0,2.0,1.10522e+07,8.4863e+06,4.0
Layer:x-RL TH6-LP Block$0$LK-SHRB-TRNK,x-RL TH6-LP Block$0$LK-SHRB-TRNK,186,186,186,2,10,1.10522e+07,8.48565e+06,1.10522e+07,8.48565e+06,2.0,2.0,1.10522e+07,8.48565e+06,4.0
Layer:x-RL TH6-LP Block$0$LK-SHRB-TRNK,x-RL TH6-LP Block$0$LK-SHRB-TRNK,186,186,186,2,10,1.10522e+07,8.48568e+06,1.10522e+07,8.48568e+06,2.0,2.0,1.10522e+07,8.48568e+06,4.0
Layer:x-RL TH6-LP Block$0$LK-SHRB-TRNK,x-RL TH6-LP Block$0$LK-SHRB-TRNK,186,186,186,2,10,1.10522e+07,8.4857e+06,1.10522e+07,8.4857e+06,2.0,2.0,1.10522e+07,8.4857e+06,4.0
Layer:x-RL TH6-LP Block$0$LK-SHRB-TRNK,x-RL TH6-LP Block$0$LK-SHRB-TRNK,186,186,186,2,10,1.10522e+07,8.48572e+06,1.10522e+07,8.48572e+06,2.0,2.0,1.10522e+07,8.48572e+06,4.0
Layer:x-RL TH6-LP Block$0$LK-SHRB-TRNK,x-RL TH6-LP Block$0$LK-SHRB-TRNK,186,186,186,2,10,1.10522e+07,8.48574e+06,1.10522e+07,8.48575e+06,2.0,2.0,1.10522e+07,8.48574e+06,4.0
Layer:x-RL TH6-LP Block$0$LK-SHRB-TRNK,x-RL TH6-LP Block$0$LK-SHRB-TRNK,186,186,186,2,10,1.10522e+07,8.48577e+06,1.10522e+07,8.48577e+06,2.0,2.0,1.10522e+07,8.48577e+06,4.0
Layer:x-RL TH6-LP Block$0$LK-SHRB-TRNK,x-RL TH6-LP Block$0$LK-SHRB-TRNK,186,186,186,2,10,1.1052e+07,8.48597e+06,1.1052e+07,8.48598e+06,2.0,2.0,1.1052e+07,8.48597e+06,4.0
Layer:x-RL TH6-LP Block$0$LK-SHRB-TRNK,x-RL TH6-LP Block$0$LK-SHRB-TRNK,186,186,186,2,10,1.10519e+07,8.48597e+06,1.10519e+07,8.48598e+06,2.0,2.0,1.10519e+07,8.48597e+06,4.0
Layer:x-RL TH6-LP Block$0$LK-SHRB-035M,x-RL TH6-LP Block$0$LK-SHRB-035M,186,186,186,1,98,1.10522e+07,8.48665e+06,1.10522e+07,8.48668e+06,24.0,24.0,1.10522e+07,8.48666e+06,576.0
Layer:x-RL TH6-LP Block$0$LK-SHRB-035M,x-RL TH6-LP Block$0$LK-SHRB-035M,186,186,186,1,98,1.10522e+07,8.48667e+06,1.10522e+07,8.4867e+06,24.0,24.0,1.10522e+07,8.48668e+06,576.0
Layer:x-RL TH6-LP Block$0$LK-SHRB-035M,x-RL TH6-LP Block$0$LK-SHRB-035M,186,186,186,1,98,1.10522e+07,8.48669e+06,1.10522e+07,8.48672e+06,24.0,24.0,1.10522e+07,8.4867e+06,576.0
Layer:x-RL TH6-LP Block$0$LK-SHRB-035M,x-RL TH6-LP Block$0$LK-SHRB-035M,186,186,186,1,98,1.10522e+07,8.48669e+06,1.10522e+07,8.48672e+06,24.0,24.0,1.10522e+07,8.4867e+06,576.0
Layer:x-RL TH6-LP Block$0$LK-SHRB-035M,x-RL TH6-LP Block$0$LK-SHRB-035M,186,186,186,1,98,1.10522e+07,8.48669e+06,1.10522e+07,8.48672e+06,24.0,24.0,1.10522e+07,8.4867e+06,576.0
Layer:x-RL TH6-LP Block$0$LK-SHRB-035M,x-RL TH6-LP Block$0$LK-SHRB-035M,186,186,186,1,98,1.10522e+07,8.48669e+06,1.10522e+07,8.48672e+06,24.0,24.0,1.10522e+07,8.4867e+06,576.0
Layer:x-RL TH6-LP Block$0$LK-SHRB-035M,x-RL TH6-LP Block$0$LK-SHRB-035M,186,186,186,1,98,1.10522e+07,8.48669e+06,1.10523e+07,8.48672e+06,24.0,24.0,1.10522e+07,8.48671e+06,576.0
Layer:x-RL TH6-LP Block$0$LK-SHRB-035M,x-RL TH6-LP Block$0$LK-SHRB-035M,186,186,186,1,98,1.10523e+07,8.48669e+06,1.10523e+07,8.48672e+06,24.0,24.0,1.10523e+07,8.48671e+06,576.0
Layer:x-RL TH6-LP Block$0$LK-SHRB-035M,x-RL TH6-LP Block$0$LK-SHRB-035M,186,186,186,1,98,1.10523e+07,8.48668e+06,1.10523e+07,8.4867e+06,24.0,24.0,1.10523e+07,8.48669e+06,576.0
Layer:x-RL TH6-LP Block$0$LK-SHRB-035M,x-RL TH6-LP Block$0$LK-SHRB-035M,186,186,186,1,98,1.10523e+07,8.48666e+06,1.10523e+07,8.48668e+06,24.0,24.0,1.10523e+07,8.48667e+06,576.0
Layer:x-RL TH6-LP Block$0$LK-SHRB-035M,x-RL TH6-LP Block$0$LK-SHRB-035M,186,186,186,1,98,1.10519e+07,8.48674e+06,1.1052e+07,8.48676e+06,24.0,24.0,1.1052e+07,8.48675e+06,576.0
Layer:x-RL TH6-LP Block$0$LK-SHRB-035M,x-RL TH6-LP Block$0$LK-SHRB-035M,186,186,186,1,98,1.1052e+07,8.48673e+06,1.1052e+07,8.48676e+06,24.0,24.0,1.1052e+07,8.48675e+06,576.0
Layer:x-RL TH6-LP Block$0$LK-SHRB-035M,x-RL TH6-LP Block$0$LK-SHRB-035M,186,186,186,1,98,1.1052e+07,8.48673e+06,1.1052e+07,8.48676e+06,24.0,24.0,1.1052e+07,8.48675e+06,576.0
Layer:x-RL TH6-LP Block$0$LK-SHRB-035M,x-RL TH6-LP Block$0$LK-SHRB-035M,186,186,186,1,98,1.1052e+07,8.48673e+06,1.1052e+07,8.48676e+06,24.0,24.0,1.1052e+07,8.48675e+06,576.0
Layer:x-RL TH6-LP Block$0$LK-SHRB-035M,x-RL TH6-LP Block$0$LK-SHRB-035M,186,186,186,1,98,1.1052e+07,8.48674e+06,1.10521e+07,8.48676e+06,24.0,24.0,1.10521e+07,8.48675e+06,576.0
Layer:x-RL TH6-LP Block$0$LK-SHRB-035M,x-RL TH6-LP Block$0$LK-SHRB-035M,186,186,186,1,98,1.10521e+07,8.48674e+06,1.10521e+07,8.48676e+06,24.0,24.0,1.10521e+07,8.48675e+06,576.0
Layer:x-RL TH6-LP Block$0$LK-SHRB-035M,x-RL TH6-LP Block$0$LK-SHRB-035M,186,186,186,1,98,1.10521e+07,8.48674e+06,1.10521e+07,8.48676e+06,24.0,24.0,1.10521e+07,8.48675e+06,576.0
Layer:x-RL TH6-LP Block$0$LK-SHRB-035M,x-RL TH6-LP Block$0$LK-SHRB-035M,186,186,186,1,98,1.10522e+07,8.48527e+06,1.10522e+07,8.4853e+06,24.0,24.0,1.10522e+07,8.48528e+06,576.0
Layer:x-RL TH6-LP Block$0$LK-SHRB-035M,x-RL TH6-LP Block$0$LK-SHRB-035M,186,186,186,1,98,1.10522e+07,8.48525e+06,1.10522e+07,8.48528e+06,24.0,24.0,1.10522e+07,8.48526e+06,576.0
Layer:x-RL TH6-LP Block$0$LK-SHRB-035M,x-RL TH6-LP Block$0$LK-SHRB-035M,186,186,186,1,98,1.10522e+07,8.48523e+06,1.10522e+07,8.48526e+06,24.0,24.0,1.10522e+07,8.48525e+06,576.0
Layer:x-RL TH6-LP Block$0$LK-SHRB-035M,x-RL TH6-LP Block$0$LK-SHRB-035M,186,186,186,1,98,1.10522e+07,8.48524e+06,1.10522e+07,8.48526e+06,24.0,24.0,1.10522e+07,8.48525e+06,576.0
Layer:x-RL TH6-LP Block$0$LK-SHRB-035M,x-RL TH6-LP Block$0$LK-SHRB-035M,186,186,186,1,98,1.10522e+07,8.48524e+06,1.10522e+07,8.48526e+06,24.0,24.0,1.10522e+07,8.48525e+06,576.0
Layer:x-RL TH6-LP Block$0$LK-SHRB-035M,x-RL TH6-LP Block$0$LK-SHRB-035M,186,186,186,1,98,1.10522e+07,8.48524e+06,1.10523e+07,8.48526e+06,24.0,24.0,1.10522e+07,8.48525e+06,576.0
Layer:x-RL TH6-LP Block$0$LK-SHRB-035M,x-RL TH6-LP Block$0$LK-SHRB-035M,186,186,186,1,98,1.10522e+07,8.48524e+06,1.10523e+07,8.48526e+06,24.0,24.0,1.10523e+07,8.48525e+06,576.0
Layer:x-RL TH6-LP Block$0$LK-SHRB-035M,x-RL TH6-LP Block$0$LK-SHRB-035M,186,186,186,1,98,1.10523e+07,8.48524e+06,1.10523e+07,8.48526e+06,24.0,24.0,1.10523e+07,8.48525e+06,576.0
Layer:x-RL TH6-LP Block$0$LK-SHRB-035M,x-RL TH6-LP Block$0$LK-SHRB-035M,186,186,186,1,98,1.10523e+07,8.48526e+06,1.10523e+07,8.48528e+06,24.0,24.0,1.10523e+07,8.48527e+06,576.0
Layer:x-RL TH6-LP Block$0$LK-SHRB-035M,x-RL TH6-LP Block$0$LK-SHRB-035M,186,186,186,1,98,1.10523e+07,8.48528e+06,1.10523e+07,8.4853e+06,24.0,24.0,1.10523e+07,8.48529e+06,576.0
Layer:x-RL TH6-LP Block$0$LK-SHRB-035M,x-RL TH6-LP Block$0$LK-SHRB-035M,186,186,186,1,98,1.1052e+07,8.48518e+06,1.1052e+07,8.48521e+06,24.0,24.0,1.1052e+07,8.4852e+06,576.0
Layer:x-RL TH6-LP Block$0$LK-SHRB-035M,x-RL TH6-LP Block$0$LK-SHRB-035M,186,186,186,1,98,1.1052e+07,8.48518e+06,1.1052e+07,8.48521e+06,24.0,24.0,1.1052e+07,8.4852e+06,576.0
Layer:x-RL TH6-LP Block$0$LK-SHRB-035M,x-RL TH6-LP Block$0$LK-SHRB-035M,186,186,186,1,98,1.1052e+07,8.48518e+06,1.1052e+07,8.48521e+06,24.0,24.0,1.1052e+07,8.4852e+06,576.0
Layer:x-RL TH6-LP Block$0$LK-SHRB-035M,x-RL TH6-LP Block$0$LK-SHRB-035M,186,186,186,1,98,1.1052e+07,8.48518e+06,1.10521e+07,8.48521e+06,24.0,24.0,1.1052e+07,8.4852e+06,576.0
Layer:x-RL TH6-LP Block$0$LK-SHRB-035M,x-RL TH6-LP Block$0$LK-SHRB-035M,186,186,186,1,98,1.1052e+07,8.48519e+06,1.10521e+07,8.48521e+06,24.0,24.0,1.10521e+07,8.4852e+06,576.0
Layer:x-RL TH6-LP Block$0$LK-SHRB-035M,x-RL TH6-LP Block$0$LK-SHRB-035M,186,186,186,1,98,1.10521e+07,8.48519e+06,1.10521e+07,8.48521e+06,24.0,24.0,1.10521e+07,8.4852e+06,576.0
Layer:x-RL TH6-LP Block$0$LK-SHRB-035M,x-RL TH6-LP Block$0$LK-SHRB-035M,186,186,186,1,98,1.10521e+07,8.48519e+06,1.10521e+07,8.48521e+06,24.0,24.0,1.10521e+07,8.4852e+06,576.0
Layer:x-RL TH7-LP Block$0$LP-SHAR-BRDR-CONT,x-RL TH7-LP Block$0$LP-SHAR-BRDR-CONT,186,186,186,24,113,1.10495e+07,8.49011e+06,1.10512e+07,8.49111e+06,1708.0,1006.0,1.10503e+07,8.49061e+06,1.71825e+06
Layer:x-RL TH7-LP Block$0$LK-TREE-TRNK,x-RL TH7-LP Block$0$LK-TREE-TRNK,186,186,186,2,10,1.10508e+07,8.49108e+06,1.10508e+07,8.49108e+06,14.0,10.0,1.10508e+07,8.49108e+06,140.0
Layer:x-RL TH7-LP Block$0$L-002,x-RL TH7-LP Block$0$L-002,186,186,186,8,44,1.10493e+07,8.49097e+06,1.10509e+07,8.49136e+06,1628.0,392.0,1.10501e+07,8.49117e+06,638176.0
Layer:x-RL TH7-LP Block$0$LK-SHRB-TRNK,x-RL TH7-LP Block$0$LK-SHRB-TRNK,186,186,186,2,10,1.10495e+07,8.49105e+06,1.10495e+07,8.49105e+06,2.0,2.0,1.10495e+07,8.49105e+06,4.0
Layer:x-RL TH7-LP Block$0$LK-TREE-TRNK,x-RL TH7-LP Block$0$LK-TREE-TRNK,186,186,186,2,10,1.10496e+07,8.49107e+06,1.10496e+07,8.49109e+06,22.0,22.0,1.10496e+07,8.49108e+06,484.0
Layer:x-RL TH7-LP Block$0$LK-SHRB-TRNK,x-RL TH7-LP Block$0$LK-SHRB-TRNK,186,186,186,2,10,1.10511e+07,8.49106e+06,1.10511e+07,8.49106e+06,2.0,2.0,1.10511e+07,8.49106e+06,4.0
Layer:x-RL TH7-LP Block$0$LK-TREE-TRNK,x-RL TH7-LP Block$0$LK-TREE-TRNK,186,186,186,2,10,1.1051e+07,8.49108e+06,1.1051e+07,8.4911e+06,22.0,22.0,1.1051e+07,8.49109e+06,484.0
Layer:x-RL TH7-LP Block$0$LK-SHRB-TRNK,x-RL TH7-LP Block$0$LK-SHRB-TRNK,186,186,186,6,30,1.10508e+07,8.49106e+06,1.10508e+07,8.49106e+06,10.0,10.0,1.10508e+07,8.49106e+06,100.0
Layer:x-RL TH7-LP Block$0$LK-TREE-TRNK,x-RL TH7-LP Block$0$LK-TREE-TRNK,186,186,186,2,10,1.10505e+07,8.49105e+06,1.10505e+07,8.49106e+06,14.0,10.0,1.10505e+07,8.49106e+06,140.0
Layer:x-RL TH7-LP Block$0$LK-TREE-TRNK,x-RL TH7-LP Block$0$LK-TREE-TRNK,186,186,186,2,10,1.10501e+07,8.49106e+06,1.10501e+07,8.49107e+06,14.0,10.0,1.10501e+07,8.49106e+06,140.0
Layer:x-RL TH7-LP Block$0$LK-SHRB-TRNK,x-RL TH7-LP Block$0$LK-SHRB-TRNK,186,186,186,6,30,1.10498e+07,8.49104e+06,1.10498e+07,8.49105e+06,10.0,10.0,1.10498e+07,8.49105e+06,100.0
Layer:x-RL TH7-LP Block$0$LK-TREE-TRNK,x-RL TH7-LP Block$0$LK-TREE-TRNK,186,186,186,2,10,1.10499e+07,8.49106e+06,1.10499e+07,8.49107e+06,14.0,10.0,1.10499e+07,8.49106e+06,140.0
Layer:x-RL TH7-LP Block$0$LK-TREE-TRNK,x-RL TH7-LP Block$0$LK-TREE-TRNK,186,186,186,2,10,1.10504e+07,8.49106e+06,1.10504e+07,8.49107e+06,14.0,10.0,1.10504e+07,8.49107e+06,140.0
Layer:x-RL TH7-LP Block$0$LK-SHRB-TRNK,x-RL TH7-LP Block$0$LK-SHRB-TRNK,186,186,186,2,10,1.10503e+07,8.49105e+06,1.10503e+07,8.49105e+06,6.0,6.0,1.10503e+07,8.49105e+06,36.0
Layer:x-RL TH7-LP Block$0$LK-SHRB-035M,x-RL TH7-LP Block$0$LK-SHRB-035M,186,186,186,1,98,1.10495e+07,8.49034e+06,1.10495e+07,8.49037e+06,24.0,24.0,1.10495e+07,8.49036e+06,576.0
Layer:x-RL TH7-LP Block$0$LK-SHRB-035M,x-RL TH7-LP Block$0$LK-SHRB-035M,186,186,186,1,98,1.10494e+07,8.4901e+06,1.10494e+07,8.49013e+06,24.0,24.0,1.10494e+07,8.49012e+06,576.0
Layer:x-RL TH7-LP Block$0$LK-SHRB-035M,x-RL TH7-LP Block$0$LK-SHRB-035M,186,186,186,1,98,1.10512e+07,8.49012e+06,1.10512e+07,8.49014e+06,24.0,24.0,1.10512e+07,8.49013e+06,576.0
Layer:x-RL TH7-LP Block$0$LK-SHRB-TRNK,x-RL TH7-LP Block$0$LK-SHRB-TRNK,186,186,186,2,10,1.10504e+07,8.49025e+06,1.10504e+07,8.49025e+06,2.0,2.0,1.10504e+07,8.49025e+06,4.0
Layer:x-RL TH7-LP Block$0$LK-SHRB-TRNK,x-RL TH7-LP Block$0$LK-SHRB-TRNK,186,186,186,2,10,1.10497e+07,8.4902e+06,1.10497e+07,8.4902e+06,2.0,2.0,1.10497e+07,8.4902e+06,4.0
Layer:x-RL TH7-LP Block$0$LK-SHRB-TRNK,x-RL TH7-LP Block$0$LK-SHRB-TRNK,186,186,186,2,10,1.10504e+07,8.49023e+06,1.10504e+07,8.49023e+06,2.0,2.0,1.10504e+07,8.49023e+06,4.0
Layer:x-RL TH7-LP Block$0$LK-SHRB-TRNK,x-RL TH7-LP Block$0$LK-SHRB-TRNK,186,186,186,2,10,1.10504e+07,8.49021e+06,1.10504e+07,8.49021e+06,2.0,2.0,1.10504e+07,8.49021e+06,4.0
Layer:x-RL TH7-LP Block$0$LK-SHRB-TRNK,x-RL TH7-LP Block$0$LK-SHRB-TRNK,186,186,186,2,10,1.10504e+07,8.49019e+06,1.10504e+07,8.49019e+06,2.0,2.0,1.10504e+07,8.49019e+06,4.0
Layer:x-RL TH7-LP Block$0$LK-SHRB-TRNK,x-RL TH7-LP Block$0$LK-SHRB-TRNK,186,186,186,2,10,1.10504e+07,8.49017e+06,1.10504e+07,8.49017e+06,2.0,2.0,1.10504e+07,8.49017e+06,4.0
Layer:x-RL TH7-LP Block$0$LK-SHRB-TRNK,x-RL TH7-LP Block$0$LK-SHRB-TRNK,186,186,186,2,10,1.10504e+07,8.49015e+06,1.10504e+07,8.49015e+06,2.0,2.0,1.10504e+07,8.49015e+06,4.0
Layer:x-RL TH7-LP Block$0$LK-SHRB-TRNK,x-RL TH7-LP Block$0$LK-SHRB-TRNK,186,186,186,2,10,1.10504e+07,8.49013e+06,1.10504e+07,8.49013e+06,2.0,2.0,1.10504e+07,8.49013e+06,4.0
Layer:x-RL TH7-LP Block$0$LK-SHRB-TRNK,x-RL TH7-LP Block$0$LK-SHRB-TRNK,186,186,186,2,10,1.10497e+07,8.49018e+06,1.10497e+07,8.49018e+06,2.0,2.0,1.10497e+07,8.49018e+06,4.0
Layer:x-RL TH7-LP Block$0$LK-SHRB-TRNK,x-RL TH7-LP Block$0$LK-SHRB-TRNK,186,186,186,2,10,1.10497e+07,8.49015e+06,1.10497e+07,8.49015e+06,2.0,2.0,1.10497e+07,8.49015e+06,4.0
Layer:x-RL TH7-LP Block$0$LK-SHRB-TRNK,x-RL TH7-LP Block$0$LK-SHRB-TRNK,186,186,186,2,10,1.10497e+07,8.49013e+06,1.10497e+07,8.49013e+06,2.0,2.0,1.10497e+07,8.49013e+06,4.0
Layer:x-RL TH7-LP Block$0$LK-SHRB-035M,x-RL TH7-LP Block$0$LK-SHRB-035M,186,186,186,1,98,1.105e+07,8.49036e+06,1.105e+07,8.49039e+06,24.0,24.0,1.105e+07,8.49038e+06,576.0
Layer:x-RL TH7-LP Block$0$LK-SHRB-035M,x-RL TH7-LP Block$0$LK-SHRB-035M,186,186,186,1,98,1.10511e+07,8.49035e+06,1.10511e+07,8.49038e+06,24.0,24.0,1.10511e+07,8.49037e+06,576.0
Layer:x-RL TH7-LP Block$0$LK-SHRB-TRNK,x-RL TH7-LP Block$0$LK-SHRB-TRNK,186,186,186,2,10,1.1051e+07,8.49021e+06,1.1051e+07,8.49021e+06,2.0,2.0,1.1051e+07,8.49021e+06,4.0
Layer:x-RL TH7-LP Block$0$LK-SHRB-TRNK,x-RL TH7-LP Block$0$LK-SHRB-TRNK,186,186,186,2,10,1.1051e+07,8.49018e+06,1.1051e+07,8.49019e+06,2.0,2.0,1.1051e+07,8.49018e+06,4.0
Layer:x-RL TH7-LP Block$0$LK-SHRB-TRNK,x-RL TH7-LP Block$0$LK-SHRB-TRNK,186,186,186,2,10,1.1051e+07,8.49016e+06,1.1051e+07,8.49016e+06,2.0,2.0,1.1051e+07,8.49016e+06,4.0
Layer:x-RL TH7-LP Block$0$LK-SHRB-TRNK,x-RL TH7-LP Block$0$LK-SHRB-TRNK,186,186,186,2,10,1.1051e+07,8.49014e+06,1.1051e+07,8.49014e+06,2.0,2.0,1.1051e+07,8.49014e+06,4.0
Layer:x-RL TH7-LP Block$0$LK-SHRB-TRNK,x-RL TH7-LP Block$0$LK-SHRB-TRNK,186,186,186,2,10,1.10503e+07,8.49038e+06,1.10503e+07,8.49039e+06,2.0,2.0,1.10503e+07,8.49038e+06,4.0
Layer:x-RL TH7-LP Block$0$LK-SHRB-TRNK,x-RL TH7-LP Block$0$LK-SHRB-TRNK,186,186,186,2,10,1.10502e+07,8.49038e+06,1.10502e+07,8.49039e+06,2.0,2.0,1.10502e+07,8.49038e+06,4.0
Layer:x-RL TH7-LP Block$0$LK-SHRB-TRNK,x-RL TH7-LP Block$0$LK-SHRB-TRNK,186,186,186,2,10,1.10502e+07,8.49038e+06,1.10502e+07,8.49038e+06,2.0,2.0,1.10502e+07,8.49038e+06,4.0
Layer:x-RL TH7-LP Block$0$LK-SHRB-TRNK,x-RL TH7-LP Block$0$LK-SHRB-TRNK,186,186,186,2,10,1.10502e+07,8.49012e+06,1.10502e+07,8.49012e+06,2.0,2.0,1.10502e+07,8.49012e+06,4.0
Layer:x-RL TH7-LP Block$0$LK-SHRB-TRNK,x-RL TH7-LP Block$0$LK-SHRB-TRNK,186,186,186,2,10,1.10502e+07,8.49014e+06,1.10502e+07,8.49014e+06,2.0,2.0,1.10502e+07,8.49014e+06,4.0
Layer:x-RL TH7-LP Block$0$LK-SHRB-TRNK,x-RL TH7-LP Block$0$LK-SHRB-TRNK,186,186,186,2,10,1.10502e+07,8.49016e+06,1.10502e+07,8.49017e+06,2.0,2.0,1.10502e+07,8.49016e+06,4.0
Layer:x-RL TH7-LP Block$0$LK-SHRB-TRNK,x-RL TH7-LP Block$0$LK-SHRB-TRNK,186,186,186,2,10,1.10502e+07,8.49019e+06,1.10502e+07,8.49019e+06,2.0,2.0,1.10502e+07,8.49019e+06,4.0
Layer:x-RL TH7-LP Block$0$LK-SHRB-TRNK,x-RL TH7-LP Block$0$LK-SHRB-TRNK,186,186,186,2,10,1.10502e+07,8.49021e+06,1.10502e+07,8.49021e+06,2.0,2.0,1.10502e+07,8.49021e+06,4.0
Layer:x-RL TH7-LP Block$0$LK-SHRB-TRNK,x-RL TH7-LP Block$0$LK-SHRB-TRNK,186,186,186,2,10,1.10504e+07,8.49027e+06,1.10504e+07,8.49028e+06,2.0,2.0,1.10504e+07,8.49027e+06,4.0
Layer:x-RL TH7-LP Block$0$LK-SHRB-TRNK,x-RL TH7-LP Block$0$LK-SHRB-TRNK,186,186,186,2,10,1.10504e+07,8.4903e+06,1.10504e+07,8.4903e+06,2.0,2.0,1.10504e+07,8.4903e+06,4.0
Layer:x-RL TH7-LP Block$0$LK-SHRB-035M,x-RL TH7-LP Block$0$LK-SHRB-035M,186,186,186,1,98,1.10508e+07,8.49032e+06,1.10508e+07,8.49034e+06,24.0,24.0,1.10508e+07,8.49033e+06,576.0
Layer:x-RL TH7-LP Block$0$LK-SHRB-035M,x-RL TH7-LP Block$0$LK-SHRB-035M,186,186,186,1,98,1.10506e+07,8.49033e+06,1.10507e+07,8.49036e+06,24.0,24.0,1.10506e+07,8.49034e+06,576.0
Layer:x-RL TH7-LP Block$0$LK-SHRB-035M,x-RL TH7-LP Block$0$LK-SHRB-035M,186,186,186,1,98,1.10494e+07,8.49013e+06,1.10494e+07,8.49015e+06,24.0,24.0,1.10494e+07,8.49014e+06,576.0
Layer:x-RL TH7-LP Block$0$LK-SHRB-035M,x-RL TH7-LP Block$0$LK-SHRB-035M,186,186,186,1,98,1.10494e+07,8.49015e+06,1.10494e+07,8.49018e+06,24.0,24.0,1.10494e+07,8.49016e+06,576.0
Layer:x-RL TH7-LP Block$0$LK-SHRB-035M,x-RL TH7-LP Block$0$LK-SHRB-035M,186,186,186,1,98,1.10494e+07,8.49018e+06,1.10494e+07,8.4902e+06,24.0,24.0,1.10494e+07,8.49019e+06,576.0
Layer:x-RL TH7-LP Block$0$LK-SHRB-035M,x-RL TH7-LP Block$0$LK-SHRB-035M,186,186,186,1,98,1.10494e+07,8.4902e+06,1.10494e+07,8.49022e+06,24.0,24.0,1.10494e+07,8.49021e+06,576.0
Layer:x-RL TH7-LP Block$0$LK-SHRB-035M,x-RL TH7-LP Block$0$LK-SHRB-035M,186,186,186,1,98,1.10494e+07,8.49022e+06,1.10494e+07,8.49025e+06,24.0,24.0,1.10494e+07,8.49023e+06,576.0
Layer:x-RL TH7-LP Block$0$LK-SHRB-035M,x-RL TH7-LP Block$0$LK-SHRB-035M,186,186,186,1,98,1.10494e+07,8.49025e+06,1.10494e+07,8.49027e+06,24.0,24.0,1.10494e+07,8.49026e+06,576.0
Layer:x-RL TH7-LP Block$0$LK-SHRB-035M,x-RL TH7-LP Block$0$LK-SHRB-035M,186,186,186,1,98,1.10494e+07,8.49027e+06,1.10494e+07,8.49029e+06,24.0,24.0,1.10494e+07,8.49028e+06,576.0
Layer:x-RL TH7-LP Block$0$LK-SHRB-035M,x-RL TH7-LP Block$0$LK-SHRB-035M,186,186,186,1,98,1.10495e+07,8.49034e+06,1.10495e+07,8.49037e+06,24.0,24.0,1.10495e+07,8.49036e+06,576.0
Layer:x-RL TH7-LP Block$0$LK-SHRB-035M,x-RL TH7-LP Block$0$LK-SHRB-035M,186,186,186,1,98,1.10495e+07,8.49034e+06,1.10495e+07,8.49037e+06,24.0,24.0,1.10495e+07,8.49036e+06,576.0
Layer:x-RL TH7-LP Block$0$LK-SHRB-035M,x-RL TH7-LP Block$0$LK-SHRB-035M,186,186,186,1,98,1.10494e+07,8.49034e+06,1.10495e+07,8.49037e+06,24.0,24.0,1.10495e+07,8.49036e+06,576.0
Layer:x-RL TH7-LP Block$0$LK-SHRB-035M,x-RL TH7-LP Block$0$LK-SHRB-035M,186,186,186,1,98,1.10494e+07,8.49037e+06,1.10495e+07,8.49039e+06,24.0,24.0,1.10495e+07,8.49038e+06,576.0
Layer:x-RL TH7-LP Block$0$LK-SHRB-035M,x-RL TH7-LP Block$0$LK-SHRB-035M,186,186,186,1,98,1.10494e+07,8.49039e+06,1.10495e+07,8.49041e+06,24.0,24.0,1.10495e+07,8.4904e+06,576.0
Layer:x-RL TH7-LP Block$0$LK-SHRB-035M,x-RL TH7-LP Block$0$LK-SHRB-035M,186,186,186,1,98,1.10494e+07,8.49041e+06,1.10495e+07,8.49044e+06,24.0,24.0,1.10495e+07,8.49042e+06,576.0
Layer:x-RL TH7-LP Block$0$LK-SHRB-035M,x-RL TH7-LP Block$0$LK-SHRB-035M,186,186,186,1,98,1.10494e+07,8.49044e+06,1.10495e+07,8.49046e+06,24.0,24.0,1.10495e+07,8.49045e+06,576.0
Layer:x-RL TH7-LP Block$0$LK-SHRB-035M,x-RL TH7-LP Block$0$LK-SHRB-035M,186,186,186,1,98,1.10495e+07,8.49044e+06,1.10495e+07,8.49046e+06,24.0,24.0,1.10495e+07,8.49045e+06,576.0
Layer:x-RL TH7-LP Block$0$LK-SHRB-035M,x-RL TH7-LP Block$0$LK-SHRB-035M,186,186,186,1,98,1.10495e+07,8.49044e+06,1.10495e+07,8.49046e+06,24.0,24.0,1.10495e+07,8.49045e+06,576.0
Layer:x-RL TH7-LP Block$0$LK-SHRB-035M,x-RL TH7-LP Block$0$LK-SHRB-035M,186,186,186,1,98,1.105e+07,8.49034e+06,1.105e+07,8.49036e+06,24.0,24.0,1.105e+07,8.49035e+06,576.0
Layer:x-RL TH7-LP Block$0$LK-SHRB-035M,x-RL TH7-LP Block$0$LK-SHRB-035M,186,186,186,1,98,1.105e+07,8.49032e+06,1.105e+07,8.49034e+06,24.0,24.0,1.105e+07,8.49033e+06,576.0
Layer:x-RL TH7-LP Block$0$LK-SHRB-035M,x-RL TH7-LP Block$0$LK-SHRB-035M,186,186,186,1,98,1.105e+07,8.49036e+06,1.105e+07,8.49039e+06,24.0,24.0,1.105e+07,8.49038e+06,576.0
Layer:x-RL TH7-LP Block$0$LK-SHRB-035M,x-RL TH7-LP Block$0$LK-SHRB-035M,186,186,186,1,98,1.10499e+07,8.49036e+06,1.105e+07,8.49039e+06,24.0,24.0,1.10499e+07,8.49038e+06,576.0
Layer:x-RL TH7-LP Block$0$LK-SHRB-035M,x-RL TH7-LP Block$0$LK-SHRB-035M,186,186,186,1,98,1.10499e+07,8.49036e+06,1.10499e+07,8.49039e+06,24.0,24.0,1.10499e+07,8.49038e+06,576.0
Layer:x-RL TH7-LP Block$0$LK-SHRB-035M,x-RL TH7-LP Block$0$LK-SHRB-035M,186,186,186,1,98,1.10499e+07,8.49036e+06,1.10499e+07,8.49039e+06,24.0,24.0,1.10499e+07,8.49037e+06,576.0
Layer:x-RL TH7-LP Block$0$LK-SHRB-035M,x-RL TH7-LP Block$0$LK-SHRB-035M,186,186,186,1,98,1.10499e+07,8.49036e+06,1.10499e+07,8.49039e+06,24.0,24.0,1.10499e+07,8.49037e+06,576.0
Layer:x-RL TH7-LP Block$0$LK-SHRB-035M,x-RL TH7-LP Block$0$LK-SHRB-035M,186,186,186,1,98,1.10498e+07,8.49036e+06,1.10499e+07,8.49039e+06,24.0,24.0,1.10498e+07,8.49038e+06,576.0
Layer:x-RL TH7-LP Block$0$LK-SHRB-035M,x-RL TH7-LP Block$0$LK-SHRB-035M,186,186,186,1,98,1.10498e+07,8.49034e+06,1.10499e+07,8.49036e+06,24.0,24.0,1.10498e+07,8.49035e+06,576.0
Layer:x-RL TH7-LP Block$0$LK-SHRB-035M,x-RL TH7-LP Block$0$LK-SHRB-035M,186,186,186,1,98,1.10498e+07,8.49032e+06,1.10499e+07,8.49034e+06,24.0,24.0,1.10498e+07,8.49033e+06,576.0
Layer:x-RL TH7-LP Block$0$LK-SHRB-035M,x-RL TH7-LP Block$0$LK-SHRB-035M,186,186,186,1,98,1.10511e+07,8.49036e+06,1.10511e+07,8.49038e+06,24.0,24.0,1.10511e+07,8.49037e+06,576.0
Layer:x-RL TH7-LP Block$0$LK-SHRB-035M,x-RL TH7-LP Block$0$LK-SHRB-035M,186,186,186,1,98,1.10511e+07,8.49036e+06,1.10512e+07,8.49038e+06,24.0,24.0,1.10512e+07,8.49037e+06,576.0
Layer:x-RL TH7-LP Block$0$LK-SHRB-035M,x-RL TH7-LP Block$0$LK-SHRB-035M,186,186,186,1,98,1.10512e+07,8.49036e+06,1.10512e+07,8.49038e+06,24.0,24.0,1.10512e+07,8.49037e+06,576.0
Layer:x-RL TH7-LP Block$0$LK-SHRB-035M,x-RL TH7-LP Block$0$LK-SHRB-035M,186,186,186,1,98,1.10512e+07,8.49038e+06,1.10512e+07,8.4904e+06,24.0,24.0,1.10512e+07,8.49039e+06,576.0
Layer:x-RL TH7-LP Block$0$LK-SHRB-035M,x-RL TH7-LP Block$0$LK-SHRB-035M,186,186,186,1,98,1.10512e+07,8.4904e+06,1.10512e+07,8.49043e+06,24.0,24.0,1.10512e+07,8.49042e+06,576.0
Layer:x-RL TH7-LP Block$0$LK-SHRB-035M,x-RL TH7-LP Block$0$LK-SHRB-035M,186,186,186,1,98,1.10512e+07,8.49043e+06,1.10512e+07,8.49045e+06,24.0,24.0,1.10512e+07,8.49044e+06,576.0
Layer:x-RL TH7-LP Block$0$LK-SHRB-035M,x-RL TH7-LP Block$0$LK-SHRB-035M,186,186,186,1,98,1.10512e+07,8.49045e+06,1.10512e+07,8.49047e+06,24.0,24.0,1.10512e+07,8.49046e+06,576.0
Layer:x-RL TH7-LP Block$0$LK-SHRB-035M,x-RL TH7-LP Block$0$LK-SHRB-035M,186,186,186,1,98,1.10511e+07,8.49045e+06,1.10512e+07,8.49048e+06,24.0,24.0,1.10512e+07,8.49046e+06,576.0
Layer:x-RL TH7-LP Block$0$LK-SHRB-035M,x-RL TH7-LP Block$0$LK-SHRB-035M,186,186,186,1,98,1.10511e+07,8.49045e+06,1.10511e+07,8.49047e+06,24.0,24.0,1.10511e+07,8.49046e+06,576.0
Layer:x-RL TH7-LP Block$0$LK-SHRB-035M,x-RL TH7-LP Block$0$LK-SHRB-035M,186,186,186,1,98,1.10512e+07,8.49014e+06,1.10512e+07,8.49016e+06,24.0,24.0,1.10512e+07,8.49015e+06,576.0
Layer:x-RL TH7-LP Block$0$LK-SHRB-035M,x-RL TH7-LP Block$0$LK-SHRB-035M,186,186,186,1,98,1.10512e+07,8.49016e+06,1.10512e+07,8.49019e+06,24.0,24.0,1.10512e+07,8.49018e+06,576.0
Layer:x-RL TH7-LP Block$0$LK-SHRB-035M,x-RL TH7-LP Block$0$LK-SHRB-035M,186,186,186,1,98,1.10512e+07,8.49019e+06,1.10512e+07,8.49021e+06,24.0,24.0,1.10512e+07,8.4902e+06,576.0
Layer:x-RL TH7-LP Block$0$LK-SHRB-035M,x-RL TH7-LP Block$0$LK-SHRB-035M,186,186,186,1,98,1.10512e+07,8.49021e+06,1.10512e+07,8.49024e+06,24.0,24.0,1.10512e+07,8.49022e+06,576.0
Layer:x-RL TH7-LP Block$0$LK-SHRB-035M,x-RL TH7-LP Block$0$LK-SHRB-035M,186,186,186,1,98,1.10512e+07,8.49024e+06,1.10512e+07,8.49026e+06,24.0,24.0,1.10512e+07,8.49025e+06,576.0
Layer:x-RL TH7-LP Block$0$LK-SHRB-035M,x-RL TH7-LP Block$0$LK-SHRB-035M,186,186,186,1,98,1.10512e+07,8.49026e+06,1.10512e+07,8.49028e+06,24.0,24.0,1.10512e+07,8.49027e+06,576.0
Layer:x-RL TH7-LP Block$0$LK-SHRB-035M,x-RL TH7-LP Block$0$LK-SHRB-035M,186,186,186,1,98,1.10512e+07,8.49028e+06,1.10512e+07,8.4903e+06,24.0,24.0,1.10512e+07,8.49029e+06,576.0
Layer:x-RL TH7-LP Block$0$LK-SHRB-035M,x-RL TH7-LP Block$0$LK-SHRB-035M,186,186,186,1,98,1.10508e+07,8.49034e+06,1.10508e+07,8.49036e+06,24.0,24.0,1.10508e+07,8.49035e+06,576.0
Layer:x-RL TH7-LP Block$0$LK-SHRB-035M,x-RL TH7-LP Block$0$LK-SHRB-035M,186,186,186,1,98,1.10508e+07,8.49035e+06,1.10508e+07,8.49038e+06,24.0,24.0,1.10508e+07,8.49036e+06,576.0
Layer:x-RL TH7-LP Block$0$LK-SHRB-035M,x-RL TH7-LP Block$0$LK-SHRB-035M,186,186,186,1,98,1.10508e+07,8.49037e+06,1.10508e+07,8.4904e+06,24.0,24.0,1.10508e+07,8.49038e+06,576.0
Layer:x-RL TH7-LP Block$0$LK-SHRB-035M,x-RL TH7-LP Block$0$LK-SHRB-035M,186,186,186,1,98,1.10507e+07,8.49037e+06,1.10508e+07,8.49039e+06,24.0,24.0,1.10508e+07,8.49038e+06,576.0
Layer:x-RL TH7-LP Block$0$LK-SHRB-035M,x-RL TH7-LP Block$0$LK-SHRB-035M,186,186,186,1,98,1.10507e+07,8.49037e+06,1.10507e+07,8.4904e+06,24.0,24.0,1.10507e+07,8.49038e+06,576.0
Layer:x-RL TH7-LP Block$0$LK-SHRB-035M,x-RL TH7-LP Block$0$LK-SHRB-035M,186,186,186,1,98,1.10507e+07,8.49037e+06,1.10507e+07,8.49039e+06,24.0,24.0,1.10507e+07,8.49038e+06,576.0
Layer:x-RL TH7-LP Block$0$LK-SHRB-035M,x-RL TH7-LP Block$0$LK-SHRB-035M,186,186,186,1,98,1.10507e+07,8.49037e+06,1.10507e+07,8.49039e+06,24.0,24.0,1.10507e+07,8.49038e+06,576.0
Layer:x-RL TH7-LP Block$0$LK-SHRB-035M,x-RL TH7-LP Block$0$LK-SHRB-035M,186,186,186,1,98,1.10506e+07,8.49037e+06,1.10507e+07,8.49039e+06,24.0,24.0,1.10507e+07,8.49038e+06,576.0
Layer:x-RL TH7-LP Block$0$LK-SHRB-035M,x-RL TH7-LP Block$0$LK-SHRB-035M,186,186,186,1,98,1.10506e+07,8.49037e+06,1.10506e+07,8.49039e+06,24.0,24.0,1.10506e+07,8.49038e+06,576.0
Layer:x-RL TH7-LP Block$0$LK-SHRB-035M,x-RL TH7-LP Block$0$LK-SHRB-035M,186,186,186,1,98,1.10506e+07,8.49035e+06,1.10507e+07,8.49038e+06,24.0,24.0,1.10506e+07,8.49036e+06,576.0
Layer:x-RL TH7-LP Block$0$LK-SHRB-035M,x-RL TH7-LP Block$0$LK-SHRB-035M,186,186,186,1,98,1.10506e+07,8.49032e+06,1.10507e+07,8.49034e+06,24.0,24.0,1.10506e+07,8.49033e+06,576.0
Layer:x-RL TH8-LP Block$0$LP-SHAR-BRDR-CONT,x-RL TH8-LP Block$0$LP-SHAR-BRDR-CONT,186,186,186,28,130,1.10519e+07,8.48839e+06,1.10529e+07,8.49036e+06,1014.0,1970.0,1.10524e+07,8.48938e+06,1.99758e+06
Layer:x-RL TH8-LP Block$0$LK-SHRB-TRNK,x-RL TH8-LP Block$0$LK-SHRB-TRNK,186,186,186,6,30,1.10528e+07,8.48932e+06,1.10529e+07,8.48933e+06,10.0,10.0,1.10528e+07,8.48932e+06,100.0
Layer:x-RL TH8-LP Block$0$LK-SHRB-TRNK,x-RL TH8-LP Block$0$LK-SHRB-TRNK,186,186,186,6,30,1.10528e+07,8.48936e+06,1.10529e+07,8.48936e+06,10.0,10.0,1.10528e+07,8.48936e+06,100.0
Layer:x-RL TH8-LP Block$0$LK-SHRB-TRNK,x-RL TH8-LP Block$0$LK-SHRB-TRNK,186,186,186,6,30,1.10528e+07,8.48939e+06,1.10529e+07,8.4894e+06,10.0,10.0,1.10528e+07,8.4894e+06,100.0
Layer:x-RL TH8-LP Block$0$LK-SHRB-TRNK,x-RL TH8-LP Block$0$LK-SHRB-TRNK,186,186,186,6,30,1.10528e+07,8.48943e+06,1.10529e+07,8.48944e+06,10.0,10.0,1.10528e+07,8.48943e+06,100.0
Layer:x-RL TH8-LP Block$0$LK-TREE-TRNK,x-RL TH8-LP Block$0$LK-TREE-TRNK,186,186,186,2,10,1.10529e+07,8.48926e+06,1.10529e+07,8.48928e+06,10.0,14.0,1.10529e+07,8.48927e+06,140.0
Layer:x-RL TH8-LP Block$0$L-002,x-RL TH8-LP Block$0$L-002,186,186,186,8,50,1.10528e+07,8.48867e+06,1.10529e+07,8.49008e+06,148.0,1410.0,1.10528e+07,8.48938e+06,208680.0
Layer:x-RL TH8-LP Block$0$LK-TREE-TRNK,x-RL TH8-LP Block$0$LK-TREE-TRNK,186,186,186,2,10,1.10529e+07,8.48948e+06,1.10529e+07,8.4895e+06,10.0,14.0,1.10529e+07,8.48949e+06,140.0
Layer:x-RL TH8-LP Block$0$LK-SHRB-TRNK,x-RL TH8-LP Block$0$LK-SHRB-TRNK,186,186,186,6,30,1.10528e+07,8.49003e+06,1.10528e+07,8.49004e+06,10.0,10.0,1.10528e+07,8.49004e+06,100.0
Layer:x-RL TH8-LP Block$0$LK-TREE-TRNK,x-RL TH8-LP Block$0$LK-TREE-TRNK,186,186,186,2,10,1.10528e+07,8.48994e+06,1.10529e+07,8.48996e+06,10.0,14.0,1.10529e+07,8.48995e+06,140.0
Layer:x-RL TH8-LP Block$0$LK-SHRB-TRNK,x-RL TH8-LP Block$0$LK-SHRB-TRNK,186,186,186,6,30,1.10528e+07,8.48872e+06,1.10529e+07,8.48873e+06,10.0,10.0,1.10528e+07,8.48872e+06,100.0
Layer:x-RL TH8-LP Block$0$LK-TREE-TRNK,x-RL TH8-LP Block$0$LK-TREE-TRNK,186,186,186,2,10,1.10529e+07,8.4888e+06,1.10529e+07,8.48882e+06,10.0,14.0,1.10529e+07,8.48881e+06,140.0
Layer:x-RL TH8-LP Block$0$LK-SHRB-TRNK,x-RL TH8-LP Block$0$LK-SHRB-TRNK,186,186,186,2,10,1.10528e+07,8.48846e+06,1.10528e+07,8.48846e+06,2.0,2.0,1.10528e+07,8.48846e+06,4.0
Layer:x-RL TH8-LP Block$0$LK-TREE-TRNK,x-RL TH8-LP Block$0$LK-TREE-TRNK,186,186,186,2,10,1.10529e+07,8.48853e+06,1.10529e+07,8.48854e+06,10.0,14.0,1.10529e+07,8.48854e+06,140.0
Layer:x-RL TH8-LP Block$0$LK-SHRB-TRNK,x-RL TH8-LP Block$0$LK-SHRB-TRNK,186,186,186,2,10,1.10528e+07,8.4903e+06,1.10528e+07,8.4903e+06,2.0,2.0,1.10528e+07,8.4903e+06,4.0
Layer:x-RL TH8-LP Block$0$LK-TREE-TRNK,x-RL TH8-LP Block$0$LK-TREE-TRNK,186,186,186,2,10,1.10529e+07,8.49021e+06,1.10529e+07,8.49023e+06,22.0,22.0,1.10529e+07,8.49022e+06,484.0
Layer:x-RL TH8-LP Block$0$LK-TREE-TRNK,x-RL TH8-LP Block$0$LK-TREE-TRNK,186,186,186,2,10,1.10529e+07,8.48903e+06,1.10529e+07,8.48904e+06,10.0,14.0,1.10529e+07,8.48904e+06,140.0
Layer:x-RL TH8-LP Block$0$LK-TREE-TRNK,x-RL TH8-LP Block$0$LK-TREE-TRNK,186,186,186,2,10,1.10528e+07,8.48971e+06,1.10529e+07,8.48972e+06,10.0,14.0,1.10528e+07,8.48972e+06,140.0
Layer:x-RL TH8-LP Block$0$LK-SHRB-035M,x-RL TH8-LP Block$0$LK-SHRB-035M,186,186,186,1,98,1.10521e+07,8.48843e+06,1.10522e+07,8.48845e+06,24.0,24.0,1.10522e+07,8.48844e+06,576.0
Layer:x-RL TH8-LP Block$0$LK-SHRB-035M,x-RL TH8-LP Block$0$LK-SHRB-035M,186,186,186,1,98,1.10521e+07,8.4903e+06,1.10522e+07,8.49032e+06,24.0,24.0,1.10522e+07,8.49031e+06,576.0
Layer:x-RL TH8-LP Block$0$LK-SHRB-035M,x-RL TH8-LP Block$0$LK-SHRB-035M,186,186,186,1,98,1.10519e+07,8.4904e+06,1.10519e+07,8.49042e+06,24.0,24.0,1.10519e+07,8.49041e+06,576.0
Layer:x-RL TH8-LP Block$0$LK-SHRB-035M,x-RL TH8-LP Block$0$LK-SHRB-035M,186,186,186,1,98,1.10519e+07,8.48832e+06,1.10519e+07,8.48834e+06,24.0,24.0,1.10519e+07,8.48833e+06,576.0
Layer:x-RL TH8-LP Block$0$LK-SHRB-TRNK,x-RL TH8-LP Block$0$LK-SHRB-TRNK,186,186,186,2,10,1.10521e+07,8.48911e+06,1.10521e+07,8.48912e+06,2.0,2.0,1.10521e+07,8.48911e+06,4.0
Layer:x-RL TH8-LP Block$0$LK-SHRB-TRNK,x-RL TH8-LP Block$0$LK-SHRB-TRNK,186,186,186,2,10,1.10521e+07,8.48911e+06,1.10521e+07,8.48912e+06,2.0,2.0,1.10521e+07,8.48911e+06,4.0
Layer:x-RL TH8-LP Block$0$LK-SHRB-TRNK,x-RL TH8-LP Block$0$LK-SHRB-TRNK,186,186,186,2,10,1.1052e+07,8.48911e+06,1.1052e+07,8.48912e+06,2.0,2.0,1.1052e+07,8.48911e+06,4.0
Layer:x-RL TH8-LP Block$0$LK-SHRB-TRNK,x-RL TH8-LP Block$0$LK-SHRB-TRNK,186,186,186,2,10,1.1052e+07,8.48911e+06,1.1052e+07,8.48912e+06,2.0,2.0,1.1052e+07,8.48911e+06,4.0
Layer:x-RL TH8-LP Block$0$LK-SHRB-TRNK,x-RL TH8-LP Block$0$LK-SHRB-TRNK,186,186,186,2,10,1.1052e+07,8.48911e+06,1.1052e+07,8.48912e+06,2.0,2.0,1.1052e+07,8.48911e+06,4.0
Layer:x-RL TH8-LP Block$0$LK-SHRB-TRNK,x-RL TH8-LP Block$0$LK-SHRB-TRNK,186,186,186,2,10,1.1052e+07,8.48911e+06,1.1052e+07,8.48912e+06,2.0,2.0,1.1052e+07,8.48912e+06,4.0
Layer:x-RL TH8-LP Block$0$LK-SHRB-TRNK,x-RL TH8-LP Block$0$LK-SHRB-TRNK,186,186,186,2,10,1.10521e+07,8.48963e+06,1.10521e+07,8.48963e+06,2.0,2.0,1.10521e+07,8.48963e+06,4.0
Layer:x-RL TH8-LP Block$0$LK-SHRB-TRNK,x-RL TH8-LP Block$0$LK-SHRB-TRNK,186,186,186,2,10,1.10521e+07,8.48963e+06,1.10521e+07,8.48963e+06,2.0,2.0,1.10521e+07,8.48963e+06,4.0
Layer:x-RL TH8-LP Block$0$LK-SHRB-TRNK,x-RL TH8-LP Block$0$LK-SHRB-TRNK,186,186,186,2,10,1.1052e+07,8.48963e+06,1.1052e+07,8.48963e+06,2.0,2.0,1.1052e+07,8.48963e+06,4.0
Layer:x-RL TH8-LP Block$0$LK-SHRB-TRNK,x-RL TH8-LP Block$0$LK-SHRB-TRNK,186,186,186,2,10,1.1052e+07,8.48963e+06,1.1052e+07,8.48963e+06,2.0,2.0,1.1052e+07,8.48963e+06,4.0
Layer:x-RL TH8-LP Block$0$LK-SHRB-TRNK,x-RL TH8-LP Block$0$LK-SHRB-TRNK,186,186,186,2,10,1.1052e+07,8.48963e+06,1.1052e+07,8.48963e+06,2.0,2.0,1.1052e+07,8.48963e+06,4.0
Layer:x-RL TH8-LP Block$0$LK-SHRB-TRNK,x-RL TH8-LP Block$0$LK-SHRB-TRNK,186,186,186,2,10,1.1052e+07,8.48963e+06,1.1052e+07,8.48963e+06,2.0,2.0,1.1052e+07,8.48963e+06,4.0
Layer:x-RL TH8-LP Block$0$LK-SHRB-TRNK,x-RL TH8-LP Block$0$LK-SHRB-TRNK,186,186,186,2,10,1.10519e+07,8.48911e+06,1.10519e+07,8.48912e+06,2.0,2.0,1.10519e+07,8.48911e+06,4.0
Layer:x-RL TH8-LP Block$0$LK-SHRB-TRNK,x-RL TH8-LP Block$0$LK-SHRB-TRNK,186,186,186,2,10,1.10519e+07,8.48911e+06,1.10519e+07,8.48912e+06,2.0,2.0,1.10519e+07,8.48911e+06,4.0
Layer:x-RL TH8-LP Block$0$LK-SHRB-TRNK,x-RL TH8-LP Block$0$LK-SHRB-TRNK,186,186,186,2,10,1.10519e+07,8.48963e+06,1.10519e+07,8.48963e+06,2.0,2.0,1.10519e+07,8.48963e+06,4.0
Layer:x-RL TH8-LP Block$0$LK-SHRB-TRNK,x-RL TH8-LP Block$0$LK-SHRB-TRNK,186,186,186,2,10,1.10519e+07,8.48963e+06,1.10519e+07,8.48963e+06,2.0,2.0,1.10519e+07,8.48963e+06,4.0
Layer:x-RL TH8-LP Block$0$LK-SHRB-TRNK,x-RL TH8-LP Block$0$LK-SHRB-TRNK,186,186,186,2,10,1.1052e+07,8.48937e+06,1.1052e+07,8.48937e+06,2.0,2.0,1.1052e+07,8.48937e+06,4.0
Layer:x-RL TH8-LP Block$0$LK-SHRB-TRNK,x-RL TH8-LP Block$0$LK-SHRB-TRNK,186,186,186,2,10,1.1052e+07,8.48937e+06,1.1052e+07,8.48937e+06,2.0,2.0,1.1052e+07,8.48937e+06,4.0
Layer:x-RL TH8-LP Block$0$LK-SHRB-TRNK,x-RL TH8-LP Block$0$LK-SHRB-TRNK,186,186,186,2,10,1.10519e+07,8.48937e+06,1.10519e+07,8.48937e+06,2.0,2.0,1.10519e+07,8.48937e+06,4.0
Layer:x-RL TH8-LP Block$0$LK-SHRB-TRNK,x-RL TH8-LP Block$0$LK-SHRB-TRNK,186,186,186,2,10,1.10519e+07,8.48937e+06,1.10519e+07,8.48937e+06,2.0,2.0,1.10519e+07,8.48937e+06,4.0
Layer:x-RL TH8-LP Block$0$LK-SHRB-TRNK,x-RL TH8-LP Block$0$LK-SHRB-TRNK,186,186,186,2,10,1.1052e+07,8.49016e+06,1.1052e+07,8.49016e+06,2.0,2.0,1.1052e+07,8.49016e+06,4.0
Layer:x-RL TH8-LP Block$0$LK-SHRB-TRNK,x-RL TH8-LP Block$0$LK-SHRB-TRNK,186,186,186,2,10,1.1052e+07,8.49016e+06,1.1052e+07,8.49017e+06,2.0,2.0,1.1052e+07,8.49016e+06,4.0
Layer:x-RL TH8-LP Block$0$LK-SHRB-TRNK,x-RL TH8-LP Block$0$LK-SHRB-TRNK,186,186,186,2,10,1.10519e+07,8.49016e+06,1.10519e+07,8.49016e+06,2.0,2.0,1.10519e+07,8.49016e+06,4.0
Layer:x-RL TH8-LP Block$0$LK-SHRB-TRNK,x-RL TH8-LP Block$0$LK-SHRB-TRNK,186,186,186,2,10,1.10519e+07,8.49016e+06,1.10519e+07,8.49017e+06,2.0,2.0,1.10519e+07,8.49016e+06,4.0
Layer:x-RL TH8-LP Block$0$LK-SHRB-035M,x-RL TH8-LP Block$0$LK-SHRB-035M,186,186,186,1,98,1.10522e+07,8.48982e+06,1.10522e+07,8.48984e+06,24.0,24.0,1.10522e+07,8.48983e+06,576.0
Layer:x-RL TH8-LP Block$0$LK-SHRB-TRNK,x-RL TH8-LP Block$0$LK-SHRB-TRNK,186,186,186,2,10,1.1052e+07,8.48858e+06,1.1052e+07,8.48858e+06,2.0,2.0,1.1052e+07,8.48858e+06,4.0
Layer:x-RL TH8-LP Block$0$LK-SHRB-TRNK,x-RL TH8-LP Block$0$LK-SHRB-TRNK,186,186,186,2,10,1.1052e+07,8.48858e+06,1.1052e+07,8.48858e+06,2.0,2.0,1.1052e+07,8.48858e+06,4.0
Layer:x-RL TH8-LP Block$0$LK-SHRB-TRNK,x-RL TH8-LP Block$0$LK-SHRB-TRNK,186,186,186,2,10,1.10519e+07,8.48858e+06,1.10519e+07,8.48858e+06,2.0,2.0,1.10519e+07,8.48858e+06,4.0
Layer:x-RL TH8-LP Block$0$LK-SHRB-TRNK,x-RL TH8-LP Block$0$LK-SHRB-TRNK,186,186,186,2,10,1.10519e+07,8.48858e+06,1.10519e+07,8.48858e+06,2.0,2.0,1.10519e+07,8.48858e+06,4.0
Layer:x-RL TH8-LP Block$0$LK-SHRB-035M,x-RL TH8-LP Block$0$LK-SHRB-035M,186,186,186,1,98,1.10521e+07,8.49032e+06,1.10522e+07,8.49034e+06,24.0,24.0,1.10521e+07,8.49033e+06,576.0
Layer:x-RL TH8-LP Block$0$LK-SHRB-035M,x-RL TH8-LP Block$0$LK-SHRB-035M,186,186,186,1,98,1.10521e+07,8.49034e+06,1.10522e+07,8.49036e+06,24.0,24.0,1.10521e+07,8.49035e+06,576.0
Layer:x-RL TH8-LP Block$0$LK-SHRB-035M,x-RL TH8-LP Block$0$LK-SHRB-035M,186,186,186,1,98,1.10521e+07,8.49036e+06,1.10522e+07,8.49038e+06,24.0,24.0,1.10521e+07,8.49037e+06,576.0
Layer:x-RL TH8-LP Block$0$LK-SHRB-035M,x-RL TH8-LP Block$0$LK-SHRB-035M,186,186,186,1,98,1.10522e+07,8.49036e+06,1.10522e+07,8.49038e+06,24.0,24.0,1.10522e+07,8.49037e+06,576.0
Layer:x-RL TH8-LP Block$0$LK-SHRB-035M,x-RL TH8-LP Block$0$LK-SHRB-035M,186,186,186,1,98,1.10522e+07,8.49036e+06,1.10522e+07,8.49038e+06,24.0,24.0,1.10522e+07,8.49037e+06,576.0
Layer:x-RL TH8-LP Block$0$LK-SHRB-035M,x-RL TH8-LP Block$0$LK-SHRB-035M,186,186,186,1,98,1.10522e+07,8.49036e+06,1.10522e+07,8.49038e+06,24.0,24.0,1.10522e+07,8.49037e+06,576.0
Layer:x-RL TH8-LP Block$0$LK-SHRB-035M,x-RL TH8-LP Block$0$LK-SHRB-035M,186,186,186,1,98,1.10522e+07,8.49036e+06,1.10522e+07,8.49038e+06,24.0,24.0,1.10522e+07,8.49037e+06,576.0
Layer:x-RL TH8-LP Block$0$LK-SHRB-035M,x-RL TH8-LP Block$0$LK-SHRB-035M,186,186,186,1,98,1.10522e+07,8.49034e+06,1.10522e+07,8.49036e+06,24.0,24.0,1.10522e+07,8.49035e+06,576.0
Layer:x-RL TH8-LP Block$0$LK-SHRB-035M,x-RL TH8-LP Block$0$LK-SHRB-035M,186,186,186,1,98,1.10522e+07,8.49032e+06,1.10522e+07,8.49034e+06,24.0,24.0,1.10522e+07,8.49033e+06,576.0
Layer:x-RL TH8-LP Block$0$LK-SHRB-035M,x-RL TH8-LP Block$0$LK-SHRB-035M,186,186,186,1,98,1.10519e+07,8.4904e+06,1.10519e+07,8.49042e+06,24.0,24.0,1.10519e+07,8.49041e+06,576.0
Layer:x-RL TH8-LP Block$0$LK-SHRB-035M,x-RL TH8-LP Block$0$LK-SHRB-035M,186,186,186,1,98,1.10519e+07,8.4904e+06,1.1052e+07,8.49042e+06,24.0,24.0,1.1052e+07,8.49041e+06,576.0
Layer:x-RL TH8-LP Block$0$LK-SHRB-035M,x-RL TH8-LP Block$0$LK-SHRB-035M,186,186,186,1,98,1.1052e+07,8.4904e+06,1.1052e+07,8.49042e+06,24.0,24.0,1.1052e+07,8.49041e+06,576.0
Layer:x-RL TH8-LP Block$0$LK-SHRB-035M,x-RL TH8-LP Block$0$LK-SHRB-035M,186,186,186,1,98,1.1052e+07,8.4904e+06,1.1052e+07,8.49042e+06,24.0,24.0,1.1052e+07,8.49041e+06,576.0
Layer:x-RL TH8-LP Block$0$LK-SHRB-035M,x-RL TH8-LP Block$0$LK-SHRB-035M,186,186,186,1,98,1.1052e+07,8.4904e+06,1.1052e+07,8.49042e+06,24.0,24.0,1.1052e+07,8.49041e+06,576.0
Layer:x-RL TH8-LP Block$0$LK-SHRB-035M,x-RL TH8-LP Block$0$LK-SHRB-035M,186,186,186,1,98,1.1052e+07,8.4904e+06,1.10521e+07,8.49042e+06,24.0,24.0,1.1052e+07,8.49041e+06,576.0
Layer:x-RL TH8-LP Block$0$LK-SHRB-035M,x-RL TH8-LP Block$0$LK-SHRB-035M,186,186,186,1,98,1.10521e+07,8.4904e+06,1.10521e+07,8.49042e+06,24.0,24.0,1.10521e+07,8.49041e+06,576.0
Layer:x-RL TH8-LP Block$0$LK-SHRB-035M,x-RL TH8-LP Block$0$LK-SHRB-035M,186,186,186,1,98,1.10522e+07,8.48984e+06,1.10522e+07,8.48987e+06,24.0,24.0,1.10522e+07,8.48986e+06,576.0
Layer:x-RL TH8-LP Block$0$LK-SHRB-035M,x-RL TH8-LP Block$0$LK-SHRB-035M,186,186,186,1,98,1.10522e+07,8.48987e+06,1.10522e+07,8.48989e+06,24.0,24.0,1.10522e+07,8.48988e+06,576.0
Layer:x-RL TH8-LP Block$0$LK-SHRB-035M,x-RL TH8-LP Block$0$LK-SHRB-035M,186,186,186,1,98,1.10522e+07,8.48989e+06,1.10522e+07,8.48991e+06,24.0,24.0,1.10522e+07,8.4899e+06,576.0
Layer:x-RL TH8-LP Block$0$LK-SHRB-035M,x-RL TH8-LP Block$0$LK-SHRB-035M,186,186,186,1,98,1.10522e+07,8.48991e+06,1.10522e+07,8.48994e+06,24.0,24.0,1.10522e+07,8.48993e+06,576.0
Layer:x-RL TH8-LP Block$0$LK-SHRB-035M,x-RL TH8-LP Block$0$LK-SHRB-035M,186,186,186,1,98,1.10522e+07,8.48994e+06,1.10522e+07,8.48996e+06,24.0,24.0,1.10522e+07,8.48995e+06,576.0
Layer:x-RL TH8-LP Block$0$LK-SHRB-035M,x-RL TH8-LP Block$0$LK-SHRB-035M,186,186,186,1,98,1.10522e+07,8.48996e+06,1.10522e+07,8.48999e+06,24.0,24.0,1.10522e+07,8.48997e+06,576.0
Layer:x-RL TH8-LP Block$0$LK-SHRB-035M,x-RL TH8-LP Block$0$LK-SHRB-035M,186,186,186,1,98,1.10519e+07,8.48832e+06,1.1052e+07,8.48834e+06,24.0,24.0,1.10519e+07,8.48833e+06,576.0
Layer:x-RL TH8-LP Block$0$LK-SHRB-035M,x-RL TH8-LP Block$0$LK-SHRB-035M,186,186,186,1,98,1.1052e+07,8.48832e+06,1.1052e+07,8.48834e+06,24.0,24.0,1.1052e+07,8.48833e+06,576.0
Layer:x-RL TH8-LP Block$0$LK-SHRB-035M,x-RL TH8-LP Block$0$LK-SHRB-035M,186,186,186,1,98,1.1052e+07,8.48832e+06,1.1052e+07,8.48834e+06,24.0,24.0,1.1052e+07,8.48833e+06,576.0
Layer:x-RL TH8-LP Block$0$LK-SHRB-035M,x-RL TH8-LP Block$0$LK-SHRB-035M,186,186,186,1,98,1.1052e+07,8.48832e+06,1.1052e+07,8.48834e+06,24.0,24.0,1.1052e+07,8.48833e+06,576.0
Layer:x-RL TH8-LP Block$0$LK-SHRB-035M,x-RL TH8-LP Block$0$LK-SHRB-035M,186,186,186,1,98,1.1052e+07,8.48832e+06,1.1052e+07,8.48834e+06,24.0,24.0,1.1052e+07,8.48833e+06,576.0
Layer:x-RL TH8-LP Block$0$LK-SHRB-035M,x-RL TH8-LP Block$0$LK-SHRB-035M,186,186,186,1,98,1.1052e+07,8.48832e+06,1.10521e+07,8.48834e+06,24.0,24.0,1.10521e+07,8.48833e+06,576.0
Layer:x-RL TH8-LP Block$0$LK-SHRB-035M,x-RL TH8-LP Block$0$LK-SHRB-035M,186,186,186,1,98,1.10521e+07,8.48832e+06,1.10521e+07,8.48834e+06,24.0,24.0,1.10521e+07,8.48833e+06,576.0
Layer:x-RL TH8-LP Block$0$LK-SHRB-035M,x-RL TH8-LP Block$0$LK-SHRB-035M,186,186,186,1,98,1.10521e+07,8.48841e+06,1.10522e+07,8.48843e+06,24.0,24.0,1.10522e+07,8.48842e+06,576.0
Layer:x-RL TH8-LP Block$0$LK-SHRB-035M,x-RL TH8-LP Block$0$LK-SHRB-035M,186,186,186,1,98,1.10521e+07,8.48839e+06,1.10522e+07,8.48841e+06,24.0,24.0,1.10522e+07,8.4884e+06,576.0
Layer:x-RL TH8-LP Block$0$LK-SHRB-035M,x-RL TH8-LP Block$0$LK-SHRB-035M,186,186,186,1,98,1.10521e+07,8.48837e+06,1.10522e+07,8.48839e+06,24.0,24.0,1.10522e+07,8.48838e+06,576.0
Layer:x-RL TH8-LP Block$0$LK-SHRB-035M,x-RL TH8-LP Block$0$LK-SHRB-035M,186,186,186,1,98,1.10522e+07,8.48837e+06,1.10522e+07,8.48839e+06,24.0,24.0,1.10522e+07,8.48838e+06,576.0
Layer:x-RL TH8-LP Block$0$LK-SHRB-035M,x-RL TH8-LP Block$0$LK-SHRB-035M,186,186,186,1,98,1.10522e+07,8.48837e+06,1.10522e+07,8.48839e+06,24.0,24.0,1.10522e+07,8.48838e+06,576.0
Layer:x-RL TH8-LP Block$0$LK-SHRB-035M,x-RL TH8-LP Block$0$LK-SHRB-035M,186,186,186,1,98,1.10522e+07,8.48837e+06,1.10522e+07,8.4884e+06,24.0,24.0,1.10522e+07,8.48838e+06,576.0
Layer:x-RL TH8-LP Block$0$LK-SHRB-035M,x-RL TH8-LP Block$0$LK-SHRB-035M,186,186,186,1,98,1.10522e+07,8.48837e+06,1.10522e+07,8.4884e+06,24.0,24.0,1.10522e+07,8.48838e+06,576.0
Layer:x-RL TH8-LP Block$0$LK-SHRB-035M,x-RL TH8-LP Block$0$LK-SHRB-035M,186,186,186,1,98,1.10522e+07,8.48837e+06,1.10523e+07,8.4884e+06,24.0,24.0,1.10523e+07,8.48838e+06,576.0
Layer:x-RL TH8-LP Block$0$LK-SHRB-035M,x-RL TH8-LP Block$0$LK-SHRB-035M,186,186,186,1,98,1.10522e+07,8.48839e+06,1.10523e+07,8.48842e+06,24.0,24.0,1.10523e+07,8.4884e+06,576.0
Layer:x-RL TH8-LP Block$0$LK-SHRB-035M,x-RL TH8-LP Block$0$LK-SHRB-035M,186,186,186,1,98,1.10522e+07,8.48841e+06,1.10523e+07,8.48844e+06,24.0,24.0,1.10523e+07,8.48843e+06,576.0
Layer:x-Villa4-LP Block$0$LP-SHAR-BRDR-CONT,x-Villa4-LP Block$0$LP-SHAR-BRDR-CONT,186,186,186,6,32,1.10582e+07,8.4874e+06,1.1059e+07,8.48754e+06,778.0,140.0,1.10586e+07,8.48748e+06,108920.0
Layer:x-Villa4-LP Block$0$L-002,x-Villa4-LP Block$0$L-002,186,186,186,3,12,1.10582e+07,8.48738e+06,1.1059e+07,8.48744e+06,778.0,61.0,1.10586e+07,8.48741e+06,47458.0
Layer:x-Villa4-LP Block$0$LK-SHRB-TRNK,x-Villa4-LP Block$0$LK-SHRB-TRNK,186,186,186,2,10,1.10582e+07,8.48739e+06,1.10582e+07,8.4874e+06,6.0,6.0,1.10582e+07,8.48739e+06,36.0
Layer:x-Villa4-LP Block$0$LK-TREE-TRNK,x-Villa4-LP Block$0$LK-TREE-TRNK,186,186,186,2,10,1.10583e+07,8.48739e+06,1.10583e+07,8.4874e+06,14.0,12.0,1.10583e+07,8.48739e+06,168.0
Layer:x-Villa4-LP Block$0$LK-TREE-050M,x-Villa4-LP Block$0$LK-TREE-050M,186,186,186,1,10,1.10584e+07,8.48736e+06,1.10585e+07,8.48748e+06,118.0,116.0,1.10585e+07,8.48742e+06,13688.0
Layer:x-Villa4-LP Block$0$LK-TREE-025M,x-Villa4-LP Block$0$LK-TREE-025M,186,186,186,1,13,1.10584e+07,8.48736e+06,1.10585e+07,8.48747e+06,112.0,114.0,1.10585e+07,8.48742e+06,12768.0
Layer:x-Villa4-LP Block$0$LK-TREE-TRNK,x-Villa4-LP Block$0$LK-TREE-TRNK,186,186,186,2,10,1.10585e+07,8.48741e+06,1.10585e+07,8.48742e+06,8.0,12.0,1.10585e+07,8.48742e+06,96.0
Layer:x-Villa4-LP Block$0$LK-SHRB-TRNK,x-Villa4-LP Block$0$LK-SHRB-TRNK,186,186,186,2,10,1.10584e+07,8.4875e+06,1.10584e+07,8.48751e+06,6.0,6.0,1.10584e+07,8.48751e+06,36.0
Layer:x-Villa4-LP Block$0$LP-TREE,x-Villa4-LP Block$0$LP-TREE,186,186,186,2,8,1.10584e+07,8.48739e+06,1.10587e+07,8.48753e+06,326.0,136.0,1.10586e+07,8.48746e+06,44336.0
Layer:x-Villa4-LP Block$0$LK-TREE-050M,x-Villa4-LP Block$0$LK-TREE-050M,186,186,186,1,10,1.10587e+07,8.48735e+06,1.10588e+07,8.48747e+06,116.0,118.0,1.10587e+07,8.48741e+06,13688.0
Layer:x-Villa4-LP Block$0$LK-TREE-025M,x-Villa4-LP Block$0$LK-TREE-025M,186,186,186,1,13,1.10587e+07,8.48735e+06,1.10588e+07,8.48746e+06,114.0,112.0,1.10587e+07,8.48741e+06,12768.0
Layer:x-Villa4-LP Block$0$LK-TREE-TRNK,x-Villa4-LP Block$0$LK-TREE-TRNK,186,186,186,2,10,1.10587e+07,8.4874e+06,1.10587e+07,8.48741e+06,12.0,8.0,1.10587e+07,8.48741e+06,96.0
Layer:x-Villa4-LP Block$0$LK-SHRB-TRNK,x-Villa4-LP Block$0$LK-SHRB-TRNK,186,186,186,2,10,1.10586e+07,8.48747e+06,1.10586e+07,8.48747e+06,2.0,2.0,1.10586e+07,8.48747e+06,4.0
Layer:x-Villa4-LP Block$0$LK-SHRB-TRNK,x-Villa4-LP Block$0$LK-SHRB-TRNK,186,186,186,2,10,1.10586e+07,8.48747e+06,1.10586e+07,8.48747e+06,2.0,2.0,1.10586e+07,8.48747e+06,4.0
Layer:x-Villa4-LP Block$0$LK-SHRB-TRNK,x-Villa4-LP Block$0$LK-SHRB-TRNK,186,186,186,2,10,1.10586e+07,8.48747e+06,1.10586e+07,8.48747e+06,2.0,2.0,1.10586e+07,8.48747e+06,4.0
Layer:x-Villa4-LP Block$0$LK-SHRB-TRNK,x-Villa4-LP Block$0$LK-SHRB-TRNK,186,186,186,2,10,1.10586e+07,8.48747e+06,1.10587e+07,8.48747e+06,2.0,2.0,1.10587e+07,8.48747e+06,4.0
Layer:x-Villa4-LP Block$0$LK-TREE-TRNK,x-Villa4-LP Block$0$LK-TREE-TRNK,186,186,186,2,10,1.1059e+07,8.48739e+06,1.1059e+07,8.4874e+06,14.0,12.0,1.1059e+07,8.48739e+06,168.0
Layer:x-Villa4-LP Block$0$LK-SHRB-TRNK,x-Villa4-LP Block$0$LK-SHRB-TRNK,186,186,186,2,10,1.10591e+07,8.48739e+06,1.10591e+07,8.48739e+06,6.0,6.0,1.10591e+07,8.48739e+06,36.0
Layer:x-RL TH7-LP Block$0$LP-SHAR-BRDR-CONT,x-RL TH7-LP Block$0$LP-SHAR-BRDR-CONT,186,186,186,24,113,1.10415e+07,8.48919e+06,1.10425e+07,8.49089e+06,1007.0,1708.0,1.1042e+07,8.49004e+06,1.71996e+06
Layer:x-RL TH7-LP Block$0$LK-TREE-TRNK,x-RL TH7-LP Block$0$LK-TREE-TRNK,186,186,186,2,10,1.10415e+07,8.49055e+06,1.10415e+07,8.49056e+06,10.0,14.0,1.10415e+07,8.49055e+06,140.0
Layer:x-RL TH7-LP Block$0$L-002,x-RL TH7-LP Block$0$L-002,186,186,186,8,44,1.10412e+07,8.48898e+06,1.10416e+07,8.49061e+06,392.0,1628.0,1.10414e+07,8.4898e+06,638176.0
Layer:x-RL TH7-LP Block$0$LK-SHRB-TRNK,x-RL TH7-LP Block$0$LK-SHRB-TRNK,186,186,186,2,10,1.10415e+07,8.48924e+06,1.10415e+07,8.48925e+06,2.0,2.0,1.10415e+07,8.48925e+06,4.0
Layer:x-RL TH7-LP Block$0$LK-TREE-TRNK,x-RL TH7-LP Block$0$LK-TREE-TRNK,186,186,186,2,10,1.10415e+07,8.48931e+06,1.10415e+07,8.48933e+06,22.0,22.0,1.10415e+07,8.48932e+06,484.0
Layer:x-RL TH7-LP Block$0$LK-SHRB-TRNK,x-RL TH7-LP Block$0$LK-SHRB-TRNK,186,186,186,2,10,1.10415e+07,8.49083e+06,1.10415e+07,8.49083e+06,2.0,2.0,1.10415e+07,8.49083e+06,4.0
Layer:x-RL TH7-LP Block$0$LK-TREE-TRNK,x-RL TH7-LP Block$0$LK-TREE-TRNK,186,186,186,2,10,1.10415e+07,8.49074e+06,1.10415e+07,8.49076e+06,22.0,22.0,1.10415e+07,8.49075e+06,484.0
Layer:x-RL TH7-LP Block$0$LK-SHRB-TRNK,x-RL TH7-LP Block$0$LK-SHRB-TRNK,186,186,186,6,30,1.10415e+07,8.49049e+06,1.10415e+07,8.4905e+06,10.0,10.0,1.10415e+07,8.49049e+06,100.0
Layer:x-RL TH7-LP Block$0$LK-TREE-TRNK,x-RL TH7-LP Block$0$LK-TREE-TRNK,186,186,186,2,10,1.10415e+07,8.49025e+06,1.10415e+07,8.49026e+06,10.0,14.0,1.10415e+07,8.49026e+06,140.0
Layer:x-RL TH7-LP Block$0$LK-TREE-TRNK,x-RL TH7-LP Block$0$LK-TREE-TRNK,186,186,186,2,10,1.10415e+07,8.48984e+06,1.10415e+07,8.48985e+06,10.0,14.0,1.10415e+07,8.48984e+06,140.0
Layer:x-RL TH7-LP Block$0$LK-SHRB-TRNK,x-RL TH7-LP Block$0$LK-SHRB-TRNK,186,186,186,6,30,1.10415e+07,8.48951e+06,1.10415e+07,8.48952e+06,10.0,10.0,1.10415e+07,8.48951e+06,100.0
Layer:x-RL TH7-LP Block$0$LK-TREE-TRNK,x-RL TH7-LP Block$0$LK-TREE-TRNK,186,186,186,2,10,1.10415e+07,8.48959e+06,1.10415e+07,8.48961e+06,10.0,14.0,1.10415e+07,8.4896e+06,140.0
Layer:x-RL TH7-LP Block$0$LK-TREE-TRNK,x-RL TH7-LP Block$0$LK-TREE-TRNK,186,186,186,2,10,1.10415e+07,8.49011e+06,1.10415e+07,8.49012e+06,10.0,14.0,1.10415e+07,8.49012e+06,140.0
Layer:x-RL TH7-LP Block$0$LK-SHRB-TRNK,x-RL TH7-LP Block$0$LK-SHRB-TRNK,186,186,186,2,10,1.10415e+07,8.49004e+06,1.10415e+07,8.49004e+06,6.0,6.0,1.10415e+07,8.49004e+06,36.0
Layer:x-RL TH7-LP Block$0$LK-SHRB-035M,x-RL TH7-LP Block$0$LK-SHRB-035M,186,186,186,1,98,1.10422e+07,8.48923e+06,1.10422e+07,8.48925e+06,24.0,24.0,1.10422e+07,8.48924e+06,576.0
Layer:x-RL TH7-LP Block$0$LK-SHRB-035M,x-RL TH7-LP Block$0$LK-SHRB-035M,186,186,186,1,98,1.10425e+07,8.48913e+06,1.10425e+07,8.48915e+06,24.0,24.0,1.10425e+07,8.48914e+06,576.0
Layer:x-RL TH7-LP Block$0$LK-SHRB-035M,x-RL TH7-LP Block$0$LK-SHRB-035M,186,186,186,1,98,1.10424e+07,8.49094e+06,1.10425e+07,8.49097e+06,24.0,24.0,1.10425e+07,8.49095e+06,576.0
Layer:x-RL TH7-LP Block$0$LK-SHRB-TRNK,x-RL TH7-LP Block$0$LK-SHRB-TRNK,186,186,186,2,10,1.10423e+07,8.49018e+06,1.10423e+07,8.49018e+06,2.0,2.0,1.10423e+07,8.49018e+06,4.0
Layer:x-RL TH7-LP Block$0$LK-SHRB-TRNK,x-RL TH7-LP Block$0$LK-SHRB-TRNK,186,186,186,2,10,1.10424e+07,8.48938e+06,1.10424e+07,8.48938e+06,2.0,2.0,1.10424e+07,8.48938e+06,4.0
Layer:x-RL TH7-LP Block$0$LK-SHRB-TRNK,x-RL TH7-LP Block$0$LK-SHRB-TRNK,186,186,186,2,10,1.10424e+07,8.49018e+06,1.10424e+07,8.49018e+06,2.0,2.0,1.10424e+07,8.49018e+06,4.0
Layer:x-RL TH7-LP Block$0$LK-SHRB-TRNK,x-RL TH7-LP Block$0$LK-SHRB-TRNK,186,186,186,2,10,1.10424e+07,8.49018e+06,1.10424e+07,8.49018e+06,2.0,2.0,1.10424e+07,8.49018e+06,4.0
Layer:x-RL TH7-LP Block$0$LK-SHRB-TRNK,x-RL TH7-LP Block$0$LK-SHRB-TRNK,186,186,186,2,10,1.10424e+07,8.49018e+06,1.10424e+07,8.49018e+06,2.0,2.0,1.10424e+07,8.49018e+06,4.0
Layer:x-RL TH7-LP Block$0$LK-SHRB-TRNK,x-RL TH7-LP Block$0$LK-SHRB-TRNK,186,186,186,2,10,1.10424e+07,8.49018e+06,1.10424e+07,8.49018e+06,2.0,2.0,1.10424e+07,8.49018e+06,4.0
Layer:x-RL TH7-LP Block$0$LK-SHRB-TRNK,x-RL TH7-LP Block$0$LK-SHRB-TRNK,186,186,186,2,10,1.10424e+07,8.49018e+06,1.10424e+07,8.49018e+06,2.0,2.0,1.10424e+07,8.49018e+06,4.0
Layer:x-RL TH7-LP Block$0$LK-SHRB-TRNK,x-RL TH7-LP Block$0$LK-SHRB-TRNK,186,186,186,2,10,1.10425e+07,8.49018e+06,1.10425e+07,8.49018e+06,2.0,2.0,1.10425e+07,8.49018e+06,4.0
Layer:x-RL TH7-LP Block$0$LK-SHRB-TRNK,x-RL TH7-LP Block$0$LK-SHRB-TRNK,186,186,186,2,10,1.10424e+07,8.48938e+06,1.10424e+07,8.48939e+06,2.0,2.0,1.10424e+07,8.48938e+06,4.0
Layer:x-RL TH7-LP Block$0$LK-SHRB-TRNK,x-RL TH7-LP Block$0$LK-SHRB-TRNK,186,186,186,2,10,1.10424e+07,8.48938e+06,1.10424e+07,8.48939e+06,2.0,2.0,1.10424e+07,8.48938e+06,4.0
Layer:x-RL TH7-LP Block$0$LK-SHRB-TRNK,x-RL TH7-LP Block$0$LK-SHRB-TRNK,186,186,186,2,10,1.10425e+07,8.48938e+06,1.10425e+07,8.48939e+06,2.0,2.0,1.10425e+07,8.48938e+06,4.0
Layer:x-RL TH7-LP Block$0$LK-SHRB-035M,x-RL TH7-LP Block$0$LK-SHRB-035M,186,186,186,1,98,1.10422e+07,8.48971e+06,1.10422e+07,8.48973e+06,24.0,24.0,1.10422e+07,8.48972e+06,576.0
Layer:x-RL TH7-LP Block$0$LK-SHRB-035M,x-RL TH7-LP Block$0$LK-SHRB-035M,186,186,186,1,98,1.10422e+07,8.49084e+06,1.10422e+07,8.49086e+06,24.0,24.0,1.10422e+07,8.49085e+06,576.0
Layer:x-RL TH7-LP Block$0$LK-SHRB-TRNK,x-RL TH7-LP Block$0$LK-SHRB-TRNK,186,186,186,2,10,1.10424e+07,8.4907e+06,1.10424e+07,8.4907e+06,2.0,2.0,1.10424e+07,8.4907e+06,4.0
Layer:x-RL TH7-LP Block$0$LK-SHRB-TRNK,x-RL TH7-LP Block$0$LK-SHRB-TRNK,186,186,186,2,10,1.10424e+07,8.4907e+06,1.10424e+07,8.49071e+06,2.0,2.0,1.10424e+07,8.4907e+06,4.0
Layer:x-RL TH7-LP Block$0$LK-SHRB-TRNK,x-RL TH7-LP Block$0$LK-SHRB-TRNK,186,186,186,2,10,1.10424e+07,8.4907e+06,1.10424e+07,8.49071e+06,2.0,2.0,1.10424e+07,8.4907e+06,4.0
Layer:x-RL TH7-LP Block$0$LK-SHRB-TRNK,x-RL TH7-LP Block$0$LK-SHRB-TRNK,186,186,186,2,10,1.10424e+07,8.4907e+06,1.10424e+07,8.49071e+06,2.0,2.0,1.10424e+07,8.49071e+06,4.0
Layer:x-RL TH7-LP Block$0$LK-SHRB-TRNK,x-RL TH7-LP Block$0$LK-SHRB-TRNK,186,186,186,2,10,1.10422e+07,8.48998e+06,1.10422e+07,8.48998e+06,2.0,2.0,1.10422e+07,8.48998e+06,4.0
Layer:x-RL TH7-LP Block$0$LK-SHRB-TRNK,x-RL TH7-LP Block$0$LK-SHRB-TRNK,186,186,186,2,10,1.10422e+07,8.48996e+06,1.10422e+07,8.48996e+06,2.0,2.0,1.10422e+07,8.48996e+06,4.0
Layer:x-RL TH7-LP Block$0$LK-SHRB-TRNK,x-RL TH7-LP Block$0$LK-SHRB-TRNK,186,186,186,2,10,1.10422e+07,8.48994e+06,1.10422e+07,8.48994e+06,2.0,2.0,1.10422e+07,8.48994e+06,4.0
Layer:x-RL TH7-LP Block$0$LK-SHRB-TRNK,x-RL TH7-LP Block$0$LK-SHRB-TRNK,186,186,186,2,10,1.10425e+07,8.48992e+06,1.10425e+07,8.48992e+06,2.0,2.0,1.10425e+07,8.48992e+06,4.0
Layer:x-RL TH7-LP Block$0$LK-SHRB-TRNK,x-RL TH7-LP Block$0$LK-SHRB-TRNK,186,186,186,2,10,1.10424e+07,8.48992e+06,1.10424e+07,8.48992e+06,2.0,2.0,1.10424e+07,8.48992e+06,4.0
Layer:x-RL TH7-LP Block$0$LK-SHRB-TRNK,x-RL TH7-LP Block$0$LK-SHRB-TRNK,186,186,186,2,10,1.10424e+07,8.48992e+06,1.10424e+07,8.48992e+06,2.0,2.0,1.10424e+07,8.48992e+06,4.0
Layer:x-RL TH7-LP Block$0$LK-SHRB-TRNK,x-RL TH7-LP Block$0$LK-SHRB-TRNK,186,186,186,2,10,1.10424e+07,8.48992e+06,1.10424e+07,8.48992e+06,2.0,2.0,1.10424e+07,8.48992e+06,4.0
Layer:x-RL TH7-LP Block$0$LK-SHRB-TRNK,x-RL TH7-LP Block$0$LK-SHRB-TRNK,186,186,186,2,10,1.10424e+07,8.48992e+06,1.10424e+07,8.48992e+06,2.0,2.0,1.10424e+07,8.48992e+06,4.0
Layer:x-RL TH7-LP Block$0$LK-SHRB-TRNK,x-RL TH7-LP Block$0$LK-SHRB-TRNK,186,186,186,2,10,1.10423e+07,8.49018e+06,1.10423e+07,8.49018e+06,2.0,2.0,1.10423e+07,8.49018e+06,4.0
Layer:x-RL TH7-LP Block$0$LK-SHRB-TRNK,x-RL TH7-LP Block$0$LK-SHRB-TRNK,186,186,186,2,10,1.10423e+07,8.49018e+06,1.10423e+07,8.49018e+06,2.0,2.0,1.10423e+07,8.49018e+06,4.0
Layer:x-RL TH7-LP Block$0$LK-SHRB-035M,x-RL TH7-LP Block$0$LK-SHRB-035M,186,186,186,1,98,1.10422e+07,8.4905e+06,1.10423e+07,8.49052e+06,24.0,24.0,1.10423e+07,8.49051e+06,576.0
Layer:x-RL TH7-LP Block$0$LK-SHRB-035M,x-RL TH7-LP Block$0$LK-SHRB-035M,186,186,186,1,98,1.10422e+07,8.49036e+06,1.10423e+07,8.49038e+06,24.0,24.0,1.10422e+07,8.49037e+06,576.0
Layer:x-RL TH7-LP Block$0$LK-SHRB-035M,x-RL TH7-LP Block$0$LK-SHRB-035M,186,186,186,1,98,1.10424e+07,8.48913e+06,1.10425e+07,8.48915e+06,24.0,24.0,1.10424e+07,8.48914e+06,576.0
Layer:x-RL TH7-LP Block$0$LK-SHRB-035M,x-RL TH7-LP Block$0$LK-SHRB-035M,186,186,186,1,98,1.10424e+07,8.48913e+06,1.10424e+07,8.48915e+06,24.0,24.0,1.10424e+07,8.48914e+06,576.0
Layer:x-RL TH7-LP Block$0$LK-SHRB-035M,x-RL TH7-LP Block$0$LK-SHRB-035M,186,186,186,1,98,1.10424e+07,8.48913e+06,1.10424e+07,8.48915e+06,24.0,24.0,1.10424e+07,8.48914e+06,576.0
Layer:x-RL TH7-LP Block$0$LK-SHRB-035M,x-RL TH7-LP Block$0$LK-SHRB-035M,186,186,186,1,98,1.10424e+07,8.48913e+06,1.10424e+07,8.48915e+06,24.0,24.0,1.10424e+07,8.48914e+06,576.0
Layer:x-RL TH7-LP Block$0$LK-SHRB-035M,x-RL TH7-LP Block$0$LK-SHRB-035M,186,186,186,1,98,1.10423e+07,8.48913e+06,1.10424e+07,8.48915e+06,24.0,24.0,1.10424e+07,8.48914e+06,576.0
Layer:x-RL TH7-LP Block$0$LK-SHRB-035M,x-RL TH7-LP Block$0$LK-SHRB-035M,186,186,186,1,98,1.10423e+07,8.48912e+06,1.10423e+07,8.48915e+06,24.0,24.0,1.10423e+07,8.48914e+06,576.0
Layer:x-RL TH7-LP Block$0$LK-SHRB-035M,x-RL TH7-LP Block$0$LK-SHRB-035M,186,186,186,1,98,1.10423e+07,8.48913e+06,1.10423e+07,8.48915e+06,24.0,24.0,1.10423e+07,8.48914e+06,576.0
Layer:x-RL TH7-LP Block$0$LK-SHRB-035M,x-RL TH7-LP Block$0$LK-SHRB-035M,186,186,186,1,98,1.10422e+07,8.48921e+06,1.10422e+07,8.48923e+06,24.0,24.0,1.10422e+07,8.48922e+06,576.0
Layer:x-RL TH7-LP Block$0$LK-SHRB-035M,x-RL TH7-LP Block$0$LK-SHRB-035M,186,186,186,1,98,1.10422e+07,8.48919e+06,1.10422e+07,8.48921e+06,24.0,24.0,1.10422e+07,8.4892e+06,576.0
Layer:x-RL TH7-LP Block$0$LK-SHRB-035M,x-RL TH7-LP Block$0$LK-SHRB-035M,186,186,186,1,98,1.10422e+07,8.48917e+06,1.10422e+07,8.4892e+06,24.0,24.0,1.10422e+07,8.48918e+06,576.0
Layer:x-RL TH7-LP Block$0$LK-SHRB-035M,x-RL TH7-LP Block$0$LK-SHRB-035M,186,186,186,1,98,1.10422e+07,8.48917e+06,1.10422e+07,8.4892e+06,24.0,24.0,1.10422e+07,8.48918e+06,576.0
Layer:x-RL TH7-LP Block$0$LK-SHRB-035M,x-RL TH7-LP Block$0$LK-SHRB-035M,186,186,186,1,98,1.10422e+07,8.48917e+06,1.10422e+07,8.4892e+06,24.0,24.0,1.10422e+07,8.48918e+06,576.0
Layer:x-RL TH7-LP Block$0$LK-SHRB-035M,x-RL TH7-LP Block$0$LK-SHRB-035M,186,186,186,1,98,1.10422e+07,8.48917e+06,1.10422e+07,8.4892e+06,24.0,24.0,1.10422e+07,8.48918e+06,576.0
Layer:x-RL TH7-LP Block$0$LK-SHRB-035M,x-RL TH7-LP Block$0$LK-SHRB-035M,186,186,186,1,98,1.10421e+07,8.48917e+06,1.10422e+07,8.4892e+06,24.0,24.0,1.10421e+07,8.48918e+06,576.0
Layer:x-RL TH7-LP Block$0$LK-SHRB-035M,x-RL TH7-LP Block$0$LK-SHRB-035M,186,186,186,1,98,1.10421e+07,8.48919e+06,1.10422e+07,8.48921e+06,24.0,24.0,1.10421e+07,8.4892e+06,576.0
Layer:x-RL TH7-LP Block$0$LK-SHRB-035M,x-RL TH7-LP Block$0$LK-SHRB-035M,186,186,186,1,98,1.10421e+07,8.48921e+06,1.10422e+07,8.48923e+06,24.0,24.0,1.10421e+07,8.48922e+06,576.0
Layer:x-RL TH7-LP Block$0$LK-SHRB-035M,x-RL TH7-LP Block$0$LK-SHRB-035M,186,186,186,1,98,1.10422e+07,8.48971e+06,1.10422e+07,8.48973e+06,24.0,24.0,1.10422e+07,8.48972e+06,576.0
Layer:x-RL TH7-LP Block$0$LK-SHRB-035M,x-RL TH7-LP Block$0$LK-SHRB-035M,186,186,186,1,98,1.10422e+07,8.48971e+06,1.10423e+07,8.48973e+06,24.0,24.0,1.10423e+07,8.48972e+06,576.0
Layer:x-RL TH7-LP Block$0$LK-SHRB-035M,x-RL TH7-LP Block$0$LK-SHRB-035M,186,186,186,1,98,1.10422e+07,8.48968e+06,1.10422e+07,8.48971e+06,24.0,24.0,1.10422e+07,8.4897e+06,576.0
Layer:x-RL TH7-LP Block$0$LK-SHRB-035M,x-RL TH7-LP Block$0$LK-SHRB-035M,186,186,186,1,98,1.10422e+07,8.48966e+06,1.10422e+07,8.48968e+06,24.0,24.0,1.10422e+07,8.48967e+06,576.0
Layer:x-RL TH7-LP Block$0$LK-SHRB-035M,x-RL TH7-LP Block$0$LK-SHRB-035M,186,186,186,1,98,1.10422e+07,8.48964e+06,1.10422e+07,8.48966e+06,24.0,24.0,1.10422e+07,8.48965e+06,576.0
Layer:x-RL TH7-LP Block$0$LK-SHRB-035M,x-RL TH7-LP Block$0$LK-SHRB-035M,186,186,186,1,98,1.10422e+07,8.48961e+06,1.10422e+07,8.48964e+06,24.0,24.0,1.10422e+07,8.48962e+06,576.0
Layer:x-RL TH7-LP Block$0$LK-SHRB-035M,x-RL TH7-LP Block$0$LK-SHRB-035M,186,186,186,1,98,1.10422e+07,8.48959e+06,1.10422e+07,8.48961e+06,24.0,24.0,1.10422e+07,8.4896e+06,576.0
Layer:x-RL TH7-LP Block$0$LK-SHRB-035M,x-RL TH7-LP Block$0$LK-SHRB-035M,186,186,186,1,98,1.10422e+07,8.48956e+06,1.10422e+07,8.48959e+06,24.0,24.0,1.10422e+07,8.48958e+06,576.0
Layer:x-RL TH7-LP Block$0$LK-SHRB-035M,x-RL TH7-LP Block$0$LK-SHRB-035M,186,186,186,1,98,1.10422e+07,8.48956e+06,1.10422e+07,8.48959e+06,24.0,24.0,1.10422e+07,8.48958e+06,576.0
Layer:x-RL TH7-LP Block$0$LK-SHRB-035M,x-RL TH7-LP Block$0$LK-SHRB-035M,186,186,186,1,98,1.10422e+07,8.48956e+06,1.10423e+07,8.48959e+06,24.0,24.0,1.10423e+07,8.48958e+06,576.0
Layer:x-RL TH7-LP Block$0$LK-SHRB-035M,x-RL TH7-LP Block$0$LK-SHRB-035M,186,186,186,1,98,1.10422e+07,8.49086e+06,1.10422e+07,8.49088e+06,24.0,24.0,1.10422e+07,8.49087e+06,576.0
Layer:x-RL TH7-LP Block$0$LK-SHRB-035M,x-RL TH7-LP Block$0$LK-SHRB-035M,186,186,186,1,98,1.10422e+07,8.49087e+06,1.10422e+07,8.4909e+06,24.0,24.0,1.10422e+07,8.49089e+06,576.0
Layer:x-RL TH7-LP Block$0$LK-SHRB-035M,x-RL TH7-LP Block$0$LK-SHRB-035M,186,186,186,1,98,1.10422e+07,8.49089e+06,1.10422e+07,8.49092e+06,24.0,24.0,1.10422e+07,8.4909e+06,576.0
Layer:x-RL TH7-LP Block$0$LK-SHRB-035M,x-RL TH7-LP Block$0$LK-SHRB-035M,186,186,186,1,98,1.10422e+07,8.49089e+06,1.10422e+07,8.49092e+06,24.0,24.0,1.10422e+07,8.4909e+06,576.0
Layer:x-RL TH7-LP Block$0$LK-SHRB-035M,x-RL TH7-LP Block$0$LK-SHRB-035M,186,186,186,1,98,1.10422e+07,8.49089e+06,1.10422e+07,8.49092e+06,24.0,24.0,1.10422e+07,8.4909e+06,576.0
Layer:x-RL TH7-LP Block$0$LK-SHRB-035M,x-RL TH7-LP Block$0$LK-SHRB-035M,186,186,186,1,98,1.10421e+07,8.49089e+06,1.10422e+07,8.49092e+06,24.0,24.0,1.10421e+07,8.4909e+06,576.0
Layer:x-RL TH7-LP Block$0$LK-SHRB-035M,x-RL TH7-LP Block$0$LK-SHRB-035M,186,186,186,1,98,1.10421e+07,8.49089e+06,1.10421e+07,8.49092e+06,24.0,24.0,1.10421e+07,8.4909e+06,576.0
Layer:x-RL TH7-LP Block$0$LK-SHRB-035M,x-RL TH7-LP Block$0$LK-SHRB-035M,186,186,186,1,98,1.10421e+07,8.49087e+06,1.10421e+07,8.4909e+06,24.0,24.0,1.10421e+07,8.49088e+06,576.0
Layer:x-RL TH7-LP Block$0$LK-SHRB-035M,x-RL TH7-LP Block$0$LK-SHRB-035M,186,186,186,1,98,1.10421e+07,8.49085e+06,1.10421e+07,8.49087e+06,24.0,24.0,1.10421e+07,8.49086e+06,576.0
Layer:x-RL TH7-LP Block$0$LK-SHRB-035M,x-RL TH7-LP Block$0$LK-SHRB-035M,186,186,186,1,98,1.10424e+07,8.49094e+06,1.10424e+07,8.49097e+06,24.0,24.0,1.10424e+07,8.49095e+06,576.0
Layer:x-RL TH7-LP Block$0$LK-SHRB-035M,x-RL TH7-LP Block$0$LK-SHRB-035M,186,186,186,1,98,1.10424e+07,8.49094e+06,1.10424e+07,8.49097e+06,24.0,24.0,1.10424e+07,8.49095e+06,576.0
Layer:x-RL TH7-LP Block$0$LK-SHRB-035M,x-RL TH7-LP Block$0$LK-SHRB-035M,186,186,186,1,98,1.10424e+07,8.49094e+06,1.10424e+07,8.49097e+06,24.0,24.0,1.10424e+07,8.49095e+06,576.0
Layer:x-RL TH7-LP Block$0$LK-SHRB-035M,x-RL TH7-LP Block$0$LK-SHRB-035M,186,186,186,1,98,1.10424e+07,8.49094e+06,1.10424e+07,8.49097e+06,24.0,24.0,1.10424e+07,8.49095e+06,576.0
Layer:x-RL TH7-LP Block$0$LK-SHRB-035M,x-RL TH7-LP Block$0$LK-SHRB-035M,186,186,186,1,98,1.10423e+07,8.49094e+06,1.10424e+07,8.49097e+06,24.0,24.0,1.10423e+07,8.49095e+06,576.0
Layer:x-RL TH7-LP Block$0$LK-SHRB-035M,x-RL TH7-LP Block$0$LK-SHRB-035M,186,186,186,1,98,1.10423e+07,8.49094e+06,1.10423e+07,8.49096e+06,24.0,24.0,1.10423e+07,8.49095e+06,576.0
Layer:x-RL TH7-LP Block$0$LK-SHRB-035M,x-RL TH7-LP Block$0$LK-SHRB-035M,186,186,186,1,98,1.10423e+07,8.49094e+06,1.10423e+07,8.49097e+06,24.0,24.0,1.10423e+07,8.49095e+06,576.0
Layer:x-RL TH7-LP Block$0$LK-SHRB-035M,x-RL TH7-LP Block$0$LK-SHRB-035M,186,186,186,1,98,1.10422e+07,8.4905e+06,1.10422e+07,8.49052e+06,24.0,24.0,1.10422e+07,8.49051e+06,576.0
Layer:x-RL TH7-LP Block$0$LK-SHRB-035M,x-RL TH7-LP Block$0$LK-SHRB-035M,186,186,186,1,98,1.10422e+07,8.4905e+06,1.10422e+07,8.49052e+06,24.0,24.0,1.10422e+07,8.49051e+06,576.0
Layer:x-RL TH7-LP Block$0$LK-SHRB-035M,x-RL TH7-LP Block$0$LK-SHRB-035M,186,186,186,1,98,1.10422e+07,8.4905e+06,1.10422e+07,8.49052e+06,24.0,24.0,1.10422e+07,8.49051e+06,576.0
Layer:x-RL TH7-LP Block$0$LK-SHRB-035M,x-RL TH7-LP Block$0$LK-SHRB-035M,186,186,186,1,98,1.10422e+07,8.49047e+06,1.10422e+07,8.4905e+06,24.0,24.0,1.10422e+07,8.49048e+06,576.0
Layer:x-RL TH7-LP Block$0$LK-SHRB-035M,x-RL TH7-LP Block$0$LK-SHRB-035M,186,186,186,1,98,1.10422e+07,8.49045e+06,1.10422e+07,8.49047e+06,24.0,24.0,1.10422e+07,8.49046e+06,576.0
Layer:x-RL TH7-LP Block$0$LK-SHRB-035M,x-RL TH7-LP Block$0$LK-SHRB-035M,186,186,186,1,98,1.10422e+07,8.49043e+06,1.10422e+07,8.49045e+06,24.0,24.0,1.10422e+07,8.49044e+06,576.0
Layer:x-RL TH7-LP Block$0$LK-SHRB-035M,x-RL TH7-LP Block$0$LK-SHRB-035M,186,186,186,1,98,1.10422e+07,8.4904e+06,1.10422e+07,8.49043e+06,24.0,24.0,1.10422e+07,8.49042e+06,576.0
Layer:x-RL TH7-LP Block$0$LK-SHRB-035M,x-RL TH7-LP Block$0$LK-SHRB-035M,186,186,186,1,98,1.10422e+07,8.49038e+06,1.10422e+07,8.4904e+06,24.0,24.0,1.10422e+07,8.49039e+06,576.0
Layer:x-RL TH7-LP Block$0$LK-SHRB-035M,x-RL TH7-LP Block$0$LK-SHRB-035M,186,186,186,1,98,1.10422e+07,8.49036e+06,1.10422e+07,8.49038e+06,24.0,24.0,1.10422e+07,8.49037e+06,576.0
Layer:x-RL TH7-LP Block$0$LK-SHRB-035M,x-RL TH7-LP Block$0$LK-SHRB-035M,186,186,186,1,98,1.10422e+07,8.49036e+06,1.10422e+07,8.49038e+06,24.0,24.0,1.10422e+07,8.49037e+06,576.0
Layer:x-RL TH7-LP Block$0$LK-SHRB-035M,x-RL TH7-LP Block$0$LK-SHRB-035M,186,186,186,1,98,1.10422e+07,8.49036e+06,1.10423e+07,8.49038e+06,24.0,24.0,1.10423e+07,8.49037e+06,576.0
Layer:x-RL TH7-LP Block$0$LP-SHAR-BRDR-CONT,x-RL TH7-LP Block$0$LP-SHAR-BRDR-CONT,186,186,186,24,113,1.10413e+07,8.48535e+06,1.10424e+07,8.48706e+06,1007.0,1708.0,1.10418e+07,8.48621e+06,1.71996e+06
Layer:x-RL TH7-LP Block$0$LK-TREE-TRNK,x-RL TH7-LP Block$0$LK-TREE-TRNK,186,186,186,2,10,1.10414e+07,8.48671e+06,1.10414e+07,8.48673e+06,10.0,14.0,1.10414e+07,8.48672e+06,140.0
Layer:x-RL TH7-LP Block$0$L-002,x-RL TH7-LP Block$0$L-002,186,186,186,8,44,1.10411e+07,8.48515e+06,1.10415e+07,8.48678e+06,392.0,1628.0,1.10413e+07,8.48596e+06,638176.0
Layer:x-RL TH7-LP Block$0$LK-SHRB-TRNK,x-RL TH7-LP Block$0$LK-SHRB-TRNK,186,186,186,2,10,1.10414e+07,8.48541e+06,1.10414e+07,8.48542e+06,2.0,2.0,1.10414e+07,8.48541e+06,4.0
Layer:x-RL TH7-LP Block$0$LK-TREE-TRNK,x-RL TH7-LP Block$0$LK-TREE-TRNK,186,186,186,2,10,1.10414e+07,8.48548e+06,1.10414e+07,8.4855e+06,22.0,22.0,1.10414e+07,8.48549e+06,484.0
Layer:x-RL TH7-LP Block$0$LK-SHRB-TRNK,x-RL TH7-LP Block$0$LK-SHRB-TRNK,186,186,186,2,10,1.10414e+07,8.48699e+06,1.10414e+07,8.487e+06,2.0,2.0,1.10414e+07,8.487e+06,4.0
Layer:x-RL TH7-LP Block$0$LK-TREE-TRNK,x-RL TH7-LP Block$0$LK-TREE-TRNK,186,186,186,2,10,1.10414e+07,8.4869e+06,1.10414e+07,8.48693e+06,22.0,22.0,1.10414e+07,8.48692e+06,484.0
Layer:x-RL TH7-LP Block$0$LK-SHRB-TRNK,x-RL TH7-LP Block$0$LK-SHRB-TRNK,186,186,186,6,30,1.10414e+07,8.48665e+06,1.10414e+07,8.48666e+06,10.0,10.0,1.10414e+07,8.48666e+06,100.0
Layer:x-RL TH7-LP Block$0$LK-TREE-TRNK,x-RL TH7-LP Block$0$LK-TREE-TRNK,186,186,186,2,10,1.10414e+07,8.48642e+06,1.10414e+07,8.48643e+06,10.0,14.0,1.10414e+07,8.48643e+06,140.0
Layer:x-RL TH7-LP Block$0$LK-TREE-TRNK,x-RL TH7-LP Block$0$LK-TREE-TRNK,186,186,186,2,10,1.10414e+07,8.486e+06,1.10414e+07,8.48602e+06,10.0,14.0,1.10414e+07,8.48601e+06,140.0
Layer:x-RL TH7-LP Block$0$LK-SHRB-TRNK,x-RL TH7-LP Block$0$LK-SHRB-TRNK,186,186,186,6,30,1.10414e+07,8.48568e+06,1.10414e+07,8.48569e+06,10.0,10.0,1.10414e+07,8.48568e+06,100.0
Layer:x-RL TH7-LP Block$0$LK-TREE-TRNK,x-RL TH7-LP Block$0$LK-TREE-TRNK,186,186,186,2,10,1.10414e+07,8.48576e+06,1.10414e+07,8.48577e+06,10.0,14.0,1.10414e+07,8.48577e+06,140.0
Layer:x-RL TH7-LP Block$0$LK-TREE-TRNK,x-RL TH7-LP Block$0$LK-TREE-TRNK,186,186,186,2,10,1.10414e+07,8.48628e+06,1.10414e+07,8.48629e+06,10.0,14.0,1.10414e+07,8.48629e+06,140.0
Layer:x-RL TH7-LP Block$0$LK-SHRB-TRNK,x-RL TH7-LP Block$0$LK-SHRB-TRNK,186,186,186,2,10,1.10414e+07,8.48621e+06,1.10414e+07,8.48621e+06,6.0,6.0,1.10414e+07,8.48621e+06,36.0
Layer:x-RL TH7-LP Block$0$LK-SHRB-035M,x-RL TH7-LP Block$0$LK-SHRB-035M,186,186,186,1,98,1.10421e+07,8.48539e+06,1.10421e+07,8.48542e+06,24.0,24.0,1.10421e+07,8.48541e+06,576.0
Layer:x-RL TH7-LP Block$0$LK-SHRB-035M,x-RL TH7-LP Block$0$LK-SHRB-035M,186,186,186,1,98,1.10423e+07,8.48529e+06,1.10424e+07,8.48532e+06,24.0,24.0,1.10423e+07,8.48531e+06,576.0
Layer:x-RL TH7-LP Block$0$LK-SHRB-035M,x-RL TH7-LP Block$0$LK-SHRB-035M,186,186,186,1,98,1.10423e+07,8.48711e+06,1.10423e+07,8.48713e+06,24.0,24.0,1.10423e+07,8.48712e+06,576.0
Layer:x-RL TH7-LP Block$0$LK-SHRB-TRNK,x-RL TH7-LP Block$0$LK-SHRB-TRNK,186,186,186,2,10,1.10422e+07,8.48634e+06,1.10422e+07,8.48634e+06,2.0,2.0,1.10422e+07,8.48634e+06,4.0
Layer:x-RL TH7-LP Block$0$LK-SHRB-TRNK,x-RL TH7-LP Block$0$LK-SHRB-TRNK,186,186,186,2,10,1.10423e+07,8.48555e+06,1.10423e+07,8.48555e+06,2.0,2.0,1.10423e+07,8.48555e+06,4.0
Layer:x-RL TH7-LP Block$0$LK-SHRB-TRNK,x-RL TH7-LP Block$0$LK-SHRB-TRNK,186,186,186,2,10,1.10422e+07,8.48634e+06,1.10422e+07,8.48634e+06,2.0,2.0,1.10422e+07,8.48634e+06,4.0
Layer:x-RL TH7-LP Block$0$LK-SHRB-TRNK,x-RL TH7-LP Block$0$LK-SHRB-TRNK,186,186,186,2,10,1.10422e+07,8.48634e+06,1.10422e+07,8.48634e+06,2.0,2.0,1.10422e+07,8.48634e+06,4.0
Layer:x-RL TH7-LP Block$0$LK-SHRB-TRNK,x-RL TH7-LP Block$0$LK-SHRB-TRNK,186,186,186,2,10,1.10423e+07,8.48634e+06,1.10423e+07,8.48634e+06,2.0,2.0,1.10423e+07,8.48634e+06,4.0
Layer:x-RL TH7-LP Block$0$LK-SHRB-TRNK,x-RL TH7-LP Block$0$LK-SHRB-TRNK,186,186,186,2,10,1.10423e+07,8.48634e+06,1.10423e+07,8.48635e+06,2.0,2.0,1.10423e+07,8.48634e+06,4.0
Layer:x-RL TH7-LP Block$0$LK-SHRB-TRNK,x-RL TH7-LP Block$0$LK-SHRB-TRNK,186,186,186,2,10,1.10423e+07,8.48634e+06,1.10423e+07,8.48635e+06,2.0,2.0,1.10423e+07,8.48634e+06,4.0
Layer:x-RL TH7-LP Block$0$LK-SHRB-TRNK,x-RL TH7-LP Block$0$LK-SHRB-TRNK,186,186,186,2,10,1.10423e+07,8.48634e+06,1.10423e+07,8.48635e+06,2.0,2.0,1.10423e+07,8.48634e+06,4.0
Layer:x-RL TH7-LP Block$0$LK-SHRB-TRNK,x-RL TH7-LP Block$0$LK-SHRB-TRNK,186,186,186,2,10,1.10423e+07,8.48555e+06,1.10423e+07,8.48555e+06,2.0,2.0,1.10423e+07,8.48555e+06,4.0
Layer:x-RL TH7-LP Block$0$LK-SHRB-TRNK,x-RL TH7-LP Block$0$LK-SHRB-TRNK,186,186,186,2,10,1.10423e+07,8.48555e+06,1.10423e+07,8.48555e+06,2.0,2.0,1.10423e+07,8.48555e+06,4.0
Layer:x-RL TH7-LP Block$0$LK-SHRB-TRNK,x-RL TH7-LP Block$0$LK-SHRB-TRNK,186,186,186,2,10,1.10423e+07,8.48555e+06,1.10423e+07,8.48555e+06,2.0,2.0,1.10423e+07,8.48555e+06,4.0
Layer:x-RL TH7-LP Block$0$LK-SHRB-035M,x-RL TH7-LP Block$0$LK-SHRB-035M,186,186,186,1,98,1.10421e+07,8.48588e+06,1.10421e+07,8.4859e+06,24.0,24.0,1.10421e+07,8.48589e+06,576.0
Layer:x-RL TH7-LP Block$0$LK-SHRB-035M,x-RL TH7-LP Block$0$LK-SHRB-035M,186,186,186,1,98,1.10421e+07,8.487e+06,1.10421e+07,8.48703e+06,24.0,24.0,1.10421e+07,8.48702e+06,576.0
Layer:x-RL TH7-LP Block$0$LK-SHRB-TRNK,x-RL TH7-LP Block$0$LK-SHRB-TRNK,186,186,186,2,10,1.10422e+07,8.48687e+06,1.10422e+07,8.48687e+06,2.0,2.0,1.10422e+07,8.48687e+06,4.0
Layer:x-RL TH7-LP Block$0$LK-SHRB-TRNK,x-RL TH7-LP Block$0$LK-SHRB-TRNK,186,186,186,2,10,1.10423e+07,8.48687e+06,1.10423e+07,8.48687e+06,2.0,2.0,1.10423e+07,8.48687e+06,4.0
Layer:x-RL TH7-LP Block$0$LK-SHRB-TRNK,x-RL TH7-LP Block$0$LK-SHRB-TRNK,186,186,186,2,10,1.10423e+07,8.48687e+06,1.10423e+07,8.48687e+06,2.0,2.0,1.10423e+07,8.48687e+06,4.0
Layer:x-RL TH7-LP Block$0$LK-SHRB-TRNK,x-RL TH7-LP Block$0$LK-SHRB-TRNK,186,186,186,2,10,1.10423e+07,8.48687e+06,1.10423e+07,8.48688e+06,2.0,2.0,1.10423e+07,8.48687e+06,4.0
Layer:x-RL TH7-LP Block$0$LK-SHRB-TRNK,x-RL TH7-LP Block$0$LK-SHRB-TRNK,186,186,186,2,10,1.10421e+07,8.48615e+06,1.10421e+07,8.48615e+06,2.0,2.0,1.10421e+07,8.48615e+06,4.0
Layer:x-RL TH7-LP Block$0$LK-SHRB-TRNK,x-RL TH7-LP Block$0$LK-SHRB-TRNK,186,186,186,2,10,1.10421e+07,8.48613e+06,1.10421e+07,8.48613e+06,2.0,2.0,1.10421e+07,8.48613e+06,4.0
Layer:x-RL TH7-LP Block$0$LK-SHRB-TRNK,x-RL TH7-LP Block$0$LK-SHRB-TRNK,186,186,186,2,10,1.10421e+07,8.4861e+06,1.10421e+07,8.4861e+06,2.0,2.0,1.10421e+07,8.4861e+06,4.0
Layer:x-RL TH7-LP Block$0$LK-SHRB-TRNK,x-RL TH7-LP Block$0$LK-SHRB-TRNK,186,186,186,2,10,1.10423e+07,8.48609e+06,1.10423e+07,8.48609e+06,2.0,2.0,1.10423e+07,8.48609e+06,4.0
Layer:x-RL TH7-LP Block$0$LK-SHRB-TRNK,x-RL TH7-LP Block$0$LK-SHRB-TRNK,186,186,186,2,10,1.10423e+07,8.48609e+06,1.10423e+07,8.48609e+06,2.0,2.0,1.10423e+07,8.48609e+06,4.0
Layer:x-RL TH7-LP Block$0$LK-SHRB-TRNK,x-RL TH7-LP Block$0$LK-SHRB-TRNK,186,186,186,2,10,1.10423e+07,8.48609e+06,1.10423e+07,8.48609e+06,2.0,2.0,1.10423e+07,8.48609e+06,4.0
Layer:x-RL TH7-LP Block$0$LK-SHRB-TRNK,x-RL TH7-LP Block$0$LK-SHRB-TRNK,186,186,186,2,10,1.10423e+07,8.48609e+06,1.10423e+07,8.48609e+06,2.0,2.0,1.10423e+07,8.48609e+06,4.0
Layer:x-RL TH7-LP Block$0$LK-SHRB-TRNK,x-RL TH7-LP Block$0$LK-SHRB-TRNK,186,186,186,2,10,1.10422e+07,8.48609e+06,1.10422e+07,8.48609e+06,2.0,2.0,1.10422e+07,8.48609e+06,4.0
Layer:x-RL TH7-LP Block$0$LK-SHRB-TRNK,x-RL TH7-LP Block$0$LK-SHRB-TRNK,186,186,186,2,10,1.10422e+07,8.48634e+06,1.10422e+07,8.48634e+06,2.0,2.0,1.10422e+07,8.48634e+06,4.0
Layer:x-RL TH7-LP Block$0$LK-SHRB-TRNK,x-RL TH7-LP Block$0$LK-SHRB-TRNK,186,186,186,2,10,1.10422e+07,8.48634e+06,1.10422e+07,8.48634e+06,2.0,2.0,1.10422e+07,8.48634e+06,4.0
Layer:x-RL TH7-LP Block$0$LK-SHRB-035M,x-RL TH7-LP Block$0$LK-SHRB-035M,186,186,186,1,98,1.10421e+07,8.48666e+06,1.10421e+07,8.48669e+06,24.0,24.0,1.10421e+07,8.48668e+06,576.0
Layer:x-RL TH7-LP Block$0$LK-SHRB-035M,x-RL TH7-LP Block$0$LK-SHRB-035M,186,186,186,1,98,1.10421e+07,8.48653e+06,1.10421e+07,8.48655e+06,24.0,24.0,1.10421e+07,8.48654e+06,576.0
Layer:x-RL TH7-LP Block$0$LK-SHRB-035M,x-RL TH7-LP Block$0$LK-SHRB-035M,186,186,186,1,98,1.10423e+07,8.4853e+06,1.10423e+07,8.48532e+06,24.0,24.0,1.10423e+07,8.48531e+06,576.0
Layer:x-RL TH7-LP Block$0$LK-SHRB-035M,x-RL TH7-LP Block$0$LK-SHRB-035M,186,186,186,1,98,1.10423e+07,8.48529e+06,1.10423e+07,8.48532e+06,24.0,24.0,1.10423e+07,8.48531e+06,576.0
Layer:x-RL TH7-LP Block$0$LK-SHRB-035M,x-RL TH7-LP Block$0$LK-SHRB-035M,186,186,186,1,98,1.10423e+07,8.48529e+06,1.10423e+07,8.48532e+06,24.0,24.0,1.10423e+07,8.48531e+06,576.0
Layer:x-RL TH7-LP Block$0$LK-SHRB-035M,x-RL TH7-LP Block$0$LK-SHRB-035M,186,186,186,1,98,1.10422e+07,8.48529e+06,1.10423e+07,8.48532e+06,24.0,24.0,1.10422e+07,8.48531e+06,576.0
Layer:x-RL TH7-LP Block$0$LK-SHRB-035M,x-RL TH7-LP Block$0$LK-SHRB-035M,186,186,186,1,98,1.10422e+07,8.48529e+06,1.10422e+07,8.48532e+06,24.0,24.0,1.10422e+07,8.48531e+06,576.0
Layer:x-RL TH7-LP Block$0$LK-SHRB-035M,x-RL TH7-LP Block$0$LK-SHRB-035M,186,186,186,1,98,1.10422e+07,8.48529e+06,1.10422e+07,8.48532e+06,24.0,24.0,1.10422e+07,8.4853e+06,576.0
Layer:x-RL TH7-LP Block$0$LK-SHRB-035M,x-RL TH7-LP Block$0$LK-SHRB-035M,186,186,186,1,98,1.10422e+07,8.48529e+06,1.10422e+07,8.48532e+06,24.0,24.0,1.10422e+07,8.48531e+06,576.0
Layer:x-RL TH7-LP Block$0$LK-SHRB-035M,x-RL TH7-LP Block$0$LK-SHRB-035M,186,186,186,1,98,1.10421e+07,8.48538e+06,1.10421e+07,8.4854e+06,24.0,24.0,1.10421e+07,8.48539e+06,576.0
Layer:x-RL TH7-LP Block$0$LK-SHRB-035M,x-RL TH7-LP Block$0$LK-SHRB-035M,186,186,186,1,98,1.10421e+07,8.48536e+06,1.10421e+07,8.48538e+06,24.0,24.0,1.10421e+07,8.48537e+06,576.0
Layer:x-RL TH7-LP Block$0$LK-SHRB-035M,x-RL TH7-LP Block$0$LK-SHRB-035M,186,186,186,1,98,1.10421e+07,8.48534e+06,1.10421e+07,8.48536e+06,24.0,24.0,1.10421e+07,8.48535e+06,576.0
Layer:x-RL TH7-LP Block$0$LK-SHRB-035M,x-RL TH7-LP Block$0$LK-SHRB-035M,186,186,186,1,98,1.10421e+07,8.48534e+06,1.10421e+07,8.48536e+06,24.0,24.0,1.10421e+07,8.48535e+06,576.0
Layer:x-RL TH7-LP Block$0$LK-SHRB-035M,x-RL TH7-LP Block$0$LK-SHRB-035M,186,186,186,1,98,1.1042e+07,8.48534e+06,1.10421e+07,8.48536e+06,24.0,24.0,1.10421e+07,8.48535e+06,576.0
Layer:x-RL TH7-LP Block$0$LK-SHRB-035M,x-RL TH7-LP Block$0$LK-SHRB-035M,186,186,186,1,98,1.1042e+07,8.48534e+06,1.1042e+07,8.48536e+06,24.0,24.0,1.1042e+07,8.48535e+06,576.0
Layer:x-RL TH7-LP Block$0$LK-SHRB-035M,x-RL TH7-LP Block$0$LK-SHRB-035M,186,186,186,1,98,1.1042e+07,8.48534e+06,1.1042e+07,8.48536e+06,24.0,24.0,1.1042e+07,8.48535e+06,576.0
Layer:x-RL TH7-LP Block$0$LK-SHRB-035M,x-RL TH7-LP Block$0$LK-SHRB-035M,186,186,186,1,98,1.1042e+07,8.48536e+06,1.1042e+07,8.48538e+06,24.0,24.0,1.1042e+07,8.48537e+06,576.0
Layer:x-RL TH7-LP Block$0$LK-SHRB-035M,x-RL TH7-LP Block$0$LK-SHRB-035M,186,186,186,1,98,1.1042e+07,8.48538e+06,1.1042e+07,8.4854e+06,24.0,24.0,1.1042e+07,8.48539e+06,576.0
Layer:x-RL TH7-LP Block$0$LK-SHRB-035M,x-RL TH7-LP Block$0$LK-SHRB-035M,186,186,186,1,98,1.10421e+07,8.48588e+06,1.10421e+07,8.4859e+06,24.0,24.0,1.10421e+07,8.48589e+06,576.0
Layer:x-RL TH7-LP Block$0$LK-SHRB-035M,x-RL TH7-LP Block$0$LK-SHRB-035M,186,186,186,1,98,1.10421e+07,8.48587e+06,1.10421e+07,8.4859e+06,24.0,24.0,1.10421e+07,8.48589e+06,576.0
Layer:x-RL TH7-LP Block$0$LK-SHRB-035M,x-RL TH7-LP Block$0$LK-SHRB-035M,186,186,186,1,98,1.10421e+07,8.48585e+06,1.10421e+07,8.48588e+06,24.0,24.0,1.10421e+07,8.48586e+06,576.0
Layer:x-RL TH7-LP Block$0$LK-SHRB-035M,x-RL TH7-LP Block$0$LK-SHRB-035M,186,186,186,1,98,1.10421e+07,8.48583e+06,1.10421e+07,8.48585e+06,24.0,24.0,1.10421e+07,8.48584e+06,576.0
Layer:x-RL TH7-LP Block$0$LK-SHRB-035M,x-RL TH7-LP Block$0$LK-SHRB-035M,186,186,186,1,98,1.10421e+07,8.4858e+06,1.10421e+07,8.48583e+06,24.0,24.0,1.10421e+07,8.48582e+06,576.0
Layer:x-RL TH7-LP Block$0$LK-SHRB-035M,x-RL TH7-LP Block$0$LK-SHRB-035M,186,186,186,1,98,1.10421e+07,8.48578e+06,1.10421e+07,8.4858e+06,24.0,24.0,1.10421e+07,8.48579e+06,576.0
Layer:x-RL TH7-LP Block$0$LK-SHRB-035M,x-RL TH7-LP Block$0$LK-SHRB-035M,186,186,186,1,98,1.10421e+07,8.48576e+06,1.10421e+07,8.48578e+06,24.0,24.0,1.10421e+07,8.48577e+06,576.0
Layer:x-RL TH7-LP Block$0$LK-SHRB-035M,x-RL TH7-LP Block$0$LK-SHRB-035M,186,186,186,1,98,1.10421e+07,8.48573e+06,1.10421e+07,8.48576e+06,24.0,24.0,1.10421e+07,8.48574e+06,576.0
Layer:x-RL TH7-LP Block$0$LK-SHRB-035M,x-RL TH7-LP Block$0$LK-SHRB-035M,186,186,186,1,98,1.10421e+07,8.48573e+06,1.10421e+07,8.48576e+06,24.0,24.0,1.10421e+07,8.48574e+06,576.0
Layer:x-RL TH7-LP Block$0$LK-SHRB-035M,x-RL TH7-LP Block$0$LK-SHRB-035M,186,186,186,1,98,1.10421e+07,8.48573e+06,1.10421e+07,8.48576e+06,24.0,24.0,1.10421e+07,8.48574e+06,576.0
Layer:x-RL TH7-LP Block$0$LK-SHRB-035M,x-RL TH7-LP Block$0$LK-SHRB-035M,186,186,186,1,98,1.10421e+07,8.48702e+06,1.10421e+07,8.48705e+06,24.0,24.0,1.10421e+07,8.48704e+06,576.0
Layer:x-RL TH7-LP Block$0$LK-SHRB-035M,x-RL TH7-LP Block$0$LK-SHRB-035M,186,186,186,1,98,1.10421e+07,8.48704e+06,1.10421e+07,8.48707e+06,24.0,24.0,1.10421e+07,8.48705e+06,576.0
Layer:x-RL TH7-LP Block$0$LK-SHRB-035M,x-RL TH7-LP Block$0$LK-SHRB-035M,186,186,186,1,98,1.10421e+07,8.48706e+06,1.10421e+07,8.48708e+06,24.0,24.0,1.10421e+07,8.48707e+06,576.0
Layer:x-RL TH7-LP Block$0$LK-SHRB-035M,x-RL TH7-LP Block$0$LK-SHRB-035M,186,186,186,1,98,1.10421e+07,8.48706e+06,1.10421e+07,8.48708e+06,24.0,24.0,1.10421e+07,8.48707e+06,576.0
Layer:x-RL TH7-LP Block$0$LK-SHRB-035M,x-RL TH7-LP Block$0$LK-SHRB-035M,186,186,186,1,98,1.1042e+07,8.48706e+06,1.10421e+07,8.48708e+06,24.0,24.0,1.1042e+07,8.48707e+06,576.0
Layer:x-RL TH7-LP Block$0$LK-SHRB-035M,x-RL TH7-LP Block$0$LK-SHRB-035M,186,186,186,1,98,1.1042e+07,8.48706e+06,1.1042e+07,8.48708e+06,24.0,24.0,1.1042e+07,8.48707e+06,576.0
Layer:x-RL TH7-LP Block$0$LK-SHRB-035M,x-RL TH7-LP Block$0$LK-SHRB-035M,186,186,186,1,98,1.1042e+07,8.48706e+06,1.1042e+07,8.48708e+06,24.0,24.0,1.1042e+07,8.48707e+06,576.0
Layer:x-RL TH7-LP Block$0$LK-SHRB-035M,x-RL TH7-LP Block$0$LK-SHRB-035M,186,186,186,1,98,1.1042e+07,8.48704e+06,1.1042e+07,8.48706e+06,24.0,24.0,1.1042e+07,8.48705e+06,576.0
Layer:x-RL TH7-LP Block$0$LK-SHRB-035M,x-RL TH7-LP Block$0$LK-SHRB-035M,186,186,186,1,98,1.1042e+07,8.48702e+06,1.1042e+07,8.48704e+06,24.0,24.0,1.1042e+07,8.48703e+06,576.0
Layer:x-RL TH7-LP Block$0$LK-SHRB-035M,x-RL TH7-LP Block$0$LK-SHRB-035M,186,186,186,1,98,1.10423e+07,8.48711e+06,1.10423e+07,8.48713e+06,24.0,24.0,1.10423e+07,8.48712e+06,576.0
Layer:x-RL TH7-LP Block$0$LK-SHRB-035M,x-RL TH7-LP Block$0$LK-SHRB-035M,186,186,186,1,98,1.10423e+07,8.48711e+06,1.10423e+07,8.48713e+06,24.0,24.0,1.10423e+07,8.48712e+06,576.0
Layer:x-RL TH7-LP Block$0$LK-SHRB-035M,x-RL TH7-LP Block$0$LK-SHRB-035M,186,186,186,1,98,1.10422e+07,8.48711e+06,1.10423e+07,8.48713e+06,24.0,24.0,1.10423e+07,8.48712e+06,576.0
Layer:x-RL TH7-LP Block$0$LK-SHRB-035M,x-RL TH7-LP Block$0$LK-SHRB-035M,186,186,186,1,98,1.10422e+07,8.48711e+06,1.10422e+07,8.48713e+06,24.0,24.0,1.10422e+07,8.48712e+06,576.0
Layer:x-RL TH7-LP Block$0$LK-SHRB-035M,x-RL TH7-LP Block$0$LK-SHRB-035M,186,186,186,1,98,1.10422e+07,8.48711e+06,1.10422e+07,8.48713e+06,24.0,24.0,1.10422e+07,8.48712e+06,576.0
Layer:x-RL TH7-LP Block$0$LK-SHRB-035M,x-RL TH7-LP Block$0$LK-SHRB-035M,186,186,186,1,98,1.10422e+07,8.48711e+06,1.10422e+07,8.48713e+06,24.0,24.0,1.10422e+07,8.48712e+06,576.0
Layer:x-RL TH7-LP Block$0$LK-SHRB-035M,x-RL TH7-LP Block$0$LK-SHRB-035M,186,186,186,1,98,1.10422e+07,8.48711e+06,1.10422e+07,8.48713e+06,24.0,24.0,1.10422e+07,8.48712e+06,576.0
Layer:x-RL TH7-LP Block$0$LK-SHRB-035M,x-RL TH7-LP Block$0$LK-SHRB-035M,186,186,186,1,98,1.10421e+07,8.48666e+06,1.10421e+07,8.48669e+06,24.0,24.0,1.10421e+07,8.48668e+06,576.0
Layer:x-RL TH7-LP Block$0$LK-SHRB-035M,x-RL TH7-LP Block$0$LK-SHRB-035M,186,186,186,1,98,1.10421e+07,8.48666e+06,1.10421e+07,8.48669e+06,24.0,24.0,1.10421e+07,8.48668e+06,576.0
Layer:x-RL TH7-LP Block$0$LK-SHRB-035M,x-RL TH7-LP Block$0$LK-SHRB-035M,186,186,186,1,98,1.10421e+07,8.48666e+06,1.10421e+07,8.48669e+06,24.0,24.0,1.10421e+07,8.48668e+06,576.0
Layer:x-RL TH7-LP Block$0$LK-SHRB-035M,x-RL TH7-LP Block$0$LK-SHRB-035M,186,186,186,1,98,1.10421e+07,8.48664e+06,1.10421e+07,8.48666e+06,24.0,24.0,1.10421e+07,8.48665e+06,576.0
Layer:x-RL TH7-LP Block$0$LK-SHRB-035M,x-RL TH7-LP Block$0$LK-SHRB-035M,186,186,186,1,98,1.10421e+07,8.48662e+06,1.10421e+07,8.48664e+06,24.0,24.0,1.10421e+07,8.48663e+06,576.0
Layer:x-RL TH7-LP Block$0$LK-SHRB-035M,x-RL TH7-LP Block$0$LK-SHRB-035M,186,186,186,1,98,1.10421e+07,8.48659e+06,1.10421e+07,8.48662e+06,24.0,24.0,1.10421e+07,8.48661e+06,576.0
Layer:x-RL TH7-LP Block$0$LK-SHRB-035M,x-RL TH7-LP Block$0$LK-SHRB-035M,186,186,186,1,98,1.10421e+07,8.48657e+06,1.10421e+07,8.4866e+06,24.0,24.0,1.10421e+07,8.48658e+06,576.0
Layer:x-RL TH7-LP Block$0$LK-SHRB-035M,x-RL TH7-LP Block$0$LK-SHRB-035M,186,186,186,1,98,1.10421e+07,8.48655e+06,1.10421e+07,8.48657e+06,24.0,24.0,1.10421e+07,8.48656e+06,576.0
Layer:x-RL TH7-LP Block$0$LK-SHRB-035M,x-RL TH7-LP Block$0$LK-SHRB-035M,186,186,186,1,98,1.10421e+07,8.48652e+06,1.10421e+07,8.48655e+06,24.0,24.0,1.10421e+07,8.48654e+06,576.0
Layer:x-RL TH7-LP Block$0$LK-SHRB-035M,x-RL TH7-LP Block$0$LK-SHRB-035M,186,186,186,1,98,1.10421e+07,8.48653e+06,1.10421e+07,8.48655e+06,24.0,24.0,1.10421e+07,8.48654e+06,576.0
Layer:x-RL TH7-LP Block$0$LK-SHRB-035M,x-RL TH7-LP Block$0$LK-SHRB-035M,186,186,186,1,98,1.10421e+07,8.48653e+06,1.10421e+07,8.48655e+06,24.0,24.0,1.10421e+07,8.48654e+06,576.0
Layer:x-RL TH6-LP Block$0$LP-SHAR-BRDR-CONT,x-RL TH6-LP Block$0$LP-SHAR-BRDR-CONT,186,186,186,23,104,1.10447e+07,8.49008e+06,1.10461e+07,8.49109e+06,1442.0,1012.0,1.10454e+07,8.49058e+06,1.4593e+06
Layer:x-RL TH6-LP Block$0$LK-SHRB-TRNK,x-RL TH6-LP Block$0$LK-SHRB-TRNK,186,186,186,6,30,1.10454e+07,8.49102e+06,1.10455e+07,8.49103e+06,10.0,10.0,1.10455e+07,8.49102e+06,100.0
Layer:x-RL TH6-LP Block$0$LK-SHRB-TRNK,x-RL TH6-LP Block$0$LK-SHRB-TRNK,186,186,186,6,30,1.10454e+07,8.49102e+06,1.10454e+07,8.49103e+06,10.0,10.0,1.10454e+07,8.49102e+06,100.0
Layer:x-RL TH6-LP Block$0$LK-SHRB-TRNK,x-RL TH6-LP Block$0$LK-SHRB-TRNK,186,186,186,6,30,1.10454e+07,8.49102e+06,1.10454e+07,8.49103e+06,10.0,10.0,1.10454e+07,8.49102e+06,100.0
Layer:x-RL TH6-LP Block$0$LK-SHRB-TRNK,x-RL TH6-LP Block$0$LK-SHRB-TRNK,186,186,186,6,30,1.10453e+07,8.49102e+06,1.10453e+07,8.49103e+06,10.0,10.0,1.10453e+07,8.49102e+06,100.0
Layer:x-RL TH6-LP Block$0$LK-SHRB-TRNK,x-RL TH6-LP Block$0$LK-SHRB-TRNK,186,186,186,2,10,1.10447e+07,8.49102e+06,1.10447e+07,8.49102e+06,2.0,2.0,1.10447e+07,8.49102e+06,4.0
Layer:x-RL TH6-LP Block$0$LK-TREE-TRNK,x-RL TH6-LP Block$0$LK-TREE-TRNK,186,186,186,2,10,1.10455e+07,8.49106e+06,1.10455e+07,8.49107e+06,14.0,10.0,1.10455e+07,8.49106e+06,140.0
Layer:x-RL TH6-LP Block$0$L-002,x-RL TH6-LP Block$0$L-002,186,186,186,6,42,1.1045e+07,8.49028e+06,1.10458e+07,8.49108e+06,888.0,804.0,1.10454e+07,8.49068e+06,713952.0
Layer:x-RL TH6-LP Block$0$LK-TREE-TRNK,x-RL TH6-LP Block$0$LK-TREE-TRNK,186,186,186,2,10,1.10453e+07,8.49106e+06,1.10453e+07,8.49107e+06,14.0,10.0,1.10453e+07,8.49106e+06,140.0
Layer:x-RL TH6-LP Block$0$LK-SHRB-TRNK,x-RL TH6-LP Block$0$LK-SHRB-TRNK,186,186,186,2,10,1.10461e+07,8.49102e+06,1.10461e+07,8.49102e+06,2.0,2.0,1.10461e+07,8.49102e+06,4.0
Layer:x-RL TH6-LP Block$0$LK-TREE-TRNK,x-RL TH6-LP Block$0$LK-TREE-TRNK,186,186,186,2,10,1.1046e+07,8.49105e+06,1.1046e+07,8.49106e+06,14.0,10.0,1.1046e+07,8.49105e+06,140.0
Layer:x-RL TH6-LP Block$0$LK-TREE-TRNK,x-RL TH6-LP Block$0$LK-TREE-TRNK,186,186,186,2,10,1.10451e+07,8.49102e+06,1.10451e+07,8.49104e+06,10.0,14.0,1.10451e+07,8.49103e+06,140.0
Layer:x-RL TH6-LP Block$0$LK-TREE-TRNK,x-RL TH6-LP Block$0$LK-TREE-TRNK,186,186,186,2,10,1.10457e+07,8.49103e+06,1.10457e+07,8.49104e+06,10.0,14.0,1.10457e+07,8.49104e+06,140.0
Layer:x-RL TH6-LP Block$0$LK-SHRB-TRNK,x-RL TH6-LP Block$0$LK-SHRB-TRNK,186,186,186,2,10,1.10458e+07,8.49102e+06,1.10458e+07,8.49103e+06,6.0,6.0,1.10458e+07,8.49103e+06,36.0
Layer:x-RL TH6-LP Block$0$LK-SHRB-TRNK,x-RL TH6-LP Block$0$LK-SHRB-TRNK,186,186,186,2,10,1.1045e+07,8.49102e+06,1.1045e+07,8.49102e+06,6.0,6.0,1.1045e+07,8.49102e+06,36.0
Layer:x-RL TH6-LP Block$0$LK-TREE-TRNK,x-RL TH6-LP Block$0$LK-TREE-TRNK,186,186,186,2,10,1.10448e+07,8.49103e+06,1.10448e+07,8.49105e+06,22.0,22.0,1.10448e+07,8.49104e+06,484.0
Layer:x-RL TH6-LP Block$0$LK-SHRB-035M,x-RL TH6-LP Block$0$LK-SHRB-035M,186,186,186,1,98,1.10446e+07,8.49007e+06,1.10446e+07,8.4901e+06,24.0,24.0,1.10446e+07,8.49009e+06,576.0
Layer:x-RL TH6-LP Block$0$LK-SHRB-035M,x-RL TH6-LP Block$0$LK-SHRB-035M,186,186,186,1,98,1.10462e+07,8.49008e+06,1.10462e+07,8.49011e+06,24.0,24.0,1.10462e+07,8.4901e+06,576.0
Layer:x-RL TH6-LP Block$0$LK-SHRB-TRNK,x-RL TH6-LP Block$0$LK-SHRB-TRNK,186,186,186,2,10,1.10454e+07,8.49027e+06,1.10454e+07,8.49027e+06,2.0,2.0,1.10454e+07,8.49027e+06,4.0
Layer:x-RL TH6-LP Block$0$LK-SHRB-TRNK,x-RL TH6-LP Block$0$LK-SHRB-TRNK,186,186,186,2,10,1.10454e+07,8.49024e+06,1.10454e+07,8.49024e+06,2.0,2.0,1.10454e+07,8.49024e+06,4.0
Layer:x-RL TH6-LP Block$0$LK-SHRB-TRNK,x-RL TH6-LP Block$0$LK-SHRB-TRNK,186,186,186,2,10,1.10454e+07,8.49022e+06,1.10454e+07,8.49022e+06,2.0,2.0,1.10454e+07,8.49022e+06,4.0
Layer:x-RL TH6-LP Block$0$LK-SHRB-TRNK,x-RL TH6-LP Block$0$LK-SHRB-TRNK,186,186,186,2,10,1.10454e+07,8.49019e+06,1.10454e+07,8.4902e+06,2.0,2.0,1.10454e+07,8.4902e+06,4.0
Layer:x-RL TH6-LP Block$0$LK-SHRB-TRNK,x-RL TH6-LP Block$0$LK-SHRB-TRNK,186,186,186,2,10,1.10454e+07,8.49017e+06,1.10454e+07,8.49017e+06,2.0,2.0,1.10454e+07,8.49017e+06,4.0
Layer:x-RL TH6-LP Block$0$LK-SHRB-TRNK,x-RL TH6-LP Block$0$LK-SHRB-TRNK,186,186,186,2,10,1.10454e+07,8.49014e+06,1.10454e+07,8.49015e+06,2.0,2.0,1.10454e+07,8.49015e+06,4.0
Layer:x-RL TH6-LP Block$0$LK-SHRB-035M,x-RL TH6-LP Block$0$LK-SHRB-035M,186,186,186,1,98,1.10447e+07,8.49032e+06,1.10447e+07,8.49034e+06,24.0,24.0,1.10447e+07,8.49033e+06,576.0
Layer:x-RL TH6-LP Block$0$LK-SHRB-035M,x-RL TH6-LP Block$0$LK-SHRB-035M,186,186,186,1,98,1.10461e+07,8.49032e+06,1.10461e+07,8.49035e+06,24.0,24.0,1.10461e+07,8.49033e+06,576.0
Layer:x-RL TH6-LP Block$0$LK-SHRB-TRNK,x-RL TH6-LP Block$0$LK-SHRB-TRNK,186,186,186,2,10,1.10459e+07,8.49017e+06,1.10459e+07,8.49017e+06,2.0,2.0,1.10459e+07,8.49017e+06,4.0
Layer:x-RL TH6-LP Block$0$LK-SHRB-TRNK,x-RL TH6-LP Block$0$LK-SHRB-TRNK,186,186,186,2,10,1.10459e+07,8.49014e+06,1.10459e+07,8.49014e+06,2.0,2.0,1.10459e+07,8.49014e+06,4.0
Layer:x-RL TH6-LP Block$0$LK-SHRB-TRNK,x-RL TH6-LP Block$0$LK-SHRB-TRNK,186,186,186,2,10,1.10459e+07,8.49012e+06,1.10459e+07,8.49012e+06,2.0,2.0,1.10459e+07,8.49012e+06,4.0
Layer:x-RL TH6-LP Block$0$LK-SHRB-TRNK,x-RL TH6-LP Block$0$LK-SHRB-TRNK,186,186,186,2,10,1.10459e+07,8.49009e+06,1.10459e+07,8.4901e+06,2.0,2.0,1.10459e+07,8.4901e+06,4.0
Layer:x-RL TH6-LP Block$0$LK-SHRB-TRNK,x-RL TH6-LP Block$0$LK-SHRB-TRNK,186,186,186,2,10,1.10449e+07,8.49016e+06,1.10449e+07,8.49016e+06,2.0,2.0,1.10449e+07,8.49016e+06,4.0
Layer:x-RL TH6-LP Block$0$LK-SHRB-TRNK,x-RL TH6-LP Block$0$LK-SHRB-TRNK,186,186,186,2,10,1.10449e+07,8.49014e+06,1.10449e+07,8.49014e+06,2.0,2.0,1.10449e+07,8.49014e+06,4.0
Layer:x-RL TH6-LP Block$0$LK-SHRB-TRNK,x-RL TH6-LP Block$0$LK-SHRB-TRNK,186,186,186,2,10,1.10449e+07,8.49011e+06,1.10449e+07,8.49011e+06,2.0,2.0,1.10449e+07,8.49011e+06,4.0
Layer:x-RL TH6-LP Block$0$LK-SHRB-TRNK,x-RL TH6-LP Block$0$LK-SHRB-TRNK,186,186,186,2,10,1.10449e+07,8.49009e+06,1.10449e+07,8.49009e+06,2.0,2.0,1.10449e+07,8.49009e+06,4.0
Layer:x-RL TH6-LP Block$0$LK-SHRB-TRNK,x-RL TH6-LP Block$0$LK-SHRB-TRNK,186,186,186,2,10,1.10452e+07,8.49035e+06,1.10452e+07,8.49035e+06,2.0,2.0,1.10452e+07,8.49035e+06,4.0
Layer:x-RL TH6-LP Block$0$LK-SHRB-TRNK,x-RL TH6-LP Block$0$LK-SHRB-TRNK,186,186,186,2,10,1.10452e+07,8.49035e+06,1.10452e+07,8.49035e+06,2.0,2.0,1.10452e+07,8.49035e+06,4.0
Layer:x-RL TH6-LP Block$0$LK-SHRB-TRNK,x-RL TH6-LP Block$0$LK-SHRB-TRNK,186,186,186,2,10,1.10451e+07,8.49035e+06,1.10452e+07,8.49035e+06,2.0,2.0,1.10452e+07,8.49035e+06,4.0
Layer:x-RL TH6-LP Block$0$LK-SHRB-TRNK,x-RL TH6-LP Block$0$LK-SHRB-TRNK,186,186,186,2,10,1.10451e+07,8.49035e+06,1.10451e+07,8.49035e+06,2.0,2.0,1.10451e+07,8.49035e+06,4.0
Layer:x-RL TH6-LP Block$0$LK-SHRB-TRNK,x-RL TH6-LP Block$0$LK-SHRB-TRNK,186,186,186,2,10,1.10451e+07,8.49034e+06,1.10451e+07,8.49035e+06,2.0,2.0,1.10451e+07,8.49035e+06,4.0
Layer:x-RL TH6-LP Block$0$LK-SHRB-TRNK,x-RL TH6-LP Block$0$LK-SHRB-TRNK,186,186,186,2,10,1.10451e+07,8.49034e+06,1.10451e+07,8.49035e+06,2.0,2.0,1.10451e+07,8.49035e+06,4.0
Layer:x-RL TH6-LP Block$0$LK-SHRB-TRNK,x-RL TH6-LP Block$0$LK-SHRB-TRNK,186,186,186,2,10,1.10457e+07,8.49035e+06,1.10457e+07,8.49035e+06,2.0,2.0,1.10457e+07,8.49035e+06,4.0
Layer:x-RL TH6-LP Block$0$LK-SHRB-TRNK,x-RL TH6-LP Block$0$LK-SHRB-TRNK,186,186,186,2,10,1.10457e+07,8.49035e+06,1.10457e+07,8.49035e+06,2.0,2.0,1.10457e+07,8.49035e+06,4.0
Layer:x-RL TH6-LP Block$0$LK-SHRB-TRNK,x-RL TH6-LP Block$0$LK-SHRB-TRNK,186,186,186,2,10,1.10457e+07,8.49035e+06,1.10457e+07,8.49035e+06,2.0,2.0,1.10457e+07,8.49035e+06,4.0
Layer:x-RL TH6-LP Block$0$LK-SHRB-TRNK,x-RL TH6-LP Block$0$LK-SHRB-TRNK,186,186,186,2,10,1.10457e+07,8.49035e+06,1.10457e+07,8.49035e+06,2.0,2.0,1.10457e+07,8.49035e+06,4.0
Layer:x-RL TH6-LP Block$0$LK-SHRB-TRNK,x-RL TH6-LP Block$0$LK-SHRB-TRNK,186,186,186,2,10,1.10456e+07,8.49035e+06,1.10456e+07,8.49035e+06,2.0,2.0,1.10456e+07,8.49035e+06,4.0
Layer:x-RL TH6-LP Block$0$LK-SHRB-TRNK,x-RL TH6-LP Block$0$LK-SHRB-TRNK,186,186,186,2,10,1.10456e+07,8.49035e+06,1.10456e+07,8.49035e+06,2.0,2.0,1.10456e+07,8.49035e+06,4.0
Layer:x-RL TH6-LP Block$0$LK-SHRB-TRNK,x-RL TH6-LP Block$0$LK-SHRB-TRNK,186,186,186,2,10,1.10454e+07,8.49012e+06,1.10454e+07,8.49012e+06,2.0,2.0,1.10454e+07,8.49012e+06,4.0
Layer:x-RL TH6-LP Block$0$LK-SHRB-TRNK,x-RL TH6-LP Block$0$LK-SHRB-TRNK,186,186,186,2,10,1.10454e+07,8.4901e+06,1.10454e+07,8.4901e+06,2.0,2.0,1.10454e+07,8.4901e+06,4.0
Layer:x-RL TH6-LP Block$0$LK-SHRB-035M,x-RL TH6-LP Block$0$LK-SHRB-035M,186,186,186,1,98,1.10447e+07,8.49031e+06,1.10447e+07,8.49034e+06,24.0,24.0,1.10447e+07,8.49033e+06,576.0
Layer:x-RL TH6-LP Block$0$LK-SHRB-035M,x-RL TH6-LP Block$0$LK-SHRB-035M,186,186,186,1,98,1.10447e+07,8.49031e+06,1.10447e+07,8.49034e+06,24.0,24.0,1.10447e+07,8.49033e+06,576.0
Layer:x-RL TH6-LP Block$0$LK-SHRB-035M,x-RL TH6-LP Block$0$LK-SHRB-035M,186,186,186,1,98,1.10447e+07,8.49031e+06,1.10447e+07,8.49034e+06,24.0,24.0,1.10447e+07,8.49033e+06,576.0
Layer:x-RL TH6-LP Block$0$LK-SHRB-035M,x-RL TH6-LP Block$0$LK-SHRB-035M,186,186,186,1,98,1.10447e+07,8.49031e+06,1.10447e+07,8.49034e+06,24.0,24.0,1.10447e+07,8.49033e+06,576.0
Layer:x-RL TH6-LP Block$0$LK-SHRB-035M,x-RL TH6-LP Block$0$LK-SHRB-035M,186,186,186,1,98,1.10447e+07,8.49034e+06,1.10447e+07,8.49036e+06,24.0,24.0,1.10447e+07,8.49035e+06,576.0
Layer:x-RL TH6-LP Block$0$LK-SHRB-035M,x-RL TH6-LP Block$0$LK-SHRB-035M,186,186,186,1,98,1.10447e+07,8.49036e+06,1.10447e+07,8.49038e+06,24.0,24.0,1.10447e+07,8.49037e+06,576.0
Layer:x-RL TH6-LP Block$0$LK-SHRB-035M,x-RL TH6-LP Block$0$LK-SHRB-035M,186,186,186,1,98,1.10447e+07,8.49038e+06,1.10447e+07,8.49041e+06,24.0,24.0,1.10447e+07,8.49039e+06,576.0
Layer:x-RL TH6-LP Block$0$LK-SHRB-035M,x-RL TH6-LP Block$0$LK-SHRB-035M,186,186,186,1,98,1.10447e+07,8.4904e+06,1.10447e+07,8.49043e+06,24.0,24.0,1.10447e+07,8.49042e+06,576.0
Layer:x-RL TH6-LP Block$0$LK-SHRB-035M,x-RL TH6-LP Block$0$LK-SHRB-035M,186,186,186,1,98,1.10447e+07,8.49041e+06,1.10447e+07,8.49043e+06,24.0,24.0,1.10447e+07,8.49042e+06,576.0
Layer:x-RL TH6-LP Block$0$LK-SHRB-035M,x-RL TH6-LP Block$0$LK-SHRB-035M,186,186,186,1,98,1.10447e+07,8.49041e+06,1.10447e+07,8.49043e+06,24.0,24.0,1.10447e+07,8.49042e+06,576.0
Layer:x-RL TH6-LP Block$0$LK-SHRB-035M,x-RL TH6-LP Block$0$LK-SHRB-035M,186,186,186,1,98,1.10446e+07,8.4901e+06,1.10446e+07,8.49012e+06,24.0,24.0,1.10446e+07,8.49011e+06,576.0
Layer:x-RL TH6-LP Block$0$LK-SHRB-035M,x-RL TH6-LP Block$0$LK-SHRB-035M,186,186,186,1,98,1.10446e+07,8.49012e+06,1.10446e+07,8.49014e+06,24.0,24.0,1.10446e+07,8.49013e+06,576.0
Layer:x-RL TH6-LP Block$0$LK-SHRB-035M,x-RL TH6-LP Block$0$LK-SHRB-035M,186,186,186,1,98,1.10446e+07,8.49014e+06,1.10446e+07,8.49017e+06,24.0,24.0,1.10446e+07,8.49016e+06,576.0
Layer:x-RL TH6-LP Block$0$LK-SHRB-035M,x-RL TH6-LP Block$0$LK-SHRB-035M,186,186,186,1,98,1.10446e+07,8.49017e+06,1.10446e+07,8.49019e+06,24.0,24.0,1.10446e+07,8.49018e+06,576.0
Layer:x-RL TH6-LP Block$0$LK-SHRB-035M,x-RL TH6-LP Block$0$LK-SHRB-035M,186,186,186,1,98,1.10446e+07,8.49019e+06,1.10446e+07,8.49022e+06,24.0,24.0,1.10446e+07,8.4902e+06,576.0
Layer:x-RL TH6-LP Block$0$LK-SHRB-035M,x-RL TH6-LP Block$0$LK-SHRB-035M,186,186,186,1,98,1.10446e+07,8.49022e+06,1.10446e+07,8.49024e+06,24.0,24.0,1.10446e+07,8.49023e+06,576.0
Layer:x-RL TH6-LP Block$0$LK-SHRB-035M,x-RL TH6-LP Block$0$LK-SHRB-035M,186,186,186,1,98,1.10446e+07,8.49024e+06,1.10446e+07,8.49026e+06,24.0,24.0,1.10446e+07,8.49025e+06,576.0
Layer:x-RL TH6-LP Block$0$LK-SHRB-035M,x-RL TH6-LP Block$0$LK-SHRB-035M,186,186,186,1,98,1.10461e+07,8.49032e+06,1.10461e+07,8.49035e+06,24.0,24.0,1.10461e+07,8.49033e+06,576.0
Layer:x-RL TH6-LP Block$0$LK-SHRB-035M,x-RL TH6-LP Block$0$LK-SHRB-035M,186,186,186,1,98,1.10461e+07,8.49032e+06,1.10461e+07,8.49035e+06,24.0,24.0,1.10461e+07,8.49034e+06,576.0
Layer:x-RL TH6-LP Block$0$LK-SHRB-035M,x-RL TH6-LP Block$0$LK-SHRB-035M,186,186,186,1,98,1.10461e+07,8.49032e+06,1.10461e+07,8.49035e+06,24.0,24.0,1.10461e+07,8.49034e+06,576.0
Layer:x-RL TH6-LP Block$0$LK-SHRB-035M,x-RL TH6-LP Block$0$LK-SHRB-035M,186,186,186,1,98,1.10461e+07,8.49034e+06,1.10461e+07,8.49037e+06,24.0,24.0,1.10461e+07,8.49035e+06,576.0
Layer:x-RL TH6-LP Block$0$LK-SHRB-035M,x-RL TH6-LP Block$0$LK-SHRB-035M,186,186,186,1,98,1.10461e+07,8.49036e+06,1.10461e+07,8.49038e+06,24.0,24.0,1.10461e+07,8.49037e+06,576.0
Layer:x-RL TH6-LP Block$0$LK-SHRB-035M,x-RL TH6-LP Block$0$LK-SHRB-035M,186,186,186,1,98,1.10461e+07,8.49038e+06,1.10461e+07,8.4904e+06,24.0,24.0,1.10461e+07,8.49039e+06,576.0
Layer:x-RL TH6-LP Block$0$LK-SHRB-035M,x-RL TH6-LP Block$0$LK-SHRB-035M,186,186,186,1,98,1.10461e+07,8.4904e+06,1.10461e+07,8.49042e+06,24.0,24.0,1.10461e+07,8.49041e+06,576.0
Layer:x-RL TH6-LP Block$0$LK-SHRB-035M,x-RL TH6-LP Block$0$LK-SHRB-035M,186,186,186,1,98,1.10461e+07,8.49042e+06,1.10461e+07,8.49044e+06,24.0,24.0,1.10461e+07,8.49043e+06,576.0
Layer:x-RL TH6-LP Block$0$LK-SHRB-035M,x-RL TH6-LP Block$0$LK-SHRB-035M,186,186,186,1,98,1.10461e+07,8.49042e+06,1.10461e+07,8.49044e+06,24.0,24.0,1.10461e+07,8.49043e+06,576.0
Layer:x-RL TH6-LP Block$0$LK-SHRB-035M,x-RL TH6-LP Block$0$LK-SHRB-035M,186,186,186,1,98,1.10461e+07,8.49042e+06,1.10461e+07,8.49044e+06,24.0,24.0,1.10461e+07,8.49043e+06,576.0
Layer:x-RL TH6-LP Block$0$LK-SHRB-035M,x-RL TH6-LP Block$0$LK-SHRB-035M,186,186,186,1,98,1.10462e+07,8.49011e+06,1.10462e+07,8.49013e+06,24.0,24.0,1.10462e+07,8.49012e+06,576.0
Layer:x-RL TH6-LP Block$0$LK-SHRB-035M,x-RL TH6-LP Block$0$LK-SHRB-035M,186,186,186,1,98,1.10462e+07,8.49013e+06,1.10462e+07,8.49016e+06,24.0,24.0,1.10462e+07,8.49014e+06,576.0
Layer:x-RL TH6-LP Block$0$LK-SHRB-035M,x-RL TH6-LP Block$0$LK-SHRB-035M,186,186,186,1,98,1.10462e+07,8.49016e+06,1.10462e+07,8.49018e+06,24.0,24.0,1.10462e+07,8.49017e+06,576.0
Layer:x-RL TH6-LP Block$0$LK-SHRB-035M,x-RL TH6-LP Block$0$LK-SHRB-035M,186,186,186,1,98,1.10462e+07,8.49018e+06,1.10462e+07,8.4902e+06,24.0,24.0,1.10462e+07,8.49019e+06,576.0
Layer:x-RL TH6-LP Block$0$LK-SHRB-035M,x-RL TH6-LP Block$0$LK-SHRB-035M,186,186,186,1,98,1.10462e+07,8.4902e+06,1.10462e+07,8.49022e+06,24.0,24.0,1.10462e+07,8.49021e+06,576.0
Layer:x-RL TH6-LP Block$0$LK-SHRB-035M,x-RL TH6-LP Block$0$LK-SHRB-035M,186,186,186,1,98,1.10462e+07,8.49022e+06,1.10462e+07,8.49025e+06,24.0,24.0,1.10462e+07,8.49024e+06,576.0
Layer:x-RL TH6-LP Block$0$LK-SHRB-035M,x-RL TH6-LP Block$0$LK-SHRB-035M,186,186,186,1,98,1.10462e+07,8.49025e+06,1.10462e+07,8.49027e+06,24.0,24.0,1.10462e+07,8.49026e+06,576.0
Layer:x-RL TH5-LP Block$0$LP-SHAR-BRDR-CONT,x-RL TH5-LP Block$0$LP-SHAR-BRDR-CONT,186,186,186,17,81,1.10431e+07,8.49006e+06,1.10443e+07,8.49107e+06,1180.0,1003.0,1.10437e+07,8.49057e+06,1.18354e+06
Layer:x-RL TH5-LP Block$0$LK-TREE-TRNK,x-RL TH5-LP Block$0$LK-TREE-TRNK,186,186,186,2,10,1.10439e+07,8.49103e+06,1.10439e+07,8.49104e+06,14.0,10.0,1.10439e+07,8.49104e+06,140.0
Layer:x-RL TH5-LP Block$0$L-002,x-RL TH5-LP Block$0$L-002,186,186,186,8,47,1.10433e+07,8.49027e+06,1.1044e+07,8.49106e+06,706.0,790.0,1.10437e+07,8.49067e+06,557740.0
Layer:x-RL TH5-LP Block$0$LK-SHRB-TRNK,x-RL TH5-LP Block$0$LK-SHRB-TRNK,186,186,186,2,10,1.10432e+07,8.491e+06,1.10432e+07,8.491e+06,2.0,2.0,1.10432e+07,8.491e+06,4.0
Layer:x-RL TH5-LP Block$0$LK-TREE-TRNK,x-RL TH5-LP Block$0$LK-TREE-TRNK,186,186,186,2,10,1.10432e+07,8.49102e+06,1.10433e+07,8.49104e+06,22.0,22.0,1.10432e+07,8.49103e+06,484.0
Layer:x-RL TH5-LP Block$0$LK-SHRB-TRNK,x-RL TH5-LP Block$0$LK-SHRB-TRNK,186,186,186,2,10,1.10442e+07,8.49102e+06,1.10442e+07,8.49102e+06,2.0,2.0,1.10442e+07,8.49102e+06,4.0
Layer:x-RL TH5-LP Block$0$LK-TREE-TRNK,x-RL TH5-LP Block$0$LK-TREE-TRNK,186,186,186,2,10,1.10441e+07,8.49103e+06,1.10442e+07,8.49106e+06,22.0,22.0,1.10441e+07,8.49104e+06,484.0
Layer:x-RL TH5-LP Block$0$LK-SHRB-TRNK,x-RL TH5-LP Block$0$LK-SHRB-TRNK,186,186,186,6,30,1.10439e+07,8.49101e+06,1.10439e+07,8.49102e+06,10.0,10.0,1.10439e+07,8.49102e+06,100.0
Layer:x-RL TH5-LP Block$0$LK-SHRB-TRNK,x-RL TH5-LP Block$0$LK-SHRB-TRNK,186,186,186,6,30,1.10437e+07,8.491e+06,1.10437e+07,8.49101e+06,10.0,10.0,1.10437e+07,8.49101e+06,100.0
Layer:x-RL TH5-LP Block$0$LK-TREE-TRNK,x-RL TH5-LP Block$0$LK-TREE-TRNK,186,186,186,2,10,1.10436e+07,8.49102e+06,1.10436e+07,8.49103e+06,14.0,10.0,1.10436e+07,8.49102e+06,140.0
Layer:x-RL TH5-LP Block$0$LK-TREE-TRNK,x-RL TH5-LP Block$0$LK-TREE-TRNK,186,186,186,2,10,1.10434e+07,8.49101e+06,1.10434e+07,8.49102e+06,14.0,10.0,1.10434e+07,8.49102e+06,140.0
Layer:x-RL TH5-LP Block$0$LK-SHRB-035M,x-RL TH5-LP Block$0$LK-SHRB-035M,186,186,186,1,98,1.10439e+07,8.49033e+06,1.10439e+07,8.49035e+06,24.0,24.0,1.10439e+07,8.49034e+06,576.0
Layer:x-RL TH5-LP Block$0$LK-SHRB-035M,x-RL TH5-LP Block$0$LK-SHRB-035M,186,186,186,1,98,1.10435e+07,8.49032e+06,1.10436e+07,8.49034e+06,24.0,24.0,1.10436e+07,8.49033e+06,576.0
Layer:x-RL TH5-LP Block$0$LK-SHRB-035M,x-RL TH5-LP Block$0$LK-SHRB-035M,186,186,186,1,98,1.1043e+07,8.49006e+06,1.10431e+07,8.49009e+06,24.0,24.0,1.10431e+07,8.49008e+06,576.0
Layer:x-RL TH5-LP Block$0$LK-SHRB-035M,x-RL TH5-LP Block$0$LK-SHRB-035M,186,186,186,1,98,1.10443e+07,8.49007e+06,1.10444e+07,8.4901e+06,24.0,24.0,1.10443e+07,8.49008e+06,576.0
Layer:x-RL TH5-LP Block$0$LK-SHRB-TRNK,x-RL TH5-LP Block$0$LK-SHRB-TRNK,186,186,186,2,10,1.10436e+07,8.49023e+06,1.10436e+07,8.49024e+06,2.0,2.0,1.10436e+07,8.49024e+06,4.0
Layer:x-RL TH5-LP Block$0$LK-SHRB-TRNK,x-RL TH5-LP Block$0$LK-SHRB-TRNK,186,186,186,2,10,1.10436e+07,8.49021e+06,1.10436e+07,8.49021e+06,2.0,2.0,1.10436e+07,8.49021e+06,4.0
Layer:x-RL TH5-LP Block$0$LK-SHRB-TRNK,x-RL TH5-LP Block$0$LK-SHRB-TRNK,186,186,186,2,10,1.10436e+07,8.49019e+06,1.10436e+07,8.49019e+06,2.0,2.0,1.10436e+07,8.49019e+06,4.0
Layer:x-RL TH5-LP Block$0$LK-SHRB-TRNK,x-RL TH5-LP Block$0$LK-SHRB-TRNK,186,186,186,2,10,1.10436e+07,8.49016e+06,1.10436e+07,8.49016e+06,2.0,2.0,1.10436e+07,8.49016e+06,4.0
Layer:x-RL TH5-LP Block$0$LK-SHRB-TRNK,x-RL TH5-LP Block$0$LK-SHRB-TRNK,186,186,186,2,10,1.10436e+07,8.49014e+06,1.10436e+07,8.49014e+06,2.0,2.0,1.10436e+07,8.49014e+06,4.0
Layer:x-RL TH5-LP Block$0$LK-SHRB-035M,x-RL TH5-LP Block$0$LK-SHRB-035M,186,186,186,1,98,1.10442e+07,8.49031e+06,1.10443e+07,8.49034e+06,24.0,24.0,1.10442e+07,8.49032e+06,576.0
Layer:x-RL TH5-LP Block$0$LK-SHRB-TRNK,x-RL TH5-LP Block$0$LK-SHRB-TRNK,186,186,186,2,10,1.10441e+07,8.49015e+06,1.10441e+07,8.49016e+06,2.0,2.0,1.10441e+07,8.49016e+06,4.0
Layer:x-RL TH5-LP Block$0$LK-SHRB-TRNK,x-RL TH5-LP Block$0$LK-SHRB-TRNK,186,186,186,2,10,1.10441e+07,8.49013e+06,1.10441e+07,8.49013e+06,2.0,2.0,1.10441e+07,8.49013e+06,4.0
Layer:x-RL TH5-LP Block$0$LK-SHRB-TRNK,x-RL TH5-LP Block$0$LK-SHRB-TRNK,186,186,186,2,10,1.10441e+07,8.49011e+06,1.10441e+07,8.49011e+06,2.0,2.0,1.10441e+07,8.49011e+06,4.0
Layer:x-RL TH5-LP Block$0$LK-SHRB-TRNK,x-RL TH5-LP Block$0$LK-SHRB-TRNK,186,186,186,2,10,1.10441e+07,8.49008e+06,1.10441e+07,8.49008e+06,2.0,2.0,1.10441e+07,8.49008e+06,4.0
Layer:x-RL TH5-LP Block$0$LK-SHRB-TRNK,x-RL TH5-LP Block$0$LK-SHRB-TRNK,186,186,186,2,10,1.10433e+07,8.49015e+06,1.10433e+07,8.49015e+06,2.0,2.0,1.10433e+07,8.49015e+06,4.0
Layer:x-RL TH5-LP Block$0$LK-SHRB-TRNK,x-RL TH5-LP Block$0$LK-SHRB-TRNK,186,186,186,2,10,1.10433e+07,8.49012e+06,1.10433e+07,8.49013e+06,2.0,2.0,1.10433e+07,8.49013e+06,4.0
Layer:x-RL TH5-LP Block$0$LK-SHRB-TRNK,x-RL TH5-LP Block$0$LK-SHRB-TRNK,186,186,186,2,10,1.10433e+07,8.4901e+06,1.10433e+07,8.4901e+06,2.0,2.0,1.10433e+07,8.4901e+06,4.0
Layer:x-RL TH5-LP Block$0$LK-SHRB-TRNK,x-RL TH5-LP Block$0$LK-SHRB-TRNK,186,186,186,2,10,1.10433e+07,8.49008e+06,1.10433e+07,8.49008e+06,2.0,2.0,1.10433e+07,8.49008e+06,4.0
Layer:x-RL TH5-LP Block$0$LK-SHRB-TRNK,x-RL TH5-LP Block$0$LK-SHRB-TRNK,186,186,186,2,10,1.10436e+07,8.49011e+06,1.10436e+07,8.49012e+06,2.0,2.0,1.10436e+07,8.49011e+06,4.0
Layer:x-RL TH5-LP Block$0$LK-SHRB-TRNK,x-RL TH5-LP Block$0$LK-SHRB-TRNK,186,186,186,2,10,1.10436e+07,8.49009e+06,1.10436e+07,8.49009e+06,2.0,2.0,1.10436e+07,8.49009e+06,4.0
Layer:x-RL TH5-LP Block$0$LK-SHRB-035M,x-RL TH5-LP Block$0$LK-SHRB-035M,186,186,186,1,98,1.10439e+07,8.49033e+06,1.10439e+07,8.49035e+06,24.0,24.0,1.10439e+07,8.49034e+06,576.0
Layer:x-RL TH5-LP Block$0$LK-SHRB-035M,x-RL TH5-LP Block$0$LK-SHRB-035M,186,186,186,1,98,1.10438e+07,8.49033e+06,1.10439e+07,8.49035e+06,24.0,24.0,1.10439e+07,8.49034e+06,576.0
Layer:x-RL TH5-LP Block$0$LK-SHRB-035M,x-RL TH5-LP Block$0$LK-SHRB-035M,186,186,186,1,98,1.10438e+07,8.49033e+06,1.10438e+07,8.49035e+06,24.0,24.0,1.10438e+07,8.49034e+06,576.0
Layer:x-RL TH5-LP Block$0$LK-SHRB-035M,x-RL TH5-LP Block$0$LK-SHRB-035M,186,186,186,1,98,1.10438e+07,8.49033e+06,1.10438e+07,8.49035e+06,24.0,24.0,1.10438e+07,8.49034e+06,576.0
Layer:x-RL TH5-LP Block$0$LK-SHRB-035M,x-RL TH5-LP Block$0$LK-SHRB-035M,186,186,186,1,98,1.10438e+07,8.49033e+06,1.10438e+07,8.49035e+06,24.0,24.0,1.10438e+07,8.49034e+06,576.0
Layer:x-RL TH5-LP Block$0$LK-SHRB-035M,x-RL TH5-LP Block$0$LK-SHRB-035M,186,186,186,1,98,1.10438e+07,8.49032e+06,1.10438e+07,8.49035e+06,24.0,24.0,1.10438e+07,8.49034e+06,576.0
Layer:x-RL TH5-LP Block$0$LK-SHRB-035M,x-RL TH5-LP Block$0$LK-SHRB-035M,186,186,186,1,98,1.10435e+07,8.49032e+06,1.10435e+07,8.49034e+06,24.0,24.0,1.10435e+07,8.49033e+06,576.0
Layer:x-RL TH5-LP Block$0$LK-SHRB-035M,x-RL TH5-LP Block$0$LK-SHRB-035M,186,186,186,1,98,1.10435e+07,8.49032e+06,1.10435e+07,8.49034e+06,24.0,24.0,1.10435e+07,8.49033e+06,576.0
Layer:x-RL TH5-LP Block$0$LK-SHRB-035M,x-RL TH5-LP Block$0$LK-SHRB-035M,186,186,186,1,98,1.10435e+07,8.49032e+06,1.10435e+07,8.49034e+06,24.0,24.0,1.10435e+07,8.49033e+06,576.0
Layer:x-RL TH5-LP Block$0$LK-SHRB-035M,x-RL TH5-LP Block$0$LK-SHRB-035M,186,186,186,1,98,1.1043e+07,8.49008e+06,1.10431e+07,8.49011e+06,24.0,24.0,1.10431e+07,8.4901e+06,576.0
Layer:x-RL TH5-LP Block$0$LK-SHRB-035M,x-RL TH5-LP Block$0$LK-SHRB-035M,186,186,186,1,98,1.1043e+07,8.49011e+06,1.10431e+07,8.49013e+06,24.0,24.0,1.10431e+07,8.49012e+06,576.0
Layer:x-RL TH5-LP Block$0$LK-SHRB-035M,x-RL TH5-LP Block$0$LK-SHRB-035M,186,186,186,1,98,1.1043e+07,8.49013e+06,1.10431e+07,8.49015e+06,24.0,24.0,1.10431e+07,8.49014e+06,576.0
Layer:x-RL TH5-LP Block$0$LK-SHRB-035M,x-RL TH5-LP Block$0$LK-SHRB-035M,186,186,186,1,98,1.1043e+07,8.49015e+06,1.10431e+07,8.49018e+06,24.0,24.0,1.10431e+07,8.49016e+06,576.0
Layer:x-RL TH5-LP Block$0$LK-SHRB-035M,x-RL TH5-LP Block$0$LK-SHRB-035M,186,186,186,1,98,1.1043e+07,8.49017e+06,1.10431e+07,8.4902e+06,24.0,24.0,1.10431e+07,8.49019e+06,576.0
Layer:x-RL TH5-LP Block$0$LK-SHRB-035M,x-RL TH5-LP Block$0$LK-SHRB-035M,186,186,186,1,98,1.1043e+07,8.4902e+06,1.10431e+07,8.49022e+06,24.0,24.0,1.10431e+07,8.49021e+06,576.0
Layer:x-RL TH5-LP Block$0$LK-SHRB-035M,x-RL TH5-LP Block$0$LK-SHRB-035M,186,186,186,1,98,1.1043e+07,8.49022e+06,1.10431e+07,8.49024e+06,24.0,24.0,1.10431e+07,8.49023e+06,576.0
Layer:x-RL TH5-LP Block$0$LK-SHRB-035M,x-RL TH5-LP Block$0$LK-SHRB-035M,186,186,186,1,98,1.1043e+07,8.49024e+06,1.10431e+07,8.49026e+06,24.0,24.0,1.10431e+07,8.49025e+06,576.0
Layer:x-RL TH5-LP Block$0$LK-SHRB-035M,x-RL TH5-LP Block$0$LK-SHRB-035M,186,186,186,1,98,1.10442e+07,8.49031e+06,1.10443e+07,8.49034e+06,24.0,24.0,1.10443e+07,8.49032e+06,576.0
Layer:x-RL TH5-LP Block$0$LK-SHRB-035M,x-RL TH5-LP Block$0$LK-SHRB-035M,186,186,186,1,98,1.10443e+07,8.49031e+06,1.10443e+07,8.49034e+06,24.0,24.0,1.10443e+07,8.49032e+06,576.0
Layer:x-RL TH5-LP Block$0$LK-SHRB-035M,x-RL TH5-LP Block$0$LK-SHRB-035M,186,186,186,1,98,1.10443e+07,8.49031e+06,1.10443e+07,8.49034e+06,24.0,24.0,1.10443e+07,8.49032e+06,576.0
Layer:x-RL TH5-LP Block$0$LK-SHRB-035M,x-RL TH5-LP Block$0$LK-SHRB-035M,186,186,186,1,98,1.10443e+07,8.49033e+06,1.10443e+07,8.49036e+06,24.0,24.0,1.10443e+07,8.49034e+06,576.0
Layer:x-RL TH5-LP Block$0$LK-SHRB-035M,x-RL TH5-LP Block$0$LK-SHRB-035M,186,186,186,1,98,1.10443e+07,8.49035e+06,1.10443e+07,8.49038e+06,24.0,24.0,1.10443e+07,8.49036e+06,576.0
Layer:x-RL TH5-LP Block$0$LK-SHRB-035M,x-RL TH5-LP Block$0$LK-SHRB-035M,186,186,186,1,98,1.10443e+07,8.49037e+06,1.10443e+07,8.4904e+06,24.0,24.0,1.10443e+07,8.49038e+06,576.0
Layer:x-RL TH5-LP Block$0$LK-SHRB-035M,x-RL TH5-LP Block$0$LK-SHRB-035M,186,186,186,1,98,1.10443e+07,8.49039e+06,1.10443e+07,8.49042e+06,24.0,24.0,1.10443e+07,8.4904e+06,576.0
Layer:x-RL TH5-LP Block$0$LK-SHRB-035M,x-RL TH5-LP Block$0$LK-SHRB-035M,186,186,186,1,98,1.10443e+07,8.49041e+06,1.10443e+07,8.49044e+06,24.0,24.0,1.10443e+07,8.49042e+06,576.0
Layer:x-RL TH5-LP Block$0$LK-SHRB-035M,x-RL TH5-LP Block$0$LK-SHRB-035M,186,186,186,1,98,1.10443e+07,8.49041e+06,1.10443e+07,8.49044e+06,24.0,24.0,1.10443e+07,8.49042e+06,576.0
Layer:x-RL TH5-LP Block$0$LK-SHRB-035M,x-RL TH5-LP Block$0$LK-SHRB-035M,186,186,186,1,98,1.10442e+07,8.49041e+06,1.10443e+07,8.49044e+06,24.0,24.0,1.10443e+07,8.49042e+06,576.0
Layer:x-RL TH5-LP Block$0$LK-SHRB-035M,x-RL TH5-LP Block$0$LK-SHRB-035M,186,186,186,1,98,1.10443e+07,8.4901e+06,1.10444e+07,8.49012e+06,24.0,24.0,1.10443e+07,8.49011e+06,576.0
Layer:x-RL TH5-LP Block$0$LK-SHRB-035M,x-RL TH5-LP Block$0$LK-SHRB-035M,186,186,186,1,98,1.10443e+07,8.49012e+06,1.10444e+07,8.49014e+06,24.0,24.0,1.10443e+07,8.49013e+06,576.0
Layer:x-RL TH5-LP Block$0$LK-SHRB-035M,x-RL TH5-LP Block$0$LK-SHRB-035M,186,186,186,1,98,1.10443e+07,8.49014e+06,1.10444e+07,8.49017e+06,24.0,24.0,1.10443e+07,8.49015e+06,576.0
Layer:x-RL TH5-LP Block$0$LK-SHRB-035M,x-RL TH5-LP Block$0$LK-SHRB-035M,186,186,186,1,98,1.10443e+07,8.49017e+06,1.10444e+07,8.49019e+06,24.0,24.0,1.10443e+07,8.49018e+06,576.0
Layer:x-RL TH5-LP Block$0$LK-SHRB-035M,x-RL TH5-LP Block$0$LK-SHRB-035M,186,186,186,1,98,1.10443e+07,8.49019e+06,1.10444e+07,8.49021e+06,24.0,24.0,1.10443e+07,8.4902e+06,576.0
Layer:x-RL TH5-LP Block$0$LK-SHRB-035M,x-RL TH5-LP Block$0$LK-SHRB-035M,186,186,186,1,98,1.10443e+07,8.49021e+06,1.10444e+07,8.49024e+06,24.0,24.0,1.10443e+07,8.49022e+06,576.0
Layer:x-RL TH5-LP Block$0$LK-SHRB-035M,x-RL TH5-LP Block$0$LK-SHRB-035M,186,186,186,1,98,1.10443e+07,8.49024e+06,1.10444e+07,8.49026e+06,24.0,24.0,1.10443e+07,8.49025e+06,576.0
Layer:x-RL TH5-LP Block$0$LK-SHRB-035M,x-RL TH5-LP Block$0$LK-SHRB-035M,186,186,186,1,98,1.10431e+07,8.49032e+06,1.10432e+07,8.49034e+06,24.0,24.0,1.10432e+07,8.49033e+06,576.0
Layer:x-RL TH5-LP Block$0$LK-SHRB-035M,x-RL TH5-LP Block$0$LK-SHRB-035M,186,186,186,1,98,1.10431e+07,8.49032e+06,1.10432e+07,8.49034e+06,24.0,24.0,1.10431e+07,8.49033e+06,576.0
Layer:x-RL TH5-LP Block$0$LK-SHRB-035M,x-RL TH5-LP Block$0$LK-SHRB-035M,186,186,186,1,98,1.10431e+07,8.49032e+06,1.10431e+07,8.49034e+06,24.0,24.0,1.10431e+07,8.49033e+06,576.0
Layer:x-RL TH5-LP Block$0$LK-SHRB-035M,x-RL TH5-LP Block$0$LK-SHRB-035M,186,186,186,1,98,1.10431e+07,8.49032e+06,1.10431e+07,8.49034e+06,24.0,24.0,1.10431e+07,8.49033e+06,576.0
Layer:x-RL TH5-LP Block$0$LK-SHRB-035M,x-RL TH5-LP Block$0$LK-SHRB-035M,186,186,186,1,98,1.10431e+07,8.49034e+06,1.10431e+07,8.49036e+06,24.0,24.0,1.10431e+07,8.49035e+06,576.0
Layer:x-RL TH5-LP Block$0$LK-SHRB-035M,x-RL TH5-LP Block$0$LK-SHRB-035M,186,186,186,1,98,1.10431e+07,8.49036e+06,1.10431e+07,8.49038e+06,24.0,24.0,1.10431e+07,8.49037e+06,576.0
Layer:x-RL TH5-LP Block$0$LK-SHRB-035M,x-RL TH5-LP Block$0$LK-SHRB-035M,186,186,186,1,98,1.10431e+07,8.49038e+06,1.10431e+07,8.4904e+06,24.0,24.0,1.10431e+07,8.49039e+06,576.0
Layer:x-RL TH5-LP Block$0$LK-SHRB-035M,x-RL TH5-LP Block$0$LK-SHRB-035M,186,186,186,1,98,1.10431e+07,8.4904e+06,1.10431e+07,8.49043e+06,24.0,24.0,1.10431e+07,8.49041e+06,576.0
Layer:x-RL TH5-LP Block$0$LK-SHRB-035M,x-RL TH5-LP Block$0$LK-SHRB-035M,186,186,186,1,98,1.10431e+07,8.4904e+06,1.10431e+07,8.49043e+06,24.0,24.0,1.10431e+07,8.49041e+06,576.0
Layer:x-RL TH5-LP Block$0$LK-SHRB-035M,x-RL TH5-LP Block$0$LK-SHRB-035M,186,186,186,1,98,1.10431e+07,8.4904e+06,1.10432e+07,8.49043e+06,24.0,24.0,1.10431e+07,8.49041e+06,576.0
Layer:x-RL TH5-LP Block$0$LP-SHAR-BRDR-CONT,x-RL TH5-LP Block$0$LP-SHAR-BRDR-CONT,186,186,186,17,81,1.10413e+07,8.48762e+06,1.10423e+07,8.4888e+06,1005.0,1180.0,1.10418e+07,8.48821e+06,1.1859e+06
Layer:x-RL TH5-LP Block$0$LK-TREE-TRNK,x-RL TH5-LP Block$0$LK-TREE-TRNK,186,186,186,2,10,1.10414e+07,8.48844e+06,1.10414e+07,8.48845e+06,10.0,14.0,1.10414e+07,8.48844e+06,140.0
Layer:x-RL TH5-LP Block$0$L-002,x-RL TH5-LP Block$0$L-002,186,186,186,8,47,1.10413e+07,8.48781e+06,1.10421e+07,8.48852e+06,790.0,706.0,1.10417e+07,8.48817e+06,557740.0
Layer:x-RL TH5-LP Block$0$LK-SHRB-TRNK,x-RL TH5-LP Block$0$LK-SHRB-TRNK,186,186,186,2,10,1.10414e+07,8.48768e+06,1.10414e+07,8.48768e+06,2.0,2.0,1.10414e+07,8.48768e+06,4.0
Layer:x-RL TH5-LP Block$0$LK-TREE-TRNK,x-RL TH5-LP Block$0$LK-TREE-TRNK,186,186,186,2,10,1.10414e+07,8.48774e+06,1.10414e+07,8.48776e+06,22.0,22.0,1.10414e+07,8.48775e+06,484.0
Layer:x-RL TH5-LP Block$0$LK-SHRB-TRNK,x-RL TH5-LP Block$0$LK-SHRB-TRNK,186,186,186,2,10,1.10414e+07,8.48873e+06,1.10414e+07,8.48874e+06,2.0,2.0,1.10414e+07,8.48873e+06,4.0
Layer:x-RL TH5-LP Block$0$LK-TREE-TRNK,x-RL TH5-LP Block$0$LK-TREE-TRNK,186,186,186,2,10,1.10413e+07,8.48864e+06,1.10414e+07,8.48866e+06,22.0,22.0,1.10414e+07,8.48865e+06,484.0
Layer:x-RL TH5-LP Block$0$LK-SHRB-TRNK,x-RL TH5-LP Block$0$LK-SHRB-TRNK,186,186,186,6,30,1.10414e+07,8.48839e+06,1.10414e+07,8.4884e+06,10.0,10.0,1.10414e+07,8.48839e+06,100.0
Layer:x-RL TH5-LP Block$0$LK-SHRB-TRNK,x-RL TH5-LP Block$0$LK-SHRB-TRNK,186,186,186,6,30,1.10414e+07,8.4882e+06,1.10414e+07,8.48821e+06,10.0,10.0,1.10414e+07,8.4882e+06,100.0
Layer:x-RL TH5-LP Block$0$LK-TREE-TRNK,x-RL TH5-LP Block$0$LK-TREE-TRNK,186,186,186,2,10,1.10414e+07,8.48811e+06,1.10414e+07,8.48813e+06,10.0,14.0,1.10414e+07,8.48812e+06,140.0
Layer:x-RL TH5-LP Block$0$LK-TREE-TRNK,x-RL TH5-LP Block$0$LK-TREE-TRNK,186,186,186,2,10,1.10414e+07,8.4879e+06,1.10414e+07,8.48792e+06,10.0,14.0,1.10414e+07,8.48791e+06,140.0
Layer:x-RL TH5-LP Block$0$LK-SHRB-035M,x-RL TH5-LP Block$0$LK-SHRB-035M,186,186,186,1,98,1.1042e+07,8.4884e+06,1.10421e+07,8.48843e+06,24.0,24.0,1.10421e+07,8.48841e+06,576.0
Layer:x-RL TH5-LP Block$0$LK-SHRB-035M,x-RL TH5-LP Block$0$LK-SHRB-035M,186,186,186,1,98,1.10421e+07,8.48805e+06,1.10421e+07,8.48807e+06,24.0,24.0,1.10421e+07,8.48806e+06,576.0
Layer:x-RL TH5-LP Block$0$LK-SHRB-035M,x-RL TH5-LP Block$0$LK-SHRB-035M,186,186,186,1,98,1.10423e+07,8.48756e+06,1.10423e+07,8.48758e+06,24.0,24.0,1.10423e+07,8.48757e+06,576.0
Layer:x-RL TH5-LP Block$0$LK-SHRB-035M,x-RL TH5-LP Block$0$LK-SHRB-035M,186,186,186,1,98,1.10423e+07,8.48884e+06,1.10423e+07,8.48887e+06,24.0,24.0,1.10423e+07,8.48886e+06,576.0
Layer:x-RL TH5-LP Block$0$LK-SHRB-TRNK,x-RL TH5-LP Block$0$LK-SHRB-TRNK,186,186,186,2,10,1.10422e+07,8.48807e+06,1.10422e+07,8.48807e+06,2.0,2.0,1.10422e+07,8.48807e+06,4.0
Layer:x-RL TH5-LP Block$0$LK-SHRB-TRNK,x-RL TH5-LP Block$0$LK-SHRB-TRNK,186,186,186,2,10,1.10422e+07,8.48807e+06,1.10422e+07,8.48807e+06,2.0,2.0,1.10422e+07,8.48807e+06,4.0
Layer:x-RL TH5-LP Block$0$LK-SHRB-TRNK,x-RL TH5-LP Block$0$LK-SHRB-TRNK,186,186,186,2,10,1.10422e+07,8.48807e+06,1.10422e+07,8.48807e+06,2.0,2.0,1.10422e+07,8.48807e+06,4.0
Layer:x-RL TH5-LP Block$0$LK-SHRB-TRNK,x-RL TH5-LP Block$0$LK-SHRB-TRNK,186,186,186,2,10,1.10422e+07,8.48807e+06,1.10422e+07,8.48807e+06,2.0,2.0,1.10422e+07,8.48807e+06,4.0
Layer:x-RL TH5-LP Block$0$LK-SHRB-TRNK,x-RL TH5-LP Block$0$LK-SHRB-TRNK,186,186,186,2,10,1.10423e+07,8.48807e+06,1.10423e+07,8.48807e+06,2.0,2.0,1.10423e+07,8.48807e+06,4.0
Layer:x-RL TH5-LP Block$0$LK-SHRB-035M,x-RL TH5-LP Block$0$LK-SHRB-035M,186,186,186,1,98,1.10421e+07,8.48874e+06,1.10421e+07,8.48876e+06,24.0,24.0,1.10421e+07,8.48875e+06,576.0
Layer:x-RL TH5-LP Block$0$LK-SHRB-TRNK,x-RL TH5-LP Block$0$LK-SHRB-TRNK,186,186,186,2,10,1.10422e+07,8.48861e+06,1.10422e+07,8.48861e+06,2.0,2.0,1.10422e+07,8.48861e+06,4.0
Layer:x-RL TH5-LP Block$0$LK-SHRB-TRNK,x-RL TH5-LP Block$0$LK-SHRB-TRNK,186,186,186,2,10,1.10423e+07,8.48861e+06,1.10423e+07,8.48861e+06,2.0,2.0,1.10423e+07,8.48861e+06,4.0
Layer:x-RL TH5-LP Block$0$LK-SHRB-TRNK,x-RL TH5-LP Block$0$LK-SHRB-TRNK,186,186,186,2,10,1.10423e+07,8.48861e+06,1.10423e+07,8.48861e+06,2.0,2.0,1.10423e+07,8.48861e+06,4.0
Layer:x-RL TH5-LP Block$0$LK-SHRB-TRNK,x-RL TH5-LP Block$0$LK-SHRB-TRNK,186,186,186,2,10,1.10423e+07,8.48861e+06,1.10423e+07,8.48861e+06,2.0,2.0,1.10423e+07,8.48861e+06,4.0
Layer:x-RL TH5-LP Block$0$LK-SHRB-TRNK,x-RL TH5-LP Block$0$LK-SHRB-TRNK,186,186,186,2,10,1.10422e+07,8.48782e+06,1.10423e+07,8.48782e+06,2.0,2.0,1.10423e+07,8.48782e+06,4.0
Layer:x-RL TH5-LP Block$0$LK-SHRB-TRNK,x-RL TH5-LP Block$0$LK-SHRB-TRNK,186,186,186,2,10,1.10423e+07,8.48782e+06,1.10423e+07,8.48782e+06,2.0,2.0,1.10423e+07,8.48782e+06,4.0
Layer:x-RL TH5-LP Block$0$LK-SHRB-TRNK,x-RL TH5-LP Block$0$LK-SHRB-TRNK,186,186,186,2,10,1.10423e+07,8.48782e+06,1.10423e+07,8.48782e+06,2.0,2.0,1.10423e+07,8.48782e+06,4.0
Layer:x-RL TH5-LP Block$0$LK-SHRB-TRNK,x-RL TH5-LP Block$0$LK-SHRB-TRNK,186,186,186,2,10,1.10423e+07,8.48782e+06,1.10423e+07,8.48782e+06,2.0,2.0,1.10423e+07,8.48782e+06,4.0
Layer:x-RL TH5-LP Block$0$LK-SHRB-TRNK,x-RL TH5-LP Block$0$LK-SHRB-TRNK,186,186,186,2,10,1.10423e+07,8.48807e+06,1.10423e+07,8.48807e+06,2.0,2.0,1.10423e+07,8.48807e+06,4.0
Layer:x-RL TH5-LP Block$0$LK-SHRB-TRNK,x-RL TH5-LP Block$0$LK-SHRB-TRNK,186,186,186,2,10,1.10423e+07,8.48807e+06,1.10423e+07,8.48808e+06,2.0,2.0,1.10423e+07,8.48807e+06,4.0
Layer:x-RL TH5-LP Block$0$LK-SHRB-035M,x-RL TH5-LP Block$0$LK-SHRB-035M,186,186,186,1,98,1.10421e+07,8.48838e+06,1.10421e+07,8.4884e+06,24.0,24.0,1.10421e+07,8.48839e+06,576.0
Layer:x-RL TH5-LP Block$0$LK-SHRB-035M,x-RL TH5-LP Block$0$LK-SHRB-035M,186,186,186,1,98,1.10421e+07,8.48835e+06,1.10421e+07,8.48838e+06,24.0,24.0,1.10421e+07,8.48837e+06,576.0
Layer:x-RL TH5-LP Block$0$LK-SHRB-035M,x-RL TH5-LP Block$0$LK-SHRB-035M,186,186,186,1,98,1.10421e+07,8.48833e+06,1.10421e+07,8.48835e+06,24.0,24.0,1.10421e+07,8.48834e+06,576.0
Layer:x-RL TH5-LP Block$0$LK-SHRB-035M,x-RL TH5-LP Block$0$LK-SHRB-035M,186,186,186,1,98,1.10421e+07,8.48831e+06,1.10421e+07,8.48833e+06,24.0,24.0,1.10421e+07,8.48832e+06,576.0
Layer:x-RL TH5-LP Block$0$LK-SHRB-035M,x-RL TH5-LP Block$0$LK-SHRB-035M,186,186,186,1,98,1.10421e+07,8.48828e+06,1.10421e+07,8.48831e+06,24.0,24.0,1.10421e+07,8.4883e+06,576.0
Layer:x-RL TH5-LP Block$0$LK-SHRB-035M,x-RL TH5-LP Block$0$LK-SHRB-035M,186,186,186,1,98,1.10421e+07,8.48826e+06,1.10421e+07,8.48828e+06,24.0,24.0,1.10421e+07,8.48827e+06,576.0
Layer:x-RL TH5-LP Block$0$LK-SHRB-035M,x-RL TH5-LP Block$0$LK-SHRB-035M,186,186,186,1,98,1.10421e+07,8.48803e+06,1.10421e+07,8.48806e+06,24.0,24.0,1.10421e+07,8.48804e+06,576.0
Layer:x-RL TH5-LP Block$0$LK-SHRB-035M,x-RL TH5-LP Block$0$LK-SHRB-035M,186,186,186,1,98,1.10421e+07,8.48801e+06,1.10421e+07,8.48804e+06,24.0,24.0,1.10421e+07,8.48802e+06,576.0
Layer:x-RL TH5-LP Block$0$LK-SHRB-035M,x-RL TH5-LP Block$0$LK-SHRB-035M,186,186,186,1,98,1.10421e+07,8.48799e+06,1.10421e+07,8.48802e+06,24.0,24.0,1.10421e+07,8.48801e+06,576.0
Layer:x-RL TH5-LP Block$0$LK-SHRB-035M,x-RL TH5-LP Block$0$LK-SHRB-035M,186,186,186,1,98,1.10423e+07,8.48756e+06,1.10423e+07,8.48758e+06,24.0,24.0,1.10423e+07,8.48757e+06,576.0
Layer:x-RL TH5-LP Block$0$LK-SHRB-035M,x-RL TH5-LP Block$0$LK-SHRB-035M,186,186,186,1,98,1.10423e+07,8.48756e+06,1.10423e+07,8.48758e+06,24.0,24.0,1.10423e+07,8.48757e+06,576.0
Layer:x-RL TH5-LP Block$0$LK-SHRB-035M,x-RL TH5-LP Block$0$LK-SHRB-035M,186,186,186,1,98,1.10422e+07,8.48756e+06,1.10423e+07,8.48758e+06,24.0,24.0,1.10423e+07,8.48757e+06,576.0
Layer:x-RL TH5-LP Block$0$LK-SHRB-035M,x-RL TH5-LP Block$0$LK-SHRB-035M,186,186,186,1,98,1.10422e+07,8.48756e+06,1.10422e+07,8.48758e+06,24.0,24.0,1.10422e+07,8.48757e+06,576.0
Layer:x-RL TH5-LP Block$0$LK-SHRB-035M,x-RL TH5-LP Block$0$LK-SHRB-035M,186,186,186,1,98,1.10422e+07,8.48756e+06,1.10422e+07,8.48758e+06,24.0,24.0,1.10422e+07,8.48757e+06,576.0
Layer:x-RL TH5-LP Block$0$LK-SHRB-035M,x-RL TH5-LP Block$0$LK-SHRB-035M,186,186,186,1,98,1.10422e+07,8.48756e+06,1.10422e+07,8.48758e+06,24.0,24.0,1.10422e+07,8.48757e+06,576.0
Layer:x-RL TH5-LP Block$0$LK-SHRB-035M,x-RL TH5-LP Block$0$LK-SHRB-035M,186,186,186,1,98,1.10422e+07,8.48756e+06,1.10422e+07,8.48758e+06,24.0,24.0,1.10422e+07,8.48757e+06,576.0
Layer:x-RL TH5-LP Block$0$LK-SHRB-035M,x-RL TH5-LP Block$0$LK-SHRB-035M,186,186,186,1,98,1.10421e+07,8.48756e+06,1.10422e+07,8.48758e+06,24.0,24.0,1.10421e+07,8.48757e+06,576.0
Layer:x-RL TH5-LP Block$0$LK-SHRB-035M,x-RL TH5-LP Block$0$LK-SHRB-035M,186,186,186,1,98,1.10421e+07,8.48876e+06,1.10421e+07,8.48878e+06,24.0,24.0,1.10421e+07,8.48877e+06,576.0
Layer:x-RL TH5-LP Block$0$LK-SHRB-035M,x-RL TH5-LP Block$0$LK-SHRB-035M,186,186,186,1,98,1.10421e+07,8.48878e+06,1.10421e+07,8.4888e+06,24.0,24.0,1.10421e+07,8.48879e+06,576.0
Layer:x-RL TH5-LP Block$0$LK-SHRB-035M,x-RL TH5-LP Block$0$LK-SHRB-035M,186,186,186,1,98,1.10421e+07,8.4888e+06,1.10421e+07,8.48882e+06,24.0,24.0,1.10421e+07,8.48881e+06,576.0
Layer:x-RL TH5-LP Block$0$LK-SHRB-035M,x-RL TH5-LP Block$0$LK-SHRB-035M,186,186,186,1,98,1.1042e+07,8.4888e+06,1.10421e+07,8.48882e+06,24.0,24.0,1.10421e+07,8.48881e+06,576.0
Layer:x-RL TH5-LP Block$0$LK-SHRB-035M,x-RL TH5-LP Block$0$LK-SHRB-035M,186,186,186,1,98,1.1042e+07,8.4888e+06,1.1042e+07,8.48882e+06,24.0,24.0,1.1042e+07,8.48881e+06,576.0
Layer:x-RL TH5-LP Block$0$LK-SHRB-035M,x-RL TH5-LP Block$0$LK-SHRB-035M,186,186,186,1,98,1.1042e+07,8.4888e+06,1.1042e+07,8.48882e+06,24.0,24.0,1.1042e+07,8.48881e+06,576.0
Layer:x-RL TH5-LP Block$0$LK-SHRB-035M,x-RL TH5-LP Block$0$LK-SHRB-035M,186,186,186,1,98,1.1042e+07,8.48879e+06,1.1042e+07,8.48882e+06,24.0,24.0,1.1042e+07,8.48881e+06,576.0
Layer:x-RL TH5-LP Block$0$LK-SHRB-035M,x-RL TH5-LP Block$0$LK-SHRB-035M,186,186,186,1,98,1.1042e+07,8.48879e+06,1.1042e+07,8.48882e+06,24.0,24.0,1.1042e+07,8.48881e+06,576.0
Layer:x-RL TH5-LP Block$0$LK-SHRB-035M,x-RL TH5-LP Block$0$LK-SHRB-035M,186,186,186,1,98,1.1042e+07,8.48877e+06,1.1042e+07,8.4888e+06,24.0,24.0,1.1042e+07,8.48878e+06,576.0
Layer:x-RL TH5-LP Block$0$LK-SHRB-035M,x-RL TH5-LP Block$0$LK-SHRB-035M,186,186,186,1,98,1.1042e+07,8.48875e+06,1.1042e+07,8.48878e+06,24.0,24.0,1.1042e+07,8.48876e+06,576.0
Layer:x-RL TH5-LP Block$0$LK-SHRB-035M,x-RL TH5-LP Block$0$LK-SHRB-035M,186,186,186,1,98,1.10423e+07,8.48884e+06,1.10423e+07,8.48887e+06,24.0,24.0,1.10423e+07,8.48886e+06,576.0
Layer:x-RL TH5-LP Block$0$LK-SHRB-035M,x-RL TH5-LP Block$0$LK-SHRB-035M,186,186,186,1,98,1.10423e+07,8.48884e+06,1.10423e+07,8.48887e+06,24.0,24.0,1.10423e+07,8.48886e+06,576.0
Layer:x-RL TH5-LP Block$0$LK-SHRB-035M,x-RL TH5-LP Block$0$LK-SHRB-035M,186,186,186,1,98,1.10422e+07,8.48884e+06,1.10423e+07,8.48887e+06,24.0,24.0,1.10422e+07,8.48886e+06,576.0
Layer:x-RL TH5-LP Block$0$LK-SHRB-035M,x-RL TH5-LP Block$0$LK-SHRB-035M,186,186,186,1,98,1.10422e+07,8.48884e+06,1.10422e+07,8.48887e+06,24.0,24.0,1.10422e+07,8.48886e+06,576.0
Layer:x-RL TH5-LP Block$0$LK-SHRB-035M,x-RL TH5-LP Block$0$LK-SHRB-035M,186,186,186,1,98,1.10422e+07,8.48884e+06,1.10422e+07,8.48887e+06,24.0,24.0,1.10422e+07,8.48886e+06,576.0
Layer:x-RL TH5-LP Block$0$LK-SHRB-035M,x-RL TH5-LP Block$0$LK-SHRB-035M,186,186,186,1,98,1.10422e+07,8.48884e+06,1.10422e+07,8.48887e+06,24.0,24.0,1.10422e+07,8.48886e+06,576.0
Layer:x-RL TH5-LP Block$0$LK-SHRB-035M,x-RL TH5-LP Block$0$LK-SHRB-035M,186,186,186,1,98,1.10421e+07,8.48884e+06,1.10422e+07,8.48887e+06,24.0,24.0,1.10422e+07,8.48886e+06,576.0
Layer:x-RL TH5-LP Block$0$LK-SHRB-035M,x-RL TH5-LP Block$0$LK-SHRB-035M,186,186,186,1,98,1.10421e+07,8.48766e+06,1.10421e+07,8.48768e+06,24.0,24.0,1.10421e+07,8.48767e+06,576.0
Layer:x-RL TH5-LP Block$0$LK-SHRB-035M,x-RL TH5-LP Block$0$LK-SHRB-035M,186,186,186,1,98,1.10421e+07,8.48764e+06,1.10421e+07,8.48766e+06,24.0,24.0,1.10421e+07,8.48765e+06,576.0
Layer:x-RL TH5-LP Block$0$LK-SHRB-035M,x-RL TH5-LP Block$0$LK-SHRB-035M,186,186,186,1,98,1.10421e+07,8.48762e+06,1.10421e+07,8.48764e+06,24.0,24.0,1.10421e+07,8.48763e+06,576.0
Layer:x-RL TH5-LP Block$0$LK-SHRB-035M,x-RL TH5-LP Block$0$LK-SHRB-035M,186,186,186,1,98,1.10421e+07,8.4876e+06,1.10421e+07,8.48763e+06,24.0,24.0,1.10421e+07,8.48761e+06,576.0
Layer:x-RL TH5-LP Block$0$LK-SHRB-035M,x-RL TH5-LP Block$0$LK-SHRB-035M,186,186,186,1,98,1.1042e+07,8.4876e+06,1.10421e+07,8.48763e+06,24.0,24.0,1.10421e+07,8.48761e+06,576.0
Layer:x-RL TH5-LP Block$0$LK-SHRB-035M,x-RL TH5-LP Block$0$LK-SHRB-035M,186,186,186,1,98,1.1042e+07,8.4876e+06,1.1042e+07,8.48762e+06,24.0,24.0,1.1042e+07,8.48761e+06,576.0
Layer:x-RL TH5-LP Block$0$LK-SHRB-035M,x-RL TH5-LP Block$0$LK-SHRB-035M,186,186,186,1,98,1.1042e+07,8.4876e+06,1.1042e+07,8.48762e+06,24.0,24.0,1.1042e+07,8.48761e+06,576.0
Layer:x-RL TH5-LP Block$0$LK-SHRB-035M,x-RL TH5-LP Block$0$LK-SHRB-035M,186,186,186,1,98,1.1042e+07,8.4876e+06,1.1042e+07,8.48762e+06,24.0,24.0,1.1042e+07,8.48761e+06,576.0
Layer:x-RL TH5-LP Block$0$LK-SHRB-035M,x-RL TH5-LP Block$0$LK-SHRB-035M,186,186,186,1,98,1.1042e+07,8.48762e+06,1.1042e+07,8.48764e+06,24.0,24.0,1.1042e+07,8.48763e+06,576.0
Layer:x-RL TH5-LP Block$0$LK-SHRB-035M,x-RL TH5-LP Block$0$LK-SHRB-035M,186,186,186,1,98,1.1042e+07,8.48764e+06,1.1042e+07,8.48766e+06,24.0,24.0,1.1042e+07,8.48765e+06,576.0
Layer:LP-SHAR-BRDR-CONT,LP-SHAR-BRDR-CONT,82,165,145,198,1089,1.10413e+07,8.48462e+06,1.1053e+07,8.49119e+06,11735.0,6561.0,1.10472e+07,8.48791e+06,7.69933e+07
Layer:LK-SHRB-TRNK,LK-SHRB-TRNK,0,255,0,2,10,1.10413e+07,8.48536e+06,1.10413e+07,8.48537e+06,2.0,2.0,1.10413e+07,8.48536e+06,4.0
Layer:LK-SHRB-TRNK,LK-SHRB-TRNK,0,255,0,2,10,1.10413e+07,8.48538e+06,1.10413e+07,8.48538e+06,2.0,2.0,1.10413e+07,8.48538e+06,4.0
Layer:LK-SHRB-TRNK,LK-SHRB-TRNK,0,255,0,2,10,1.10413e+07,8.4854e+06,1.10413e+07,8.4854e+06,2.0,2.0,1.10413e+07,8.4854e+06,4.0
Layer:LK-SHRB-TRNK,LK-SHRB-TRNK,0,255,0,2,10,1.10413e+07,8.48542e+06,1.10413e+07,8.48542e+06,2.0,2.0,1.10413e+07,8.48542e+06,4.0
Layer:LK-SHRB-TRNK,LK-SHRB-TRNK,0,255,0,2,10,1.10413e+07,8.48544e+06,1.10413e+07,8.48544e+06,2.0,2.0,1.10413e+07,8.48544e+06,4.0
Layer:LK-SHRB-TRNK,LK-SHRB-TRNK,0,255,0,2,10,1.10413e+07,8.48545e+06,1.10413e+07,8.48546e+06,2.0,2.0,1.10413e+07,8.48545e+06,4.0
Layer:LK-SHRB-TRNK,LK-SHRB-TRNK,0,255,0,2,10,1.10413e+07,8.48547e+06,1.10413e+07,8.48547e+06,2.0,2.0,1.10413e+07,8.48547e+06,4.0
Layer:LK-SHRB-TRNK,LK-SHRB-TRNK,0,255,0,2,10,1.10413e+07,8.48549e+06,1.10413e+07,8.48549e+06,2.0,2.0,1.10413e+07,8.48549e+06,4.0
Layer:LK-SHRB-TRNK,LK-SHRB-TRNK,0,255,0,2,10,1.10413e+07,8.48551e+06,1.10413e+07,8.48551e+06,2.0,2.0,1.10413e+07,8.48551e+06,4.0
Layer:LK-SHRB-TRNK,LK-SHRB-TRNK,0,255,0,2,10,1.10413e+07,8.48552e+06,1.10413e+07,8.48553e+06,2.0,2.0,1.10413e+07,8.48553e+06,4.0
Layer:LK-SHRB-TRNK,LK-SHRB-TRNK,0,255,0,2,10,1.10413e+07,8.48554e+06,1.10413e+07,8.48554e+06,2.0,2.0,1.10413e+07,8.48554e+06,4.0
Layer:LK-SHRB-TRNK,LK-SHRB-TRNK,0,255,0,2,10,1.10413e+07,8.48556e+06,1.10413e+07,8.48556e+06,2.0,2.0,1.10413e+07,8.48556e+06,4.0
Layer:LK-SHRB-TRNK,LK-SHRB-TRNK,0,255,0,2,10,1.10413e+07,8.48558e+06,1.10413e+07,8.48558e+06,2.0,2.0,1.10413e+07,8.48558e+06,4.0
Layer:LK-SHRB-TRNK,LK-SHRB-TRNK,0,255,0,2,10,1.10413e+07,8.48564e+06,1.10413e+07,8.48564e+06,2.0,2.0,1.10413e+07,8.48564e+06,4.0
Layer:LK-SHRB-TRNK,LK-SHRB-TRNK,0,255,0,2,10,1.10413e+07,8.48566e+06,1.10413e+07,8.48566e+06,2.0,2.0,1.10413e+07,8.48566e+06,4.0
Layer:LK-SHRB-TRNK,LK-SHRB-TRNK,0,255,0,2,10,1.10413e+07,8.48567e+06,1.10413e+07,8.48568e+06,2.0,2.0,1.10413e+07,8.48568e+06,4.0
Layer:LK-SHRB-TRNK,LK-SHRB-TRNK,0,255,0,2,10,1.10413e+07,8.48569e+06,1.10413e+07,8.48569e+06,2.0,2.0,1.10413e+07,8.48569e+06,4.0
Layer:LK-SHRB-TRNK,LK-SHRB-TRNK,0,255,0,2,10,1.10413e+07,8.48571e+06,1.10413e+07,8.48571e+06,2.0,2.0,1.10413e+07,8.48571e+06,4.0
Layer:LK-SHRB-TRNK,LK-SHRB-TRNK,0,255,0,2,10,1.10413e+07,8.48573e+06,1.10413e+07,8.48573e+06,2.0,2.0,1.10413e+07,8.48573e+06,4.0
Layer:LK-SHRB-TRNK,LK-SHRB-TRNK,0,255,0,2,10,1.10413e+07,8.48574e+06,1.10413e+07,8.48575e+06,2.0,2.0,1.10413e+07,8.48575e+06,4.0
Layer:LK-SHRB-TRNK,LK-SHRB-TRNK,0,255,0,2,10,1.10413e+07,8.48576e+06,1.10413e+07,8.48576e+06,2.0,2.0,1.10413e+07,8.48576e+06,4.0
Layer:LK-SHRB-TRNK,LK-SHRB-TRNK,0,255,0,2,10,1.10413e+07,8.48578e+06,1.10413e+07,8.48578e+06,2.0,2.0,1.10413e+07,8.48578e+06,4.0
Layer:LK-SHRB-TRNK,LK-SHRB-TRNK,0,255,0,2,10,1.10413e+07,8.4858e+06,1.10413e+07,8.4858e+06,2.0,2.0,1.10413e+07,8.4858e+06,4.0
Layer:LK-SHRB-TRNK,LK-SHRB-TRNK,0,255,0,2,10,1.10413e+07,8.48582e+06,1.10413e+07,8.48582e+06,2.0,2.0,1.10413e+07,8.48582e+06,4.0
Layer:LK-SHRB-TRNK,LK-SHRB-TRNK,0,255,0,2,10,1.10413e+07,8.48584e+06,1.10413e+07,8.48584e+06,2.0,2.0,1.10413e+07,8.48584e+06,4.0
Layer:LK-SHRB-TRNK,LK-SHRB-TRNK,0,255,0,2,10,1.10413e+07,8.48589e+06,1.10413e+07,8.48589e+06,2.0,2.0,1.10413e+07,8.48589e+06,4.0
Layer:LK-SHRB-TRNK,LK-SHRB-TRNK,0,255,0,2,10,1.10413e+07,8.48591e+06,1.10413e+07,8.48591e+06,2.0,2.0,1.10413e+07,8.48591e+06,4.0
Layer:LK-SHRB-TRNK,LK-SHRB-TRNK,0,255,0,2,10,1.10413e+07,8.48592e+06,1.10413e+07,8.48593e+06,2.0,2.0,1.10413e+07,8.48592e+06,4.0
Layer:LK-SHRB-TRNK,LK-SHRB-TRNK,0,255,0,2,10,1.10413e+07,8.48594e+06,1.10413e+07,8.48594e+06,2.0,2.0,1.10413e+07,8.48594e+06,4.0
Layer:LK-SHRB-TRNK,LK-SHRB-TRNK,0,255,0,2,10,1.10413e+07,8.48596e+06,1.10413e+07,8.48596e+06,2.0,2.0,1.10413e+07,8.48596e+06,4.0
Layer:LK-SHRB-TRNK,LK-SHRB-TRNK,0,255,0,2,10,1.10413e+07,8.48598e+06,1.10413e+07,8.48598e+06,2.0,2.0,1.10413e+07,8.48598e+06,4.0
Layer:LK-SHRB-TRNK,LK-SHRB-TRNK,0,255,0,2,10,1.10413e+07,8.486e+06,1.10413e+07,8.486e+06,2.0,2.0,1.10413e+07,8.486e+06,4.0
Layer:LK-SHRB-TRNK,LK-SHRB-TRNK,0,255,0,2,10,1.10413e+07,8.48601e+06,1.10413e+07,8.48602e+06,2.0,2.0,1.10413e+07,8.48601e+06,4.0
Layer:LK-SHRB-TRNK,LK-SHRB-TRNK,0,255,0,2,10,1.10413e+07,8.48603e+06,1.10413e+07,8.48603e+06,2.0,2.0,1.10413e+07,8.48603e+06,4.0
Layer:LK-SHRB-TRNK,LK-SHRB-TRNK,0,255,0,2,10,1.10413e+07,8.48605e+06,1.10413e+07,8.48605e+06,2.0,2.0,1.10413e+07,8.48605e+06,4.0
Layer:LK-SHRB-TRNK,LK-SHRB-TRNK,0,255,0,2,10,1.10413e+07,8.48607e+06,1.10413e+07,8.48607e+06,2.0,2.0,1.10413e+07,8.48607e+06,4.0
Layer:LK-SHRB-TRNK,LK-SHRB-TRNK,0,255,0,2,10,1.10413e+07,8.48608e+06,1.10413e+07,8.48609e+06,2.0,2.0,1.10413e+07,8.48609e+06,4.0
Layer:LK-SHRB-TRNK,LK-SHRB-TRNK,0,255,0,2,10,1.10413e+07,8.4861e+06,1.10413e+07,8.4861e+06,2.0,2.0,1.10413e+07,8.4861e+06,4.0
Layer:LK-SHRB-TRNK,LK-SHRB-TRNK,0,255,0,2,10,1.10413e+07,8.48616e+06,1.10413e+07,8.48616e+06,2.0,2.0,1.10413e+07,8.48616e+06,4.0
Layer:LK-SHRB-TRNK,LK-SHRB-TRNK,0,255,0,2,10,1.10413e+07,8.48618e+06,1.10413e+07,8.48618e+06,2.0,2.0,1.10413e+07,8.48618e+06,4.0
Layer:LK-SHRB-TRNK,LK-SHRB-TRNK,0,255,0,2,10,1.10413e+07,8.48619e+06,1.10413e+07,8.4862e+06,2.0,2.0,1.10413e+07,8.48619e+06,4.0
Layer:LK-SHRB-TRNK,LK-SHRB-TRNK,0,255,0,2,10,1.10413e+07,8.48621e+06,1.10413e+07,8.48621e+06,2.0,2.0,1.10413e+07,8.48621e+06,4.0
Layer:LK-SHRB-TRNK,LK-SHRB-TRNK,0,255,0,2,10,1.10413e+07,8.48623e+06,1.10413e+07,8.48623e+06,2.0,2.0,1.10413e+07,8.48623e+06,4.0
Layer:LK-SHRB-TRNK,LK-SHRB-TRNK,0,255,0,2,10,1.10413e+07,8.48625e+06,1.10413e+07,8.48625e+06,2.0,2.0,1.10413e+07,8.48625e+06,4.0
Layer:LK-SHRB-TRNK,LK-SHRB-TRNK,0,255,0,2,10,1.10413e+07,8.48626e+06,1.10413e+07,8.48627e+06,2.0,2.0,1.10413e+07,8.48627e+06,4.0
Layer:LK-SHRB-TRNK,LK-SHRB-TRNK,0,255,0,2,10,1.10413e+07,8.48628e+06,1.10413e+07,8.48628e+06,2.0,2.0,1.10413e+07,8.48628e+06,4.0
Layer:LK-SHRB-TRNK,LK-SHRB-TRNK,0,255,0,2,10,1.10413e+07,8.4863e+06,1.10413e+07,8.4863e+06,2.0,2.0,1.10413e+07,8.4863e+06,4.0
Layer:LK-SHRB-TRNK,LK-SHRB-TRNK,0,255,0,2,10,1.10413e+07,8.48632e+06,1.10413e+07,8.48632e+06,2.0,2.0,1.10413e+07,8.48632e+06,4.0
Layer:LK-SHRB-TRNK,LK-SHRB-TRNK,0,255,0,2,10,1.10413e+07,8.48634e+06,1.10413e+07,8.48634e+06,2.0,2.0,1.10413e+07,8.48634e+06,4.0
Layer:LK-SHRB-TRNK,LK-SHRB-TRNK,0,255,0,2,10,1.10413e+07,8.48636e+06,1.10413e+07,8.48636e+06,2.0,2.0,1.10413e+07,8.48636e+06,4.0
Layer:LK-SHRB-TRNK,LK-SHRB-TRNK,0,255,0,2,10,1.10413e+07,8.48637e+06,1.10413e+07,8.48638e+06,2.0,2.0,1.10413e+07,8.48637e+06,4.0
Layer:LK-SHRB-TRNK,LK-SHRB-TRNK,0,255,0,2,10,1.10413e+07,8.48639e+06,1.10413e+07,8.48639e+06,2.0,2.0,1.10413e+07,8.48639e+06,4.0
Layer:LK-SHRB-TRNK,LK-SHRB-TRNK,0,255,0,2,10,1.10413e+07,8.48641e+06,1.10413e+07,8.48641e+06,2.0,2.0,1.10413e+07,8.48641e+06,4.0
Layer:LK-SHRB-TRNK,LK-SHRB-TRNK,0,255,0,2,10,1.10413e+07,8.48643e+06,1.10413e+07,8.48643e+06,2.0,2.0,1.10413e+07,8.48643e+06,4.0
Layer:LK-SHRB-TRNK,LK-SHRB-TRNK,0,255,0,2,10,1.10413e+07,8.48644e+06,1.10413e+07,8.48645e+06,2.0,2.0,1.10413e+07,8.48645e+06,4.0
Layer:LK-SHRB-TRNK,LK-SHRB-TRNK,0,255,0,2,10,1.10413e+07,8.48646e+06,1.10413e+07,8.48646e+06,2.0,2.0,1.10413e+07,8.48646e+06,4.0
Layer:LK-SHRB-TRNK,LK-SHRB-TRNK,0,255,0,2,10,1.10413e+07,8.48648e+06,1.10413e+07,8.48648e+06,2.0,2.0,1.10413e+07,8.48648e+06,4.0
Layer:LK-SHRB-TRNK,LK-SHRB-TRNK,0,255,0,2,10,1.10413e+07,8.4865e+06,1.10413e+07,8.4865e+06,2.0,2.0,1.10413e+07,8.4865e+06,4.0
Layer:LK-SHRB-TRNK,LK-SHRB-TRNK,0,255,0,2,10,1.10413e+07,8.48652e+06,1.10413e+07,8.48652e+06,2.0,2.0,1.10413e+07,8.48652e+06,4.0
Layer:LK-SHRB-TRNK,LK-SHRB-TRNK,0,255,0,2,10,1.10413e+07,8.48657e+06,1.10413e+07,8.48657e+06,2.0,2.0,1.10413e+07,8.48657e+06,4.0
Layer:LK-SHRB-TRNK,LK-SHRB-TRNK,0,255,0,2,10,1.10413e+07,8.48659e+06,1.10413e+07,8.48659e+06,2.0,2.0,1.10413e+07,8.48659e+06,4.0
Layer:LK-SHRB-TRNK,LK-SHRB-TRNK,0,255,0,2,10,1.10413e+07,8.48661e+06,1.10413e+07,8.48661e+06,2.0,2.0,1.10413e+07,8.48661e+06,4.0
Layer:LK-SHRB-TRNK,LK-SHRB-TRNK,0,255,0,2,10,1.10413e+07,8.48663e+06,1.10413e+07,8.48663e+06,2.0,2.0,1.10413e+07,8.48663e+06,4.0
Layer:LK-SHRB-TRNK,LK-SHRB-TRNK,0,255,0,2,10,1.10413e+07,8.48664e+06,1.10413e+07,8.48665e+06,2.0,2.0,1.10413e+07,8.48664e+06,4.0
Layer:LK-SHRB-TRNK,LK-SHRB-TRNK,0,255,0,2,10,1.10413e+07,8.48666e+06,1.10413e+07,8.48666e+06,2.0,2.0,1.10413e+07,8.48666e+06,4.0
Layer:LK-SHRB-TRNK,LK-SHRB-TRNK,0,255,0,2,10,1.10413e+07,8.48668e+06,1.10413e+07,8.48668e+06,2.0,2.0,1.10413e+07,8.48668e+06,4.0
Layer:LK-SHRB-TRNK,LK-SHRB-TRNK,0,255,0,2,10,1.10413e+07,8.4867e+06,1.10413e+07,8.4867e+06,2.0,2.0,1.10413e+07,8.4867e+06,4.0
Layer:LK-SHRB-TRNK,LK-SHRB-TRNK,0,255,0,2,10,1.10413e+07,8.48672e+06,1.10413e+07,8.48672e+06,2.0,2.0,1.10413e+07,8.48672e+06,4.0
Layer:LK-SHRB-TRNK,LK-SHRB-TRNK,0,255,0,2,10,1.10413e+07,8.48673e+06,1.10413e+07,8.48674e+06,2.0,2.0,1.10413e+07,8.48673e+06,4.0
Layer:LK-SHRB-TRNK,LK-SHRB-TRNK,0,255,0,2,10,1.10413e+07,8.48675e+06,1.10413e+07,8.48675e+06,2.0,2.0,1.10413e+07,8.48675e+06,4.0
Layer:LK-SHRB-TRNK,LK-SHRB-TRNK,0,255,0,2,10,1.10413e+07,8.48677e+06,1.10413e+07,8.48677e+06,2.0,2.0,1.10413e+07,8.48677e+06,4.0
Layer:LK-SHRB-TRNK,LK-SHRB-TRNK,0,255,0,2,10,1.10413e+07,8.48683e+06,1.10413e+07,8.48683e+06,2.0,2.0,1.10413e+07,8.48683e+06,4.0
Layer:LK-SHRB-TRNK,LK-SHRB-TRNK,0,255,0,2,10,1.10413e+07,8.48685e+06,1.10413e+07,8.48685e+06,2.0,2.0,1.10413e+07,8.48685e+06,4.0
Layer:LK-SHRB-TRNK,LK-SHRB-TRNK,0,255,0,2,10,1.10413e+07,8.48686e+06,1.10413e+07,8.48687e+06,2.0,2.0,1.10413e+07,8.48687e+06,4.0
Layer:LK-SHRB-TRNK,LK-SHRB-TRNK,0,255,0,2,10,1.10413e+07,8.48688e+06,1.10413e+07,8.48688e+06,2.0,2.0,1.10413e+07,8.48688e+06,4.0
Layer:LK-SHRB-TRNK,LK-SHRB-TRNK,0,255,0,2,10,1.10413e+07,8.4869e+06,1.10413e+07,8.4869e+06,2.0,2.0,1.10413e+07,8.4869e+06,4.0
Layer:LK-SHRB-TRNK,LK-SHRB-TRNK,0,255,0,2,10,1.10413e+07,8.48692e+06,1.10413e+07,8.48692e+06,2.0,2.0,1.10413e+07,8.48692e+06,4.0
Layer:LK-SHRB-TRNK,LK-SHRB-TRNK,0,255,0,2,10,1.10413e+07,8.48694e+06,1.10413e+07,8.48694e+06,2.0,2.0,1.10413e+07,8.48694e+06,4.0
Layer:LK-SHRB-TRNK,LK-SHRB-TRNK,0,255,0,2,10,1.10413e+07,8.48696e+06,1.10413e+07,8.48696e+06,2.0,2.0,1.10413e+07,8.48696e+06,4.0
Layer:LK-SHRB-TRNK,LK-SHRB-TRNK,0,255,0,2,10,1.10413e+07,8.48697e+06,1.10413e+07,8.48698e+06,2.0,2.0,1.10413e+07,8.48697e+06,4.0
Layer:LK-SHRB-TRNK,LK-SHRB-TRNK,0,255,0,2,10,1.10413e+07,8.48699e+06,1.10413e+07,8.48699e+06,2.0,2.0,1.10413e+07,8.48699e+06,4.0
Layer:LK-SHRB-TRNK,LK-SHRB-TRNK,0,255,0,2,10,1.10413e+07,8.48701e+06,1.10413e+07,8.48701e+06,2.0,2.0,1.10413e+07,8.48701e+06,4.0
Layer:LK-SHRB-TRNK,LK-SHRB-TRNK,0,255,0,2,10,1.10413e+07,8.48703e+06,1.10413e+07,8.48703e+06,2.0,2.0,1.10413e+07,8.48703e+06,4.0
Layer:LK-SHRB-TRNK,LK-SHRB-TRNK,0,255,0,2,10,1.10413e+07,8.48704e+06,1.10413e+07,8.48705e+06,2.0,2.0,1.10413e+07,8.48704e+06,4.0
Layer:LK-SHRB-TRNK,LK-SHRB-TRNK,0,255,0,2,10,1.10413e+07,8.4871e+06,1.10413e+07,8.4871e+06,2.0,2.0,1.10413e+07,8.4871e+06,4.0
Layer:LK-SHRB-TRNK,LK-SHRB-TRNK,0,255,0,2,10,1.10413e+07,8.48712e+06,1.10413e+07,8.48712e+06,2.0,2.0,1.10413e+07,8.48712e+06,4.0
Layer:LK-SHRB-TRNK,LK-SHRB-TRNK,0,255,0,2,10,1.10413e+07,8.48714e+06,1.10413e+07,8.48714e+06,2.0,2.0,1.10413e+07,8.48714e+06,4.0
Layer:LK-SHRB-TRNK,LK-SHRB-TRNK,0,255,0,2,10,1.10413e+07,8.48754e+06,1.10413e+07,8.48754e+06,2.0,2.0,1.10413e+07,8.48754e+06,4.0
Layer:LK-SHRB-TRNK,LK-SHRB-TRNK,0,255,0,2,10,1.10413e+07,8.48755e+06,1.10413e+07,8.48756e+06,2.0,2.0,1.10413e+07,8.48755e+06,4.0
Layer:LK-SHRB-TRNK,LK-SHRB-TRNK,0,255,0,2,10,1.10413e+07,8.48757e+06,1.10413e+07,8.48757e+06,2.0,2.0,1.10413e+07,8.48757e+06,4.0
Layer:LK-SHRB-TRNK,LK-SHRB-TRNK,0,255,0,2,10,1.10413e+07,8.48763e+06,1.10413e+07,8.48763e+06,2.0,2.0,1.10413e+07,8.48763e+06,4.0
Layer:LK-SHRB-TRNK,LK-SHRB-TRNK,0,255,0,2,10,1.10413e+07,8.48765e+06,1.10413e+07,8.48765e+06,2.0,2.0,1.10413e+07,8.48765e+06,4.0
Layer:LK-SHRB-TRNK,LK-SHRB-TRNK,0,255,0,2,10,1.10413e+07,8.48766e+06,1.10413e+07,8.48767e+06,2.0,2.0,1.10413e+07,8.48767e+06,4.0
Layer:LK-SHRB-TRNK,LK-SHRB-TRNK,0,255,0,2,10,1.10413e+07,8.48768e+06,1.10413e+07,8.48768e+06,2.0,2.0,1.10413e+07,8.48768e+06,4.0
Layer:LK-SHRB-TRNK,LK-SHRB-TRNK,0,255,0,2,10,1.10413e+07,8.4877e+06,1.10413e+07,8.4877e+06,2.0,2.0,1.10413e+07,8.4877e+06,4.0
Layer:LK-SHRB-TRNK,LK-SHRB-TRNK,0,255,0,2,10,1.10413e+07,8.48772e+06,1.10413e+07,8.48772e+06,2.0,2.0,1.10413e+07,8.48772e+06,4.0
Layer:LK-SHRB-TRNK,LK-SHRB-TRNK,0,255,0,2,10,1.10413e+07,8.48774e+06,1.10413e+07,8.48774e+06,2.0,2.0,1.10413e+07,8.48774e+06,4.0
Layer:LK-SHRB-TRNK,LK-SHRB-TRNK,0,255,0,2,10,1.10413e+07,8.48775e+06,1.10413e+07,8.48776e+06,2.0,2.0,1.10413e+07,8.48776e+06,4.0
Layer:LK-SHRB-TRNK,LK-SHRB-TRNK,0,255,0,2,10,1.10413e+07,8.48777e+06,1.10413e+07,8.48777e+06,2.0,2.0,1.10413e+07,8.48777e+06,4.0
Layer:LK-SHRB-TRNK,LK-SHRB-TRNK,0,255,0,2,10,1.10413e+07,8.48779e+06,1.10413e+07,8.48779e+06,2.0,2.0,1.10413e+07,8.48779e+06,4.0
Layer:LK-SHRB-TRNK,LK-SHRB-TRNK,0,255,0,2,10,1.10413e+07,8.48781e+06,1.10413e+07,8.48781e+06,2.0,2.0,1.10413e+07,8.48781e+06,4.0
Layer:LK-SHRB-TRNK,LK-SHRB-TRNK,0,255,0,2,10,1.10413e+07,8.48783e+06,1.10413e+07,8.48783e+06,2.0,2.0,1.10413e+07,8.48783e+06,4.0
Layer:LK-SHRB-TRNK,LK-SHRB-TRNK,0,255,0,2,10,1.10413e+07,8.48784e+06,1.10413e+07,8.48785e+06,2.0,2.0,1.10413e+07,8.48784e+06,4.0
Layer:LK-SHRB-TRNK,LK-SHRB-TRNK,0,255,0,2,10,1.10413e+07,8.48786e+06,1.10413e+07,8.48786e+06,2.0,2.0,1.10413e+07,8.48786e+06,4.0
Layer:LK-SHRB-TRNK,LK-SHRB-TRNK,0,255,0,2,10,1.10413e+07,8.48788e+06,1.10413e+07,8.48788e+06,2.0,2.0,1.10413e+07,8.48788e+06,4.0
Layer:LK-SHRB-TRNK,LK-SHRB-TRNK,0,255,0,2,10,1.10413e+07,8.4879e+06,1.10413e+07,8.4879e+06,2.0,2.0,1.10413e+07,8.4879e+06,4.0
Layer:LK-SHRB-TRNK,LK-SHRB-TRNK,0,255,0,2,10,1.10413e+07,8.48792e+06,1.10413e+07,8.48792e+06,2.0,2.0,1.10413e+07,8.48792e+06,4.0
Layer:LK-SHRB-TRNK,LK-SHRB-TRNK,0,255,0,2,10,1.10413e+07,8.48793e+06,1.10413e+07,8.48794e+06,2.0,2.0,1.10413e+07,8.48793e+06,4.0
Layer:LK-SHRB-TRNK,LK-SHRB-TRNK,0,255,0,2,10,1.10413e+07,8.48795e+06,1.10413e+07,8.48795e+06,2.0,2.0,1.10413e+07,8.48795e+06,4.0
Layer:LK-SHRB-TRNK,LK-SHRB-TRNK,0,255,0,2,10,1.10413e+07,8.48797e+06,1.10413e+07,8.48797e+06,2.0,2.0,1.10413e+07,8.48797e+06,4.0
Layer:LK-SHRB-TRNK,LK-SHRB-TRNK,0,255,0,2,10,1.10413e+07,8.48799e+06,1.10413e+07,8.48799e+06,2.0,2.0,1.10413e+07,8.48799e+06,4.0
Layer:LK-SHRB-TRNK,LK-SHRB-TRNK,0,255,0,2,10,1.10413e+07,8.48805e+06,1.10413e+07,8.48805e+06,2.0,2.0,1.10413e+07,8.48805e+06,4.0
Layer:LK-SHRB-TRNK,LK-SHRB-TRNK,0,255,0,2,10,1.10413e+07,8.48807e+06,1.10413e+07,8.48807e+06,2.0,2.0,1.10413e+07,8.48807e+06,4.0
Layer:LK-SHRB-TRNK,LK-SHRB-TRNK,0,255,0,2,10,1.10413e+07,8.48808e+06,1.10413e+07,8.48809e+06,2.0,2.0,1.10413e+07,8.48808e+06,4.0
Layer:LK-SHRB-TRNK,LK-SHRB-TRNK,0,255,0,2,10,1.10413e+07,8.4881e+06,1.10413e+07,8.4881e+06,2.0,2.0,1.10413e+07,8.4881e+06,4.0
Layer:LK-SHRB-TRNK,LK-SHRB-TRNK,0,255,0,2,10,1.10413e+07,8.48812e+06,1.10413e+07,8.48812e+06,2.0,2.0,1.10413e+07,8.48812e+06,4.0
Layer:LK-SHRB-TRNK,LK-SHRB-TRNK,0,255,0,2,10,1.10413e+07,8.48814e+06,1.10413e+07,8.48814e+06,2.0,2.0,1.10413e+07,8.48814e+06,4.0
Layer:LK-SHRB-TRNK,LK-SHRB-TRNK,0,255,0,2,10,1.10413e+07,8.48816e+06,1.10413e+07,8.48816e+06,2.0,2.0,1.10413e+07,8.48816e+06,4.0
Layer:LK-SHRB-TRNK,LK-SHRB-TRNK,0,255,0,2,10,1.10413e+07,8.48817e+06,1.10413e+07,8.48818e+06,2.0,2.0,1.10413e+07,8.48818e+06,4.0
Layer:LK-SHRB-TRNK,LK-SHRB-TRNK,0,255,0,2,10,1.10413e+07,8.48819e+06,1.10413e+07,8.48819e+06,2.0,2.0,1.10413e+07,8.48819e+06,4.0
Layer:LK-SHRB-TRNK,LK-SHRB-TRNK,0,255,0,2,10,1.10413e+07,8.48821e+06,1.10413e+07,8.48821e+06,2.0,2.0,1.10413e+07,8.48821e+06,4.0
Layer:LK-SHRB-TRNK,LK-SHRB-TRNK,0,255,0,2,10,1.10413e+07,8.48823e+06,1.10413e+07,8.48823e+06,2.0,2.0,1.10413e+07,8.48823e+06,4.0
Layer:LK-SHRB-TRNK,LK-SHRB-TRNK,0,255,0,2,10,1.10413e+07,8.48824e+06,1.10413e+07,8.48825e+06,2.0,2.0,1.10413e+07,8.48825e+06,4.0
Layer:LK-SHRB-TRNK,LK-SHRB-TRNK,0,255,0,2,10,1.10413e+07,8.48831e+06,1.10413e+07,8.48831e+06,2.0,2.0,1.10413e+07,8.48831e+06,4.0
Layer:LK-SHRB-TRNK,LK-SHRB-TRNK,0,255,0,2,10,1.10413e+07,8.48832e+06,1.10413e+07,8.48833e+06,2.0,2.0,1.10413e+07,8.48833e+06,4.0
Layer:LK-SHRB-TRNK,LK-SHRB-TRNK,0,255,0,2,10,1.10413e+07,8.48834e+06,1.10413e+07,8.48834e+06,2.0,2.0,1.10413e+07,8.48834e+06,4.0
Layer:LK-SHRB-TRNK,LK-SHRB-TRNK,0,255,0,2,10,1.10413e+07,8.48836e+06,1.10413e+07,8.48836e+06,2.0,2.0,1.10413e+07,8.48836e+06,4.0
Layer:LK-SHRB-TRNK,LK-SHRB-TRNK,0,255,0,2,10,1.10413e+07,8.48838e+06,1.10413e+07,8.48838e+06,2.0,2.0,1.10413e+07,8.48838e+06,4.0
Layer:LK-SHRB-TRNK,LK-SHRB-TRNK,0,255,0,2,10,1.10413e+07,8.4884e+06,1.10413e+07,8.4884e+06,2.0,2.0,1.10413e+07,8.4884e+06,4.0
Layer:LK-SHRB-TRNK,LK-SHRB-TRNK,0,255,0,2,10,1.10413e+07,8.48841e+06,1.10413e+07,8.48842e+06,2.0,2.0,1.10413e+07,8.48842e+06,4.0
Layer:LK-SHRB-TRNK,LK-SHRB-TRNK,0,255,0,2,10,1.10413e+07,8.48843e+06,1.10413e+07,8.48843e+06,2.0,2.0,1.10413e+07,8.48843e+06,4.0
Layer:LK-SHRB-TRNK,LK-SHRB-TRNK,0,255,0,2,10,1.10413e+07,8.48845e+06,1.10413e+07,8.48845e+06,2.0,2.0,1.10413e+07,8.48845e+06,4.0
Layer:LK-SHRB-TRNK,LK-SHRB-TRNK,0,255,0,2,10,1.10413e+07,8.48847e+06,1.10413e+07,8.48847e+06,2.0,2.0,1.10413e+07,8.48847e+06,4.0
Layer:LK-SHRB-TRNK,LK-SHRB-TRNK,0,255,0,2,10,1.10413e+07,8.48849e+06,1.10413e+07,8.48849e+06,2.0,2.0,1.10413e+07,8.48849e+06,4.0
Layer:LK-SHRB-TRNK,LK-SHRB-TRNK,0,255,0,2,10,1.10413e+07,8.4885e+06,1.10413e+07,8.4885e+06,2.0,2.0,1.10413e+07,8.4885e+06,4.0
Layer:LK-SHRB-TRNK,LK-SHRB-TRNK,0,255,0,2,10,1.10413e+07,8.48856e+06,1.10413e+07,8.48856e+06,2.0,2.0,1.10413e+07,8.48856e+06,4.0
Layer:LK-SHRB-TRNK,LK-SHRB-TRNK,0,255,0,2,10,1.10413e+07,8.48858e+06,1.10413e+07,8.48858e+06,2.0,2.0,1.10413e+07,8.48858e+06,4.0
Layer:LK-SHRB-TRNK,LK-SHRB-TRNK,0,255,0,2,10,1.10413e+07,8.4886e+06,1.10413e+07,8.4886e+06,2.0,2.0,1.10413e+07,8.4886e+06,4.0
Layer:LK-SHRB-TRNK,LK-SHRB-TRNK,0,255,0,2,10,1.10413e+07,8.48862e+06,1.10413e+07,8.48862e+06,2.0,2.0,1.10413e+07,8.48862e+06,4.0
Layer:LK-SHRB-TRNK,LK-SHRB-TRNK,0,255,0,2,10,1.10413e+07,8.48863e+06,1.10413e+07,8.48864e+06,2.0,2.0,1.10413e+07,8.48864e+06,4.0
Layer:LK-SHRB-TRNK,LK-SHRB-TRNK,0,255,0,2,10,1.10413e+07,8.48865e+06,1.10413e+07,8.48865e+06,2.0,2.0,1.10413e+07,8.48865e+06,4.0
Layer:LK-SHRB-TRNK,LK-SHRB-TRNK,0,255,0,2,10,1.10413e+07,8.48867e+06,1.10413e+07,8.48867e+06,2.0,2.0,1.10413e+07,8.48867e+06,4.0
Layer:LK-SHRB-TRNK,LK-SHRB-TRNK,0,255,0,2,10,1.10413e+07,8.48869e+06,1.10413e+07,8.48869e+06,2.0,2.0,1.10413e+07,8.48869e+06,4.0
Layer:LK-SHRB-TRNK,LK-SHRB-TRNK,0,255,0,2,10,1.10413e+07,8.48871e+06,1.10413e+07,8.48871e+06,2.0,2.0,1.10413e+07,8.48871e+06,4.0
Layer:LK-SHRB-TRNK,LK-SHRB-TRNK,0,255,0,2,10,1.10413e+07,8.48872e+06,1.10413e+07,8.48873e+06,2.0,2.0,1.10413e+07,8.48872e+06,4.0
Layer:LK-SHRB-TRNK,LK-SHRB-TRNK,0,255,0,2,10,1.10413e+07,8.48874e+06,1.10413e+07,8.48874e+06,2.0,2.0,1.10413e+07,8.48874e+06,4.0
Layer:LK-SHRB-TRNK,LK-SHRB-TRNK,0,255,0,2,10,1.10413e+07,8.48876e+06,1.10413e+07,8.48876e+06,2.0,2.0,1.10413e+07,8.48876e+06,4.0
Layer:LK-SHRB-TRNK,LK-SHRB-TRNK,0,255,0,2,10,1.10413e+07,8.48878e+06,1.10413e+07,8.48878e+06,2.0,2.0,1.10413e+07,8.48878e+06,4.0
Layer:LK-SHRB-TRNK,LK-SHRB-TRNK,0,255,0,2,10,1.10413e+07,8.48884e+06,1.10413e+07,8.48884e+06,2.0,2.0,1.10413e+07,8.48884e+06,4.0
Layer:LK-SHRB-TRNK,LK-SHRB-TRNK,0,255,0,2,10,1.10413e+07,8.48886e+06,1.10413e+07,8.48886e+06,2.0,2.0,1.10413e+07,8.48886e+06,4.0
Layer:LK-SHRB-TRNK,LK-SHRB-TRNK,0,255,0,2,10,1.10413e+07,8.48887e+06,1.10413e+07,8.48888e+06,2.0,2.0,1.10413e+07,8.48887e+06,4.0
Layer:LK-SHRB-TRNK,LK-SHRB-TRNK,0,255,0,2,10,1.10414e+07,8.48912e+06,1.10414e+07,8.48912e+06,2.0,2.0,1.10414e+07,8.48912e+06,4.0
Layer:LK-SHRB-TRNK,LK-SHRB-TRNK,0,255,0,2,10,1.10414e+07,8.48913e+06,1.10414e+07,8.48914e+06,2.0,2.0,1.10414e+07,8.48914e+06,4.0
Layer:LK-SHRB-TRNK,LK-SHRB-TRNK,0,255,0,2,10,1.10414e+07,8.48919e+06,1.10414e+07,8.4892e+06,2.0,2.0,1.10414e+07,8.48919e+06,4.0
Layer:LK-SHRB-TRNK,LK-SHRB-TRNK,0,255,0,2,10,1.10414e+07,8.48921e+06,1.10414e+07,8.48921e+06,2.0,2.0,1.10414e+07,8.48921e+06,4.0
Layer:LK-SHRB-TRNK,LK-SHRB-TRNK,0,255,0,2,10,1.10414e+07,8.48923e+06,1.10414e+07,8.48923e+06,2.0,2.0,1.10414e+07,8.48923e+06,4.0
Layer:LK-SHRB-TRNK,LK-SHRB-TRNK,0,255,0,2,10,1.10414e+07,8.48925e+06,1.10414e+07,8.48925e+06,2.0,2.0,1.10414e+07,8.48925e+06,4.0
Layer:LK-SHRB-TRNK,LK-SHRB-TRNK,0,255,0,2,10,1.10414e+07,8.48926e+06,1.10414e+07,8.48927e+06,2.0,2.0,1.10414e+07,8.48927e+06,4.0
Layer:LK-SHRB-TRNK,LK-SHRB-TRNK,0,255,0,2,10,1.10414e+07,8.48928e+06,1.10414e+07,8.48928e+06,2.0,2.0,1.10414e+07,8.48928e+06,4.0
Layer:LK-SHRB-TRNK,LK-SHRB-TRNK,0,255,0,2,10,1.10414e+07,8.4893e+06,1.10414e+07,8.4893e+06,2.0,2.0,1.10414e+07,8.4893e+06,4.0
Layer:LK-SHRB-TRNK,LK-SHRB-TRNK,0,255,0,2,10,1.10414e+07,8.48932e+06,1.10414e+07,8.48932e+06,2.0,2.0,1.10414e+07,8.48932e+06,4.0
Layer:LK-SHRB-TRNK,LK-SHRB-TRNK,0,255,0,2,10,1.10414e+07,8.48934e+06,1.10414e+07,8.48934e+06,2.0,2.0,1.10414e+07,8.48934e+06,4.0
Layer:LK-SHRB-TRNK,LK-SHRB-TRNK,0,255,0,2,10,1.10414e+07,8.48935e+06,1.10414e+07,8.48936e+06,2.0,2.0,1.10414e+07,8.48936e+06,4.0
Layer:LK-SHRB-TRNK,LK-SHRB-TRNK,0,255,0,2,10,1.10414e+07,8.48937e+06,1.10414e+07,8.48937e+06,2.0,2.0,1.10414e+07,8.48937e+06,4.0
Layer:LK-SHRB-TRNK,LK-SHRB-TRNK,0,255,0,2,10,1.10414e+07,8.48939e+06,1.10414e+07,8.48939e+06,2.0,2.0,1.10414e+07,8.48939e+06,4.0
Layer:LK-SHRB-TRNK,LK-SHRB-TRNK,0,255,0,2,10,1.10414e+07,8.48941e+06,1.10414e+07,8.48941e+06,2.0,2.0,1.10414e+07,8.48941e+06,4.0
Layer:LK-SHRB-TRNK,LK-SHRB-TRNK,0,255,0,2,10,1.10414e+07,8.48947e+06,1.10414e+07,8.48947e+06,2.0,2.0,1.10414e+07,8.48947e+06,4.0
Layer:LK-SHRB-TRNK,LK-SHRB-TRNK,0,255,0,2,10,1.10414e+07,8.48949e+06,1.10414e+07,8.48949e+06,2.0,2.0,1.10414e+07,8.48949e+06,4.0
Layer:LK-SHRB-TRNK,LK-SHRB-TRNK,0,255,0,2,10,1.10414e+07,8.4895e+06,1.10414e+07,8.48951e+06,2.0,2.0,1.10414e+07,8.48951e+06,4.0
Layer:LK-SHRB-TRNK,LK-SHRB-TRNK,0,255,0,2,10,1.10414e+07,8.48952e+06,1.10414e+07,8.48952e+06,2.0,2.0,1.10414e+07,8.48952e+06,4.0
Layer:LK-SHRB-TRNK,LK-SHRB-TRNK,0,255,0,2,10,1.10414e+07,8.48954e+06,1.10414e+07,8.48954e+06,2.0,2.0,1.10414e+07,8.48954e+06,4.0
Layer:LK-SHRB-TRNK,LK-SHRB-TRNK,0,255,0,2,10,1.10414e+07,8.48956e+06,1.10414e+07,8.48956e+06,2.0,2.0,1.10414e+07,8.48956e+06,4.0
Layer:LK-SHRB-TRNK,LK-SHRB-TRNK,0,255,0,2,10,1.10414e+07,8.48958e+06,1.10414e+07,8.48958e+06,2.0,2.0,1.10414e+07,8.48958e+06,4.0
Layer:LK-SHRB-TRNK,LK-SHRB-TRNK,0,255,0,2,10,1.10414e+07,8.48959e+06,1.10414e+07,8.4896e+06,2.0,2.0,1.10414e+07,8.4896e+06,4.0
Layer:LK-SHRB-TRNK,LK-SHRB-TRNK,0,255,0,2,10,1.10414e+07,8.48961e+06,1.10414e+07,8.48961e+06,2.0,2.0,1.10414e+07,8.48961e+06,4.0
Layer:LK-SHRB-TRNK,LK-SHRB-TRNK,0,255,0,2,10,1.10414e+07,8.48963e+06,1.10414e+07,8.48963e+06,2.0,2.0,1.10414e+07,8.48963e+06,4.0
Layer:LK-SHRB-TRNK,LK-SHRB-TRNK,0,255,0,2,10,1.10414e+07,8.48965e+06,1.10414e+07,8.48965e+06,2.0,2.0,1.10414e+07,8.48965e+06,4.0
Layer:LK-SHRB-TRNK,LK-SHRB-TRNK,0,255,0,2,10,1.10414e+07,8.48967e+06,1.10414e+07,8.48967e+06,2.0,2.0,1.10414e+07,8.48967e+06,4.0
Layer:LK-SHRB-TRNK,LK-SHRB-TRNK,0,255,0,2,10,1.10414e+07,8.48972e+06,1.10414e+07,8.48972e+06,2.0,2.0,1.10414e+07,8.48972e+06,4.0
Layer:LK-SHRB-TRNK,LK-SHRB-TRNK,0,255,0,2,10,1.10414e+07,8.48974e+06,1.10414e+07,8.48974e+06,2.0,2.0,1.10414e+07,8.48974e+06,4.0
Layer:LK-SHRB-TRNK,LK-SHRB-TRNK,0,255,0,2,10,1.10414e+07,8.48976e+06,1.10414e+07,8.48976e+06,2.0,2.0,1.10414e+07,8.48976e+06,4.0
Layer:LK-SHRB-TRNK,LK-SHRB-TRNK,0,255,0,2,10,1.10414e+07,8.48977e+06,1.10414e+07,8.48978e+06,2.0,2.0,1.10414e+07,8.48977e+06,4.0
Layer:LK-SHRB-TRNK,LK-SHRB-TRNK,0,255,0,2,10,1.10414e+07,8.48979e+06,1.10414e+07,8.48979e+06,2.0,2.0,1.10414e+07,8.48979e+06,4.0
Layer:LK-SHRB-TRNK,LK-SHRB-TRNK,0,255,0,2,10,1.10414e+07,8.48981e+06,1.10414e+07,8.48981e+06,2.0,2.0,1.10414e+07,8.48981e+06,4.0
Layer:LK-SHRB-TRNK,LK-SHRB-TRNK,0,255,0,2,10,1.10414e+07,8.48983e+06,1.10414e+07,8.48983e+06,2.0,2.0,1.10414e+07,8.48983e+06,4.0
Layer:LK-SHRB-TRNK,LK-SHRB-TRNK,0,255,0,2,10,1.10414e+07,8.48984e+06,1.10414e+07,8.48985e+06,2.0,2.0,1.10414e+07,8.48985e+06,4.0
Layer:LK-SHRB-TRNK,LK-SHRB-TRNK,0,255,0,2,10,1.10414e+07,8.48986e+06,1.10414e+07,8.48986e+06,2.0,2.0,1.10414e+07,8.48986e+06,4.0
Layer:LK-SHRB-TRNK,LK-SHRB-TRNK,0,255,0,2,10,1.10414e+07,8.48988e+06,1.10414e+07,8.48988e+06,2.0,2.0,1.10414e+07,8.48988e+06,4.0
Layer:LK-SHRB-TRNK,LK-SHRB-TRNK,0,255,0,2,10,1.10414e+07,8.4899e+06,1.10414e+07,8.4899e+06,2.0,2.0,1.10414e+07,8.4899e+06,4.0
Layer:LK-SHRB-TRNK,LK-SHRB-TRNK,0,255,0,2,10,1.10414e+07,8.48992e+06,1.10414e+07,8.48992e+06,2.0,2.0,1.10414e+07,8.48992e+06,4.0
Layer:LK-SHRB-TRNK,LK-SHRB-TRNK,0,255,0,2,10,1.10414e+07,8.48994e+06,1.10414e+07,8.48994e+06,2.0,2.0,1.10414e+07,8.48994e+06,4.0
Layer:LK-SHRB-TRNK,LK-SHRB-TRNK,0,255,0,2,10,1.10414e+07,8.48999e+06,1.10414e+07,8.48999e+06,2.0,2.0,1.10414e+07,8.48999e+06,4.0
Layer:LK-SHRB-TRNK,LK-SHRB-TRNK,0,255,0,2,10,1.10414e+07,8.49001e+06,1.10414e+07,8.49001e+06,2.0,2.0,1.10414e+07,8.49001e+06,4.0
Layer:LK-SHRB-TRNK,LK-SHRB-TRNK,0,255,0,2,10,1.10414e+07,8.49003e+06,1.10414e+07,8.49003e+06,2.0,2.0,1.10414e+07,8.49003e+06,4.0
Layer:LK-SHRB-TRNK,LK-SHRB-TRNK,0,255,0,2,10,1.10414e+07,8.49004e+06,1.10414e+07,8.49005e+06,2.0,2.0,1.10414e+07,8.49005e+06,4.0
Layer:LK-SHRB-TRNK,LK-SHRB-TRNK,0,255,0,2,10,1.10414e+07,8.49006e+06,1.10414e+07,8.49006e+06,2.0,2.0,1.10414e+07,8.49006e+06,4.0
Layer:LK-SHRB-TRNK,LK-SHRB-TRNK,0,255,0,2,10,1.10414e+07,8.49008e+06,1.10414e+07,8.49008e+06,2.0,2.0,1.10414e+07,8.49008e+06,4.0
Layer:LK-SHRB-TRNK,LK-SHRB-TRNK,0,255,0,2,10,1.10414e+07,8.4901e+06,1.10414e+07,8.4901e+06,2.0,2.0,1.10414e+07,8.4901e+06,4.0
Layer:LK-SHRB-TRNK,LK-SHRB-TRNK,0,255,0,2,10,1.10414e+07,8.49012e+06,1.10414e+07,8.49012e+06,2.0,2.0,1.10414e+07,8.49012e+06,4.0
Layer:LK-SHRB-TRNK,LK-SHRB-TRNK,0,255,0,2,10,1.10414e+07,8.49013e+06,1.10414e+07,8.49014e+06,2.0,2.0,1.10414e+07,8.49014e+06,4.0
Layer:LK-SHRB-TRNK,LK-SHRB-TRNK,0,255,0,2,10,1.10414e+07,8.49015e+06,1.10414e+07,8.49015e+06,2.0,2.0,1.10414e+07,8.49015e+06,4.0
Layer:LK-SHRB-TRNK,LK-SHRB-TRNK,0,255,0,2,10,1.10414e+07,8.49017e+06,1.10414e+07,8.49017e+06,2.0,2.0,1.10414e+07,8.49017e+06,4.0
Layer:LK-SHRB-TRNK,LK-SHRB-TRNK,0,255,0,2,10,1.10414e+07,8.49019e+06,1.10414e+07,8.49019e+06,2.0,2.0,1.10414e+07,8.49019e+06,4.0
Layer:LK-SHRB-TRNK,LK-SHRB-TRNK,0,255,0,2,10,1.10414e+07,8.4902e+06,1.10414e+07,8.49021e+06,2.0,2.0,1.10414e+07,8.49021e+06,4.0
Layer:LK-SHRB-TRNK,LK-SHRB-TRNK,0,255,0,2,10,1.10414e+07,8.49022e+06,1.10414e+07,8.49022e+06,2.0,2.0,1.10414e+07,8.49022e+06,4.0
Layer:LK-SHRB-TRNK,LK-SHRB-TRNK,0,255,0,2,10,1.10414e+07,8.49024e+06,1.10414e+07,8.49024e+06,2.0,2.0,1.10414e+07,8.49024e+06,4.0
Layer:LK-SHRB-TRNK,LK-SHRB-TRNK,0,255,0,2,10,1.10414e+07,8.49026e+06,1.10414e+07,8.49026e+06,2.0,2.0,1.10414e+07,8.49026e+06,4.0
Layer:LK-SHRB-TRNK,LK-SHRB-TRNK,0,255,0,2,10,1.10414e+07,8.49028e+06,1.10414e+07,8.49028e+06,2.0,2.0,1.10414e+07,8.49028e+06,4.0
Layer:LK-SHRB-TRNK,LK-SHRB-TRNK,0,255,0,2,10,1.10414e+07,8.4903e+06,1.10414e+07,8.4903e+06,2.0,2.0,1.10414e+07,8.4903e+06,4.0
Layer:LK-SHRB-TRNK,LK-SHRB-TRNK,0,255,0,2,10,1.10414e+07,8.49031e+06,1.10414e+07,8.49032e+06,2.0,2.0,1.10414e+07,8.49031e+06,4.0
Layer:LK-SHRB-TRNK,LK-SHRB-TRNK,0,255,0,2,10,1.10414e+07,8.49033e+06,1.10414e+07,8.49033e+06,2.0,2.0,1.10414e+07,8.49033e+06,4.0
Layer:LK-SHRB-TRNK,LK-SHRB-TRNK,0,255,0,2,10,1.10414e+07,8.49035e+06,1.10414e+07,8.49035e+06,2.0,2.0,1.10414e+07,8.49035e+06,4.0
Layer:LK-SHRB-TRNK,LK-SHRB-TRNK,0,255,0,2,10,1.10414e+07,8.4904e+06,1.10414e+07,8.49041e+06,2.0,2.0,1.10414e+07,8.49041e+06,4.0
Layer:LK-SHRB-TRNK,LK-SHRB-TRNK,0,255,0,2,10,1.10414e+07,8.49042e+06,1.10414e+07,8.49042e+06,2.0,2.0,1.10414e+07,8.49042e+06,4.0
Layer:LK-SHRB-TRNK,LK-SHRB-TRNK,0,255,0,2,10,1.10414e+07,8.49044e+06,1.10414e+07,8.49044e+06,2.0,2.0,1.10414e+07,8.49044e+06,4.0
Layer:LK-SHRB-TRNK,LK-SHRB-TRNK,0,255,0,2,10,1.10414e+07,8.49046e+06,1.10414e+07,8.49046e+06,2.0,2.0,1.10414e+07,8.49046e+06,4.0
Layer:LK-SHRB-TRNK,LK-SHRB-TRNK,0,255,0,2,10,1.10414e+07,8.49048e+06,1.10414e+07,8.49048e+06,2.0,2.0,1.10414e+07,8.49048e+06,4.0
Layer:LK-SHRB-TRNK,LK-SHRB-TRNK,0,255,0,2,10,1.10414e+07,8.4905e+06,1.10414e+07,8.4905e+06,2.0,2.0,1.10414e+07,8.4905e+06,4.0
Layer:LK-SHRB-TRNK,LK-SHRB-TRNK,0,255,0,2,10,1.10414e+07,8.49051e+06,1.10414e+07,8.49052e+06,2.0,2.0,1.10414e+07,8.49051e+06,4.0
Layer:LK-SHRB-TRNK,LK-SHRB-TRNK,0,255,0,2,10,1.10414e+07,8.49053e+06,1.10414e+07,8.49053e+06,2.0,2.0,1.10414e+07,8.49053e+06,4.0
Layer:LK-SHRB-TRNK,LK-SHRB-TRNK,0,255,0,2,10,1.10414e+07,8.49055e+06,1.10414e+07,8.49055e+06,2.0,2.0,1.10414e+07,8.49055e+06,4.0
Layer:LK-SHRB-TRNK,LK-SHRB-TRNK,0,255,0,2,10,1.10414e+07,8.49057e+06,1.10414e+07,8.49057e+06,2.0,2.0,1.10414e+07,8.49057e+06,4.0
Layer:LK-SHRB-TRNK,LK-SHRB-TRNK,0,255,0,2,10,1.10414e+07,8.49058e+06,1.10414e+07,8.49059e+06,2.0,2.0,1.10414e+07,8.49058e+06,4.0
Layer:LK-SHRB-TRNK,LK-SHRB-TRNK,0,255,0,2,10,1.10414e+07,8.4906e+06,1.10414e+07,8.4906e+06,2.0,2.0,1.10414e+07,8.4906e+06,4.0
Layer:LK-SHRB-TRNK,LK-SHRB-TRNK,0,255,0,2,10,1.10414e+07,8.49066e+06,1.10414e+07,8.49066e+06,2.0,2.0,1.10414e+07,8.49066e+06,4.0
Layer:LK-SHRB-TRNK,LK-SHRB-TRNK,0,255,0,2,10,1.10414e+07,8.49068e+06,1.10414e+07,8.49068e+06,2.0,2.0,1.10414e+07,8.49068e+06,4.0
Layer:LK-SHRB-TRNK,LK-SHRB-TRNK,0,255,0,2,10,1.10414e+07,8.4907e+06,1.10414e+07,8.4907e+06,2.0,2.0,1.10414e+07,8.4907e+06,4.0
Layer:LK-SHRB-TRNK,LK-SHRB-TRNK,0,255,0,2,10,1.10414e+07,8.49071e+06,1.10414e+07,8.49072e+06,2.0,2.0,1.10414e+07,8.49072e+06,4.0
Layer:LK-SHRB-TRNK,LK-SHRB-TRNK,0,255,0,2,10,1.10414e+07,8.49073e+06,1.10414e+07,8.49073e+06,2.0,2.0,1.10414e+07,8.49073e+06,4.0
Layer:LK-SHRB-TRNK,LK-SHRB-TRNK,0,255,0,2,10,1.10414e+07,8.49075e+06,1.10414e+07,8.49075e+06,2.0,2.0,1.10414e+07,8.49075e+06,4.0
Layer:LK-SHRB-TRNK,LK-SHRB-TRNK,0,255,0,2,10,1.10414e+07,8.49077e+06,1.10414e+07,8.49077e+06,2.0,2.0,1.10414e+07,8.49077e+06,4.0
Layer:LK-SHRB-TRNK,LK-SHRB-TRNK,0,255,0,2,10,1.10414e+07,8.49079e+06,1.10414e+07,8.49079e+06,2.0,2.0,1.10414e+07,8.49079e+06,4.0
Layer:LK-SHRB-TRNK,LK-SHRB-TRNK,0,255,0,2,10,1.10414e+07,8.4908e+06,1.10414e+07,8.4908e+06,2.0,2.0,1.10414e+07,8.4908e+06,4.0
Layer:LK-SHRB-TRNK,LK-SHRB-TRNK,0,255,0,2,10,1.10414e+07,8.49082e+06,1.10414e+07,8.49082e+06,2.0,2.0,1.10414e+07,8.49082e+06,4.0
Layer:LK-SHRB-TRNK,LK-SHRB-TRNK,0,255,0,2,10,1.10414e+07,8.49084e+06,1.10414e+07,8.49084e+06,2.0,2.0,1.10414e+07,8.49084e+06,4.0
Layer:LK-SHRB-TRNK,LK-SHRB-TRNK,0,255,0,2,10,1.10414e+07,8.49086e+06,1.10414e+07,8.49086e+06,2.0,2.0,1.10414e+07,8.49086e+06,4.0
Layer:LK-SHRB-TRNK,LK-SHRB-TRNK,0,255,0,2,10,1.10414e+07,8.49088e+06,1.10414e+07,8.49088e+06,2.0,2.0,1.10414e+07,8.49088e+06,4.0
Layer:LK-SHRB-TRNK,LK-SHRB-TRNK,0,255,0,2,10,1.10414e+07,8.49094e+06,1.10414e+07,8.49094e+06,2.0,2.0,1.10414e+07,8.49094e+06,4.0
Layer:LK-SHRB-TRNK,LK-SHRB-TRNK,0,255,0,2,10,1.10414e+07,8.49096e+06,1.10414e+07,8.49096e+06,2.0,2.0,1.10414e+07,8.49096e+06,4.0
Layer:LK-SHRB-TRNK,LK-SHRB-TRNK,0,255,0,2,10,1.10414e+07,8.49097e+06,1.10414e+07,8.49098e+06,2.0,2.0,1.10414e+07,8.49097e+06,4.0
Layer:LK-SHRB-TRNK,LK-SHRB-TRNK,0,255,0,2,10,1.10512e+07,8.49118e+06,1.10512e+07,8.49118e+06,2.0,2.0,1.10512e+07,8.49118e+06,4.0
Layer:LK-SHRB-TRNK,LK-SHRB-TRNK,0,255,0,2,10,1.1053e+07,8.49041e+06,1.1053e+07,8.49041e+06,2.0,2.0,1.1053e+07,8.49041e+06,4.0
Layer:LK-SHRB-TRNK,LK-SHRB-TRNK,0,255,0,2,10,1.1053e+07,8.49043e+06,1.1053e+07,8.49043e+06,2.0,2.0,1.1053e+07,8.49043e+06,4.0
Layer:LK-SHRB-TRNK,LK-SHRB-TRNK,0,255,0,2,10,1.1053e+07,8.49045e+06,1.1053e+07,8.49045e+06,2.0,2.0,1.1053e+07,8.49045e+06,4.0
Layer:LK-SHRB-TRNK,LK-SHRB-TRNK,0,255,0,2,10,1.10529e+07,8.49045e+06,1.10529e+07,8.49045e+06,2.0,2.0,1.10529e+07,8.49045e+06,4.0
Layer:LK-SHRB-TRNK,LK-SHRB-TRNK,0,255,0,2,10,1.10529e+07,8.49045e+06,1.10529e+07,8.49045e+06,2.0,2.0,1.10529e+07,8.49045e+06,4.0
Layer:LK-SHRB-TRNK,LK-SHRB-TRNK,0,255,0,2,10,1.10529e+07,8.49045e+06,1.10529e+07,8.49045e+06,2.0,2.0,1.10529e+07,8.49045e+06,4.0
Layer:LK-SHRB-TRNK,LK-SHRB-TRNK,0,255,0,2,10,1.10529e+07,8.49045e+06,1.10529e+07,8.49045e+06,2.0,2.0,1.10529e+07,8.49045e+06,4.0
Layer:LK-SHRB-TRNK,LK-SHRB-TRNK,0,255,0,2,10,1.10529e+07,8.49045e+06,1.10529e+07,8.49045e+06,2.0,2.0,1.10529e+07,8.49045e+06,4.0
Layer:LK-SHRB-TRNK,LK-SHRB-TRNK,0,255,0,2,10,1.10529e+07,8.49045e+06,1.10529e+07,8.49045e+06,2.0,2.0,1.10529e+07,8.49045e+06,4.0
Layer:LK-SHRB-TRNK,LK-SHRB-TRNK,0,255,0,2,10,1.1053e+07,8.49035e+06,1.1053e+07,8.49035e+06,2.0,2.0,1.1053e+07,8.49035e+06,4.0
Layer:LK-SHRB-TRNK,LK-SHRB-TRNK,0,255,0,2,10,1.1053e+07,8.49033e+06,1.1053e+07,8.49034e+06,2.0,2.0,1.1053e+07,8.49033e+06,4.0
Layer:LK-SHRB-TRNK,LK-SHRB-TRNK,0,255,0,2,10,1.1053e+07,8.49032e+06,1.1053e+07,8.49032e+06,2.0,2.0,1.1053e+07,8.49032e+06,4.0
Layer:LK-SHRB-TRNK,LK-SHRB-TRNK,0,255,0,2,10,1.1053e+07,8.4903e+06,1.1053e+07,8.4903e+06,2.0,2.0,1.1053e+07,8.4903e+06,4.0
Layer:LK-SHRB-TRNK,LK-SHRB-TRNK,0,255,0,2,10,1.1053e+07,8.49028e+06,1.1053e+07,8.49028e+06,2.0,2.0,1.1053e+07,8.49028e+06,4.0
Layer:LK-SHRB-TRNK,LK-SHRB-TRNK,0,255,0,2,10,1.1053e+07,8.49026e+06,1.1053e+07,8.49026e+06,2.0,2.0,1.1053e+07,8.49026e+06,4.0
Layer:LK-SHRB-TRNK,LK-SHRB-TRNK,0,255,0,2,10,1.1053e+07,8.49024e+06,1.1053e+07,8.49024e+06,2.0,2.0,1.1053e+07,8.49024e+06,4.0
Layer:LK-SHRB-TRNK,LK-SHRB-TRNK,0,255,0,2,10,1.1053e+07,8.49022e+06,1.1053e+07,8.49023e+06,2.0,2.0,1.1053e+07,8.49023e+06,4.0
Layer:LK-SHRB-TRNK,LK-SHRB-TRNK,0,255,0,2,10,1.1053e+07,8.49021e+06,1.1053e+07,8.49021e+06,2.0,2.0,1.1053e+07,8.49021e+06,4.0
Layer:LK-SHRB-TRNK,LK-SHRB-TRNK,0,255,0,2,10,1.1053e+07,8.49019e+06,1.1053e+07,8.49019e+06,2.0,2.0,1.1053e+07,8.49019e+06,4.0
Layer:LK-SHRB-TRNK,LK-SHRB-TRNK,0,255,0,2,10,1.1053e+07,8.49017e+06,1.1053e+07,8.49017e+06,2.0,2.0,1.1053e+07,8.49017e+06,4.0
Layer:LK-SHRB-TRNK,LK-SHRB-TRNK,0,255,0,2,10,1.1053e+07,8.49015e+06,1.1053e+07,8.49016e+06,2.0,2.0,1.1053e+07,8.49016e+06,4.0
Layer:LK-SHRB-TRNK,LK-SHRB-TRNK,0,255,0,2,10,1.1053e+07,8.49014e+06,1.1053e+07,8.49014e+06,2.0,2.0,1.1053e+07,8.49014e+06,4.0
Layer:LK-SHRB-TRNK,LK-SHRB-TRNK,0,255,0,2,10,1.1053e+07,8.49008e+06,1.1053e+07,8.49008e+06,2.0,2.0,1.1053e+07,8.49008e+06,4.0
Layer:LK-SHRB-TRNK,LK-SHRB-TRNK,0,255,0,2,10,1.1053e+07,8.49006e+06,1.1053e+07,8.49006e+06,2.0,2.0,1.1053e+07,8.49006e+06,4.0
Layer:LK-SHRB-TRNK,LK-SHRB-TRNK,0,255,0,2,10,1.1053e+07,8.49004e+06,1.1053e+07,8.49004e+06,2.0,2.0,1.1053e+07,8.49004e+06,4.0
Layer:LK-SHRB-TRNK,LK-SHRB-TRNK,0,255,0,2,10,1.1053e+07,8.49002e+06,1.1053e+07,8.49003e+06,2.0,2.0,1.1053e+07,8.49002e+06,4.0
Layer:LK-SHRB-TRNK,LK-SHRB-TRNK,0,255,0,2,10,1.1053e+07,8.49001e+06,1.1053e+07,8.49001e+06,2.0,2.0,1.1053e+07,8.49001e+06,4.0
Layer:LK-SHRB-TRNK,LK-SHRB-TRNK,0,255,0,2,10,1.1053e+07,8.48999e+06,1.1053e+07,8.48999e+06,2.0,2.0,1.1053e+07,8.48999e+06,4.0
Layer:LK-SHRB-TRNK,LK-SHRB-TRNK,0,255,0,2,10,1.1053e+07,8.48997e+06,1.1053e+07,8.48997e+06,2.0,2.0,1.1053e+07,8.48997e+06,4.0
Layer:LK-SHRB-TRNK,LK-SHRB-TRNK,0,255,0,2,10,1.1053e+07,8.48995e+06,1.1053e+07,8.48995e+06,2.0,2.0,1.1053e+07,8.48995e+06,4.0
Layer:LK-SHRB-TRNK,LK-SHRB-TRNK,0,255,0,2,10,1.1053e+07,8.48993e+06,1.1053e+07,8.48994e+06,2.0,2.0,1.1053e+07,8.48994e+06,4.0
Layer:LK-SHRB-TRNK,LK-SHRB-TRNK,0,255,0,2,10,1.1053e+07,8.48992e+06,1.1053e+07,8.48992e+06,2.0,2.0,1.1053e+07,8.48992e+06,4.0
Layer:LK-SHRB-TRNK,LK-SHRB-TRNK,0,255,0,2,10,1.1053e+07,8.4899e+06,1.1053e+07,8.4899e+06,2.0,2.0,1.1053e+07,8.4899e+06,4.0
Layer:LK-SHRB-TRNK,LK-SHRB-TRNK,0,255,0,2,10,1.1053e+07,8.48988e+06,1.1053e+07,8.48988e+06,2.0,2.0,1.1053e+07,8.48988e+06,4.0
Layer:LK-SHRB-TRNK,LK-SHRB-TRNK,0,255,0,2,10,1.1053e+07,8.48982e+06,1.1053e+07,8.48982e+06,2.0,2.0,1.1053e+07,8.48982e+06,4.0
Layer:LK-SHRB-TRNK,LK-SHRB-TRNK,0,255,0,2,10,1.1053e+07,8.4898e+06,1.1053e+07,8.48981e+06,2.0,2.0,1.1053e+07,8.48981e+06,4.0
Layer:LK-SHRB-TRNK,LK-SHRB-TRNK,0,255,0,2,10,1.1053e+07,8.48979e+06,1.1053e+07,8.48979e+06,2.0,2.0,1.1053e+07,8.48979e+06,4.0
Layer:LK-SHRB-TRNK,LK-SHRB-TRNK,0,255,0,2,10,1.1053e+07,8.48977e+06,1.1053e+07,8.48977e+06,2.0,2.0,1.1053e+07,8.48977e+06,4.0
Layer:LK-SHRB-TRNK,LK-SHRB-TRNK,0,255,0,2,10,1.1053e+07,8.48975e+06,1.1053e+07,8.48975e+06,2.0,2.0,1.1053e+07,8.48975e+06,4.0
Layer:LK-SHRB-TRNK,LK-SHRB-TRNK,0,255,0,2,10,1.1053e+07,8.48973e+06,1.1053e+07,8.48974e+06,2.0,2.0,1.1053e+07,8.48973e+06,4.0
Layer:LK-SHRB-TRNK,LK-SHRB-TRNK,0,255,0,2,10,1.1053e+07,8.48972e+06,1.1053e+07,8.48972e+06,2.0,2.0,1.1053e+07,8.48972e+06,4.0
Layer:LK-SHRB-TRNK,LK-SHRB-TRNK,0,255,0,2,10,1.1053e+07,8.4897e+06,1.1053e+07,8.4897e+06,2.0,2.0,1.1053e+07,8.4897e+06,4.0
Layer:LK-SHRB-TRNK,LK-SHRB-TRNK,0,255,0,2,10,1.1053e+07,8.48968e+06,1.1053e+07,8.48968e+06,2.0,2.0,1.1053e+07,8.48968e+06,4.0
Layer:LK-SHRB-TRNK,LK-SHRB-TRNK,0,255,0,2,10,1.1053e+07,8.48966e+06,1.1053e+07,8.48966e+06,2.0,2.0,1.1053e+07,8.48966e+06,4.0
Layer:LK-SHRB-TRNK,LK-SHRB-TRNK,0,255,0,2,10,1.1053e+07,8.48964e+06,1.1053e+07,8.48964e+06,2.0,2.0,1.1053e+07,8.48964e+06,4.0
Layer:LK-SHRB-TRNK,LK-SHRB-TRNK,0,255,0,2,10,1.1053e+07,8.48962e+06,1.1053e+07,8.48963e+06,2.0,2.0,1.1053e+07,8.48963e+06,4.0
Layer:LK-SHRB-TRNK,LK-SHRB-TRNK,0,255,0,2,10,1.1053e+07,8.48616e+06,1.1053e+07,8.48616e+06,2.0,2.0,1.1053e+07,8.48616e+06,4.0
Layer:LK-SHRB-TRNK,LK-SHRB-TRNK,0,255,0,2,10,1.1053e+07,8.48954e+06,1.1053e+07,8.48954e+06,2.0,2.0,1.1053e+07,8.48954e+06,4.0
Layer:LK-SHRB-TRNK,LK-SHRB-TRNK,0,255,0,2,10,1.1053e+07,8.48952e+06,1.1053e+07,8.48953e+06,2.0,2.0,1.1053e+07,8.48952e+06,4.0
Layer:LK-SHRB-TRNK,LK-SHRB-TRNK,0,255,0,2,10,1.1053e+07,8.48951e+06,1.1053e+07,8.48951e+06,2.0,2.0,1.1053e+07,8.48951e+06,4.0
Layer:LK-SHRB-TRNK,LK-SHRB-TRNK,0,255,0,2,10,1.1053e+07,8.48949e+06,1.1053e+07,8.48949e+06,2.0,2.0,1.1053e+07,8.48949e+06,4.0
Layer:LK-SHRB-TRNK,LK-SHRB-TRNK,0,255,0,2,10,1.1053e+07,8.48947e+06,1.1053e+07,8.48947e+06,2.0,2.0,1.1053e+07,8.48947e+06,4.0
Layer:LK-SHRB-TRNK,LK-SHRB-TRNK,0,255,0,2,10,1.1053e+07,8.48945e+06,1.1053e+07,8.48946e+06,2.0,2.0,1.1053e+07,8.48945e+06,4.0
Layer:LK-SHRB-TRNK,LK-SHRB-TRNK,0,255,0,2,10,1.1053e+07,8.48944e+06,1.1053e+07,8.48944e+06,2.0,2.0,1.1053e+07,8.48944e+06,4.0
Layer:LK-SHRB-TRNK,LK-SHRB-TRNK,0,255,0,2,10,1.1053e+07,8.48942e+06,1.1053e+07,8.48942e+06,2.0,2.0,1.1053e+07,8.48942e+06,4.0
Layer:LK-SHRB-TRNK,LK-SHRB-TRNK,0,255,0,2,10,1.1053e+07,8.4894e+06,1.1053e+07,8.4894e+06,2.0,2.0,1.1053e+07,8.4894e+06,4.0
Layer:LK-SHRB-TRNK,LK-SHRB-TRNK,0,255,0,2,10,1.1053e+07,8.48938e+06,1.1053e+07,8.48938e+06,2.0,2.0,1.1053e+07,8.48938e+06,4.0
Layer:LK-SHRB-TRNK,LK-SHRB-TRNK,0,255,0,2,10,1.1053e+07,8.48936e+06,1.1053e+07,8.48936e+06,2.0,2.0,1.1053e+07,8.48936e+06,4.0
Layer:LK-SHRB-TRNK,LK-SHRB-TRNK,0,255,0,2,10,1.1053e+07,8.48934e+06,1.1053e+07,8.48935e+06,2.0,2.0,1.1053e+07,8.48935e+06,4.0
Layer:LK-SHRB-TRNK,LK-SHRB-TRNK,0,255,0,2,10,1.1053e+07,8.48933e+06,1.1053e+07,8.48933e+06,2.0,2.0,1.1053e+07,8.48933e+06,4.0
Layer:LK-SHRB-TRNK,LK-SHRB-TRNK,0,255,0,2,10,1.1053e+07,8.48931e+06,1.1053e+07,8.48931e+06,2.0,2.0,1.1053e+07,8.48931e+06,4.0
Layer:LK-SHRB-TRNK,LK-SHRB-TRNK,0,255,0,2,10,1.1053e+07,8.48929e+06,1.1053e+07,8.48929e+06,2.0,2.0,1.1053e+07,8.48929e+06,4.0
Layer:LK-SHRB-TRNK,LK-SHRB-TRNK,0,255,0,2,10,1.1053e+07,8.48927e+06,1.1053e+07,8.48928e+06,2.0,2.0,1.1053e+07,8.48927e+06,4.0
Layer:LK-SHRB-TRNK,LK-SHRB-TRNK,0,255,0,2,10,1.1053e+07,8.48926e+06,1.1053e+07,8.48926e+06,2.0,2.0,1.1053e+07,8.48926e+06,4.0
Layer:LK-SHRB-TRNK,LK-SHRB-TRNK,0,255,0,2,10,1.1053e+07,8.48924e+06,1.1053e+07,8.48924e+06,2.0,2.0,1.1053e+07,8.48924e+06,4.0
Layer:LK-SHRB-TRNK,LK-SHRB-TRNK,0,255,0,2,10,1.1053e+07,8.48922e+06,1.1053e+07,8.48922e+06,2.0,2.0,1.1053e+07,8.48922e+06,4.0
Layer:LK-SHRB-TRNK,LK-SHRB-TRNK,0,255,0,2,10,1.1053e+07,8.4892e+06,1.1053e+07,8.4892e+06,2.0,2.0,1.1053e+07,8.4892e+06,4.0
Layer:LK-SHRB-TRNK,LK-SHRB-TRNK,0,255,0,2,10,1.1053e+07,8.48956e+06,1.1053e+07,8.48956e+06,2.0,2.0,1.1053e+07,8.48956e+06,4.0
Layer:LK-SHRB-TRNK,LK-SHRB-TRNK,0,255,0,2,10,1.1053e+07,8.48914e+06,1.1053e+07,8.48914e+06,2.0,2.0,1.1053e+07,8.48914e+06,4.0
Layer:LK-SHRB-TRNK,LK-SHRB-TRNK,0,255,0,2,10,1.1053e+07,8.48912e+06,1.1053e+07,8.48912e+06,2.0,2.0,1.1053e+07,8.48912e+06,4.0
Layer:LK-SHRB-TRNK,LK-SHRB-TRNK,0,255,0,2,10,1.1053e+07,8.4891e+06,1.1053e+07,8.4891e+06,2.0,2.0,1.1053e+07,8.4891e+06,4.0
Layer:LK-SHRB-TRNK,LK-SHRB-TRNK,0,255,0,2,10,1.1053e+07,8.48908e+06,1.1053e+07,8.48909e+06,2.0,2.0,1.1053e+07,8.48909e+06,4.0
Layer:LK-SHRB-TRNK,LK-SHRB-TRNK,0,255,0,2,10,1.1053e+07,8.48907e+06,1.1053e+07,8.48907e+06,2.0,2.0,1.1053e+07,8.48907e+06,4.0
Layer:LK-SHRB-TRNK,LK-SHRB-TRNK,0,255,0,2,10,1.1053e+07,8.48905e+06,1.1053e+07,8.48905e+06,2.0,2.0,1.1053e+07,8.48905e+06,4.0
Layer:LK-SHRB-TRNK,LK-SHRB-TRNK,0,255,0,2,10,1.1053e+07,8.48903e+06,1.1053e+07,8.48903e+06,2.0,2.0,1.1053e+07,8.48903e+06,4.0
Layer:LK-SHRB-TRNK,LK-SHRB-TRNK,0,255,0,2,10,1.1053e+07,8.48901e+06,1.1053e+07,8.48902e+06,2.0,2.0,1.1053e+07,8.48901e+06,4.0
Layer:LK-SHRB-TRNK,LK-SHRB-TRNK,0,255,0,2,10,1.1053e+07,8.489e+06,1.1053e+07,8.489e+06,2.0,2.0,1.1053e+07,8.489e+06,4.0
Layer:LK-SHRB-TRNK,LK-SHRB-TRNK,0,255,0,2,10,1.1053e+07,8.48898e+06,1.1053e+07,8.48898e+06,2.0,2.0,1.1053e+07,8.48898e+06,4.0
Layer:LK-SHRB-TRNK,LK-SHRB-TRNK,0,255,0,2,10,1.1053e+07,8.48896e+06,1.1053e+07,8.48896e+06,2.0,2.0,1.1053e+07,8.48896e+06,4.0
Layer:LK-SHRB-TRNK,LK-SHRB-TRNK,0,255,0,2,10,1.1053e+07,8.48894e+06,1.1053e+07,8.48894e+06,2.0,2.0,1.1053e+07,8.48894e+06,4.0
Layer:LK-SHRB-TRNK,LK-SHRB-TRNK,0,255,0,2,10,1.1053e+07,8.48888e+06,1.1053e+07,8.48888e+06,2.0,2.0,1.1053e+07,8.48888e+06,4.0
Layer:LK-SHRB-TRNK,LK-SHRB-TRNK,0,255,0,2,10,1.1053e+07,8.48886e+06,1.1053e+07,8.48886e+06,2.0,2.0,1.1053e+07,8.48886e+06,4.0
Layer:LK-SHRB-TRNK,LK-SHRB-TRNK,0,255,0,2,10,1.1053e+07,8.48884e+06,1.1053e+07,8.48885e+06,2.0,2.0,1.1053e+07,8.48885e+06,4.0
Layer:LK-SHRB-TRNK,LK-SHRB-TRNK,0,255,0,2,10,1.1053e+07,8.48883e+06,1.1053e+07,8.48883e+06,2.0,2.0,1.1053e+07,8.48883e+06,4.0
Layer:LK-SHRB-TRNK,LK-SHRB-TRNK,0,255,0,2,10,1.1053e+07,8.48881e+06,1.1053e+07,8.48881e+06,2.0,2.0,1.1053e+07,8.48881e+06,4.0
Layer:LK-SHRB-TRNK,LK-SHRB-TRNK,0,255,0,2,10,1.1053e+07,8.48879e+06,1.1053e+07,8.48879e+06,2.0,2.0,1.1053e+07,8.48879e+06,4.0
Layer:LK-SHRB-TRNK,LK-SHRB-TRNK,0,255,0,2,10,1.1053e+07,8.48877e+06,1.1053e+07,8.48878e+06,2.0,2.0,1.1053e+07,8.48877e+06,4.0
Layer:LK-SHRB-TRNK,LK-SHRB-TRNK,0,255,0,2,10,1.1053e+07,8.48876e+06,1.1053e+07,8.48876e+06,2.0,2.0,1.1053e+07,8.48876e+06,4.0
Layer:LK-SHRB-TRNK,LK-SHRB-TRNK,0,255,0,2,10,1.1053e+07,8.48874e+06,1.1053e+07,8.48874e+06,2.0,2.0,1.1053e+07,8.48874e+06,4.0
Layer:LK-SHRB-TRNK,LK-SHRB-TRNK,0,255,0,2,10,1.1053e+07,8.48872e+06,1.1053e+07,8.48872e+06,2.0,2.0,1.1053e+07,8.48872e+06,4.0
Layer:LK-SHRB-TRNK,LK-SHRB-TRNK,0,255,0,2,10,1.1053e+07,8.4887e+06,1.1053e+07,8.4887e+06,2.0,2.0,1.1053e+07,8.4887e+06,4.0
Layer:LK-SHRB-TRNK,LK-SHRB-TRNK,0,255,0,2,10,1.1053e+07,8.48868e+06,1.1053e+07,8.48868e+06,2.0,2.0,1.1053e+07,8.48868e+06,4.0
Layer:LK-SHRB-TRNK,LK-SHRB-TRNK,0,255,0,2,10,1.1053e+07,8.48862e+06,1.1053e+07,8.48862e+06,2.0,2.0,1.1053e+07,8.48862e+06,4.0
Layer:LK-SHRB-TRNK,LK-SHRB-TRNK,0,255,0,2,10,1.1053e+07,8.48861e+06,1.1053e+07,8.48861e+06,2.0,2.0,1.1053e+07,8.48861e+06,4.0
Layer:LK-SHRB-TRNK,LK-SHRB-TRNK,0,255,0,2,10,1.1053e+07,8.48859e+06,1.1053e+07,8.48859e+06,2.0,2.0,1.1053e+07,8.48859e+06,4.0
Layer:LK-SHRB-TRNK,LK-SHRB-TRNK,0,255,0,2,10,1.1053e+07,8.48857e+06,1.1053e+07,8.48857e+06,2.0,2.0,1.1053e+07,8.48857e+06,4.0
Layer:LK-SHRB-TRNK,LK-SHRB-TRNK,0,255,0,2,10,1.1053e+07,8.48855e+06,1.1053e+07,8.48855e+06,2.0,2.0,1.1053e+07,8.48855e+06,4.0
Layer:LK-SHRB-TRNK,LK-SHRB-TRNK,0,255,0,2,10,1.1053e+07,8.48853e+06,1.1053e+07,8.48854e+06,2.0,2.0,1.1053e+07,8.48854e+06,4.0
Layer:LK-SHRB-TRNK,LK-SHRB-TRNK,0,255,0,2,10,1.1053e+07,8.48852e+06,1.1053e+07,8.48852e+06,2.0,2.0,1.1053e+07,8.48852e+06,4.0
Layer:LK-SHRB-TRNK,LK-SHRB-TRNK,0,255,0,2,10,1.1053e+07,8.4885e+06,1.1053e+07,8.4885e+06,2.0,2.0,1.1053e+07,8.4885e+06,4.0
Layer:LK-SHRB-TRNK,LK-SHRB-TRNK,0,255,0,2,10,1.1053e+07,8.48848e+06,1.1053e+07,8.48848e+06,2.0,2.0,1.1053e+07,8.48848e+06,4.0
Layer:LK-SHRB-TRNK,LK-SHRB-TRNK,0,255,0,2,10,1.1053e+07,8.48846e+06,1.1053e+07,8.48846e+06,2.0,2.0,1.1053e+07,8.48846e+06,4.0
Layer:LK-SHRB-TRNK,LK-SHRB-TRNK,0,255,0,2,10,1.1053e+07,8.48844e+06,1.1053e+07,8.48845e+06,2.0,2.0,1.1053e+07,8.48845e+06,4.0
Layer:LK-SHRB-TRNK,LK-SHRB-TRNK,0,255,0,2,10,1.1053e+07,8.48843e+06,1.1053e+07,8.48843e+06,2.0,2.0,1.1053e+07,8.48843e+06,4.0
Layer:LK-SHRB-TRNK,LK-SHRB-TRNK,0,255,0,2,10,1.1053e+07,8.48841e+06,1.1053e+07,8.48841e+06,2.0,2.0,1.1053e+07,8.48841e+06,4.0
Layer:LK-SHRB-TRNK,LK-SHRB-TRNK,0,255,0,2,10,1.1053e+07,8.48835e+06,1.1053e+07,8.48836e+06,2.0,2.0,1.1053e+07,8.48836e+06,4.0
Layer:LK-SHRB-TRNK,LK-SHRB-TRNK,0,255,0,2,10,1.1053e+07,8.48834e+06,1.1053e+07,8.48834e+06,2.0,2.0,1.1053e+07,8.48834e+06,4.0
Layer:LK-SHRB-TRNK,LK-SHRB-TRNK,0,255,0,2,10,1.1053e+07,8.48832e+06,1.1053e+07,8.48832e+06,2.0,2.0,1.1053e+07,8.48832e+06,4.0
Layer:LK-SHRB-TRNK,LK-SHRB-TRNK,0,255,0,2,10,1.1053e+07,8.48808e+06,1.1053e+07,8.48809e+06,2.0,2.0,1.1053e+07,8.48809e+06,4.0
Layer:LK-SHRB-TRNK,LK-SHRB-TRNK,0,255,0,2,10,1.1053e+07,8.48807e+06,1.1053e+07,8.48807e+06,2.0,2.0,1.1053e+07,8.48807e+06,4.0
Layer:LK-SHRB-TRNK,LK-SHRB-TRNK,0,255,0,2,10,1.1053e+07,8.48805e+06,1.1053e+07,8.48805e+06,2.0,2.0,1.1053e+07,8.48805e+06,4.0
Layer:LK-SHRB-TRNK,LK-SHRB-TRNK,0,255,0,2,10,1.1053e+07,8.48799e+06,1.1053e+07,8.48799e+06,2.0,2.0,1.1053e+07,8.48799e+06,4.0
Layer:LK-SHRB-TRNK,LK-SHRB-TRNK,0,255,0,2,10,1.1053e+07,8.48797e+06,1.1053e+07,8.48798e+06,2.0,2.0,1.1053e+07,8.48797e+06,4.0
Layer:LK-SHRB-TRNK,LK-SHRB-TRNK,0,255,0,2,10,1.1053e+07,8.48796e+06,1.1053e+07,8.48796e+06,2.0,2.0,1.1053e+07,8.48796e+06,4.0
Layer:LK-SHRB-TRNK,LK-SHRB-TRNK,0,255,0,2,10,1.1053e+07,8.48794e+06,1.1053e+07,8.48794e+06,2.0,2.0,1.1053e+07,8.48794e+06,4.0
Layer:LK-SHRB-TRNK,LK-SHRB-TRNK,0,255,0,2,10,1.1053e+07,8.48792e+06,1.1053e+07,8.48792e+06,2.0,2.0,1.1053e+07,8.48792e+06,4.0
Layer:LK-SHRB-TRNK,LK-SHRB-TRNK,0,255,0,2,10,1.1053e+07,8.4879e+06,1.1053e+07,8.4879e+06,2.0,2.0,1.1053e+07,8.4879e+06,4.0
Layer:LK-SHRB-TRNK,LK-SHRB-TRNK,0,255,0,2,10,1.1053e+07,8.48788e+06,1.1053e+07,8.48789e+06,2.0,2.0,1.1053e+07,8.48788e+06,4.0
Layer:LK-SHRB-TRNK,LK-SHRB-TRNK,0,255,0,2,10,1.1053e+07,8.48787e+06,1.1053e+07,8.48787e+06,2.0,2.0,1.1053e+07,8.48787e+06,4.0
Layer:LK-SHRB-TRNK,LK-SHRB-TRNK,0,255,0,2,10,1.1053e+07,8.48785e+06,1.1053e+07,8.48785e+06,2.0,2.0,1.1053e+07,8.48785e+06,4.0
Layer:LK-SHRB-TRNK,LK-SHRB-TRNK,0,255,0,2,10,1.1053e+07,8.48783e+06,1.1053e+07,8.48783e+06,2.0,2.0,1.1053e+07,8.48783e+06,4.0
Layer:LK-SHRB-TRNK,LK-SHRB-TRNK,0,255,0,2,10,1.1053e+07,8.48781e+06,1.1053e+07,8.48781e+06,2.0,2.0,1.1053e+07,8.48781e+06,4.0
Layer:LK-SHRB-TRNK,LK-SHRB-TRNK,0,255,0,2,10,1.1053e+07,8.48779e+06,1.1053e+07,8.4878e+06,2.0,2.0,1.1053e+07,8.4878e+06,4.0
Layer:LK-SHRB-TRNK,LK-SHRB-TRNK,0,255,0,2,10,1.1053e+07,8.48778e+06,1.1053e+07,8.48778e+06,2.0,2.0,1.1053e+07,8.48778e+06,4.0
Layer:LK-SHRB-TRNK,LK-SHRB-TRNK,0,255,0,2,10,1.1053e+07,8.48772e+06,1.1053e+07,8.48772e+06,2.0,2.0,1.1053e+07,8.48772e+06,4.0
Layer:LK-SHRB-TRNK,LK-SHRB-TRNK,0,255,0,2,10,1.1053e+07,8.4877e+06,1.1053e+07,8.4877e+06,2.0,2.0,1.1053e+07,8.4877e+06,4.0
Layer:LK-SHRB-TRNK,LK-SHRB-TRNK,0,255,0,2,10,1.1053e+07,8.48768e+06,1.1053e+07,8.48768e+06,2.0,2.0,1.1053e+07,8.48768e+06,4.0
Layer:LK-SHRB-TRNK,LK-SHRB-TRNK,0,255,0,2,10,1.1053e+07,8.48766e+06,1.1053e+07,8.48767e+06,2.0,2.0,1.1053e+07,8.48767e+06,4.0
Layer:LK-SHRB-TRNK,LK-SHRB-TRNK,0,255,0,2,10,1.1053e+07,8.48765e+06,1.1053e+07,8.48765e+06,2.0,2.0,1.1053e+07,8.48765e+06,4.0
Layer:LK-SHRB-TRNK,LK-SHRB-TRNK,0,255,0,2,10,1.1053e+07,8.48763e+06,1.1053e+07,8.48763e+06,2.0,2.0,1.1053e+07,8.48763e+06,4.0
Layer:LK-SHRB-TRNK,LK-SHRB-TRNK,0,255,0,2,10,1.1053e+07,8.48761e+06,1.1053e+07,8.48761e+06,2.0,2.0,1.1053e+07,8.48761e+06,4.0
Layer:LK-SHRB-TRNK,LK-SHRB-TRNK,0,255,0,2,10,1.1053e+07,8.48759e+06,1.1053e+07,8.4876e+06,2.0,2.0,1.1053e+07,8.4876e+06,4.0
Layer:LK-SHRB-TRNK,LK-SHRB-TRNK,0,255,0,2,10,1.1053e+07,8.48758e+06,1.1053e+07,8.48758e+06,2.0,2.0,1.1053e+07,8.48758e+06,4.0
Layer:LK-SHRB-TRNK,LK-SHRB-TRNK,0,255,0,2,10,1.1053e+07,8.48756e+06,1.1053e+07,8.48756e+06,2.0,2.0,1.1053e+07,8.48756e+06,4.0
Layer:LK-SHRB-TRNK,LK-SHRB-TRNK,0,255,0,2,10,1.1053e+07,8.48754e+06,1.1053e+07,8.48754e+06,2.0,2.0,1.1053e+07,8.48754e+06,4.0
Layer:LK-SHRB-TRNK,LK-SHRB-TRNK,0,255,0,2,10,1.1053e+07,8.48752e+06,1.1053e+07,8.48752e+06,2.0,2.0,1.1053e+07,8.48752e+06,4.0
Layer:LK-SHRB-TRNK,LK-SHRB-TRNK,0,255,0,2,10,1.1053e+07,8.4875e+06,1.1053e+07,8.48751e+06,2.0,2.0,1.1053e+07,8.48751e+06,4.0
Layer:LK-SHRB-TRNK,LK-SHRB-TRNK,0,255,0,2,10,1.1053e+07,8.48749e+06,1.1053e+07,8.48749e+06,2.0,2.0,1.1053e+07,8.48749e+06,4.0
Layer:LK-SHRB-TRNK,LK-SHRB-TRNK,0,255,0,2,10,1.1053e+07,8.48747e+06,1.1053e+07,8.48747e+06,2.0,2.0,1.1053e+07,8.48747e+06,4.0
Layer:LK-SHRB-TRNK,LK-SHRB-TRNK,0,255,0,2,10,1.1053e+07,8.48745e+06,1.1053e+07,8.48745e+06,2.0,2.0,1.1053e+07,8.48745e+06,4.0
Layer:LK-SHRB-TRNK,LK-SHRB-TRNK,0,255,0,2,10,1.1053e+07,8.48743e+06,1.1053e+07,8.48744e+06,2.0,2.0,1.1053e+07,8.48744e+06,4.0
Layer:LK-SHRB-TRNK,LK-SHRB-TRNK,0,255,0,2,10,1.1053e+07,8.48742e+06,1.1053e+07,8.48742e+06,2.0,2.0,1.1053e+07,8.48742e+06,4.0
Layer:LK-SHRB-TRNK,LK-SHRB-TRNK,0,255,0,2,10,1.1053e+07,8.4874e+06,1.1053e+07,8.4874e+06,2.0,2.0,1.1053e+07,8.4874e+06,4.0
Layer:LK-SHRB-TRNK,LK-SHRB-TRNK,0,255,0,2,10,1.1053e+07,8.48738e+06,1.1053e+07,8.48738e+06,2.0,2.0,1.1053e+07,8.48738e+06,4.0
Layer:LK-SHRB-TRNK,LK-SHRB-TRNK,0,255,0,2,10,1.1053e+07,8.48732e+06,1.1053e+07,8.48732e+06,2.0,2.0,1.1053e+07,8.48732e+06,4.0
Layer:LK-SHRB-TRNK,LK-SHRB-TRNK,0,255,0,2,10,1.1053e+07,8.4873e+06,1.1053e+07,8.4873e+06,2.0,2.0,1.1053e+07,8.4873e+06,4.0
Layer:LK-SHRB-TRNK,LK-SHRB-TRNK,0,255,0,2,10,1.1053e+07,8.48728e+06,1.1053e+07,8.48729e+06,2.0,2.0,1.1053e+07,8.48728e+06,4.0
Layer:LK-SHRB-TRNK,LK-SHRB-TRNK,0,255,0,2,10,1.1053e+07,8.48727e+06,1.1053e+07,8.48727e+06,2.0,2.0,1.1053e+07,8.48727e+06,4.0
Layer:LK-SHRB-TRNK,LK-SHRB-TRNK,0,255,0,2,10,1.1053e+07,8.48725e+06,1.1053e+07,8.48725e+06,2.0,2.0,1.1053e+07,8.48725e+06,4.0
Layer:LK-SHRB-TRNK,LK-SHRB-TRNK,0,255,0,2,10,1.1053e+07,8.48723e+06,1.1053e+07,8.48723e+06,2.0,2.0,1.1053e+07,8.48723e+06,4.0
Layer:LK-SHRB-TRNK,LK-SHRB-TRNK,0,255,0,2,10,1.1053e+07,8.48721e+06,1.1053e+07,8.48721e+06,2.0,2.0,1.1053e+07,8.48721e+06,4.0
Layer:LK-SHRB-TRNK,LK-SHRB-TRNK,0,255,0,2,10,1.1053e+07,8.48719e+06,1.1053e+07,8.4872e+06,2.0,2.0,1.1053e+07,8.4872e+06,4.0
Layer:LK-SHRB-TRNK,LK-SHRB-TRNK,0,255,0,2,10,1.1053e+07,8.48718e+06,1.1053e+07,8.48718e+06,2.0,2.0,1.1053e+07,8.48718e+06,4.0
Layer:LK-SHRB-TRNK,LK-SHRB-TRNK,0,255,0,2,10,1.1053e+07,8.48716e+06,1.1053e+07,8.48716e+06,2.0,2.0,1.1053e+07,8.48716e+06,4.0
Layer:LK-SHRB-TRNK,LK-SHRB-TRNK,0,255,0,2,10,1.1053e+07,8.48714e+06,1.1053e+07,8.48714e+06,2.0,2.0,1.1053e+07,8.48714e+06,4.0
Layer:LK-SHRB-TRNK,LK-SHRB-TRNK,0,255,0,2,10,1.1053e+07,8.48712e+06,1.1053e+07,8.48712e+06,2.0,2.0,1.1053e+07,8.48712e+06,4.0
Layer:LK-SHRB-TRNK,LK-SHRB-TRNK,0,255,0,2,10,1.1053e+07,8.4871e+06,1.1053e+07,8.48711e+06,2.0,2.0,1.1053e+07,8.4871e+06,4.0
Layer:LK-SHRB-TRNK,LK-SHRB-TRNK,0,255,0,2,10,1.1053e+07,8.48705e+06,1.1053e+07,8.48705e+06,2.0,2.0,1.1053e+07,8.48705e+06,4.0
Layer:LK-SHRB-TRNK,LK-SHRB-TRNK,0,255,0,2,10,1.1053e+07,8.48703e+06,1.1053e+07,8.48703e+06,2.0,2.0,1.1053e+07,8.48703e+06,4.0
Layer:LK-SHRB-TRNK,LK-SHRB-TRNK,0,255,0,2,10,1.1053e+07,8.48701e+06,1.1053e+07,8.48702e+06,2.0,2.0,1.1053e+07,8.48701e+06,4.0
Layer:LK-SHRB-TRNK,LK-SHRB-TRNK,0,255,0,2,10,1.1053e+07,8.48678e+06,1.1053e+07,8.48678e+06,2.0,2.0,1.1053e+07,8.48678e+06,4.0
Layer:LK-SHRB-TRNK,LK-SHRB-TRNK,0,255,0,2,10,1.1053e+07,8.48676e+06,1.1053e+07,8.48676e+06,2.0,2.0,1.1053e+07,8.48676e+06,4.0
Layer:LK-SHRB-TRNK,LK-SHRB-TRNK,0,255,0,2,10,1.1053e+07,8.48674e+06,1.1053e+07,8.48675e+06,2.0,2.0,1.1053e+07,8.48674e+06,4.0
Layer:LK-SHRB-TRNK,LK-SHRB-TRNK,0,255,0,2,10,1.1053e+07,8.48668e+06,1.1053e+07,8.48669e+06,2.0,2.0,1.1053e+07,8.48669e+06,4.0
Layer:LK-SHRB-TRNK,LK-SHRB-TRNK,0,255,0,2,10,1.1053e+07,8.48667e+06,1.1053e+07,8.48667e+06,2.0,2.0,1.1053e+07,8.48667e+06,4.0
Layer:LK-SHRB-TRNK,LK-SHRB-TRNK,0,255,0,2,10,1.1053e+07,8.48665e+06,1.1053e+07,8.48665e+06,2.0,2.0,1.1053e+07,8.48665e+06,4.0
Layer:LK-SHRB-TRNK,LK-SHRB-TRNK,0,255,0,2,10,1.1053e+07,8.48663e+06,1.1053e+07,8.48663e+06,2.0,2.0,1.1053e+07,8.48663e+06,4.0
Layer:LK-SHRB-TRNK,LK-SHRB-TRNK,0,255,0,2,10,1.1053e+07,8.48661e+06,1.1053e+07,8.48662e+06,2.0,2.0,1.1053e+07,8.48661e+06,4.0
Layer:LK-SHRB-TRNK,LK-SHRB-TRNK,0,255,0,2,10,1.1053e+07,8.4866e+06,1.1053e+07,8.4866e+06,2.0,2.0,1.1053e+07,8.4866e+06,4.0
Layer:LK-SHRB-TRNK,LK-SHRB-TRNK,0,255,0,2,10,1.1053e+07,8.48658e+06,1.1053e+07,8.48658e+06,2.0,2.0,1.1053e+07,8.48658e+06,4.0
Layer:LK-SHRB-TRNK,LK-SHRB-TRNK,0,255,0,2,10,1.1053e+07,8.48656e+06,1.1053e+07,8.48656e+06,2.0,2.0,1.1053e+07,8.48656e+06,4.0
Layer:LK-SHRB-TRNK,LK-SHRB-TRNK,0,255,0,2,10,1.1053e+07,8.48654e+06,1.1053e+07,8.48654e+06,2.0,2.0,1.1053e+07,8.48654e+06,4.0
Layer:LK-SHRB-TRNK,LK-SHRB-TRNK,0,255,0,2,10,1.1053e+07,8.48652e+06,1.1053e+07,8.48652e+06,2.0,2.0,1.1053e+07,8.48652e+06,4.0
Layer:LK-SHRB-TRNK,LK-SHRB-TRNK,0,255,0,2,10,1.1053e+07,8.48651e+06,1.1053e+07,8.48651e+06,2.0,2.0,1.1053e+07,8.48651e+06,4.0
Layer:LK-SHRB-TRNK,LK-SHRB-TRNK,0,255,0,2,10,1.1053e+07,8.48649e+06,1.1053e+07,8.48649e+06,2.0,2.0,1.1053e+07,8.48649e+06,4.0
Layer:LK-SHRB-TRNK,LK-SHRB-TRNK,0,255,0,2,10,1.1053e+07,8.48641e+06,1.1053e+07,8.48641e+06,2.0,2.0,1.1053e+07,8.48641e+06,4.0
Layer:LK-SHRB-TRNK,LK-SHRB-TRNK,0,255,0,2,10,1.1053e+07,8.48639e+06,1.1053e+07,8.4864e+06,2.0,2.0,1.1053e+07,8.4864e+06,4.0
Layer:LK-SHRB-TRNK,LK-SHRB-TRNK,0,255,0,2,10,1.1053e+07,8.48638e+06,1.1053e+07,8.48638e+06,2.0,2.0,1.1053e+07,8.48638e+06,4.0
Layer:LK-SHRB-TRNK,LK-SHRB-TRNK,0,255,0,2,10,1.1053e+07,8.48636e+06,1.1053e+07,8.48636e+06,2.0,2.0,1.1053e+07,8.48636e+06,4.0
Layer:LK-SHRB-TRNK,LK-SHRB-TRNK,0,255,0,2,10,1.1053e+07,8.48634e+06,1.1053e+07,8.48634e+06,2.0,2.0,1.1053e+07,8.48634e+06,4.0
Layer:LK-SHRB-TRNK,LK-SHRB-TRNK,0,255,0,2,10,1.1053e+07,8.48632e+06,1.1053e+07,8.48632e+06,2.0,2.0,1.1053e+07,8.48632e+06,4.0
Layer:LK-SHRB-TRNK,LK-SHRB-TRNK,0,255,0,2,10,1.1053e+07,8.4863e+06,1.1053e+07,8.48631e+06,2.0,2.0,1.1053e+07,8.4863e+06,4.0
Layer:LK-SHRB-TRNK,LK-SHRB-TRNK,0,255,0,2,10,1.1053e+07,8.48629e+06,1.1053e+07,8.48629e+06,2.0,2.0,1.1053e+07,8.48629e+06,4.0
Layer:LK-SHRB-TRNK,LK-SHRB-TRNK,0,255,0,2,10,1.1053e+07,8.48627e+06,1.1053e+07,8.48627e+06,2.0,2.0,1.1053e+07,8.48627e+06,4.0
Layer:LK-SHRB-TRNK,LK-SHRB-TRNK,0,255,0,2,10,1.1053e+07,8.48625e+06,1.1053e+07,8.48625e+06,2.0,2.0,1.1053e+07,8.48625e+06,4.0
Layer:LK-SHRB-TRNK,LK-SHRB-TRNK,0,255,0,2,10,1.1053e+07,8.48623e+06,1.1053e+07,8.48623e+06,2.0,2.0,1.1053e+07,8.48623e+06,4.0
Layer:LK-SHRB-TRNK,LK-SHRB-TRNK,0,255,0,2,10,1.1053e+07,8.48622e+06,1.1053e+07,8.48622e+06,2.0,2.0,1.1053e+07,8.48622e+06,4.0
Layer:LK-SHRB-TRNK,LK-SHRB-TRNK,0,255,0,2,10,1.1053e+07,8.48604e+06,1.1053e+07,8.48604e+06,2.0,2.0,1.1053e+07,8.48604e+06,4.0
Layer:LK-SHRB-TRNK,LK-SHRB-TRNK,0,255,0,2,10,1.1053e+07,8.48602e+06,1.1053e+07,8.48602e+06,2.0,2.0,1.1053e+07,8.48602e+06,4.0
Layer:LK-SHRB-TRNK,LK-SHRB-TRNK,0,255,0,2,10,1.1053e+07,8.48647e+06,1.1053e+07,8.48647e+06,2.0,2.0,1.1053e+07,8.48647e+06,4.0
Layer:LK-SHRB-TRNK,LK-SHRB-TRNK,0,255,0,2,10,1.1053e+07,8.48614e+06,1.1053e+07,8.48614e+06,2.0,2.0,1.1053e+07,8.48614e+06,4.0
Layer:LK-SHRB-TRNK,LK-SHRB-TRNK,0,255,0,2,10,1.1053e+07,8.48612e+06,1.1053e+07,8.48613e+06,2.0,2.0,1.1053e+07,8.48613e+06,4.0
Layer:LK-SHRB-TRNK,LK-SHRB-TRNK,0,255,0,2,10,1.1053e+07,8.48611e+06,1.1053e+07,8.48611e+06,2.0,2.0,1.1053e+07,8.48611e+06,4.0
Layer:LK-SHRB-TRNK,LK-SHRB-TRNK,0,255,0,2,10,1.1053e+07,8.48609e+06,1.1053e+07,8.48609e+06,2.0,2.0,1.1053e+07,8.48609e+06,4.0
Layer:LK-SHRB-TRNK,LK-SHRB-TRNK,0,255,0,2,10,1.1053e+07,8.48607e+06,1.1053e+07,8.48607e+06,2.0,2.0,1.1053e+07,8.48607e+06,4.0
Layer:LK-SHRB-TRNK,LK-SHRB-TRNK,0,255,0,2,10,1.1053e+07,8.48605e+06,1.1053e+07,8.48606e+06,2.0,2.0,1.1053e+07,8.48605e+06,4.0
Layer:LK-SHRB-TRNK,LK-SHRB-TRNK,0,255,0,2,10,1.1053e+07,8.486e+06,1.1053e+07,8.486e+06,2.0,2.0,1.1053e+07,8.486e+06,4.0
Layer:LK-SHRB-TRNK,LK-SHRB-TRNK,0,255,0,2,10,1.1053e+07,8.48598e+06,1.1053e+07,8.48598e+06,2.0,2.0,1.1053e+07,8.48598e+06,4.0
Layer:LK-SHRB-TRNK,LK-SHRB-TRNK,0,255,0,2,10,1.1053e+07,8.48596e+06,1.1053e+07,8.48596e+06,2.0,2.0,1.1053e+07,8.48596e+06,4.0
Layer:LK-SHRB-TRNK,LK-SHRB-TRNK,0,255,0,2,10,1.1053e+07,8.48594e+06,1.1053e+07,8.48595e+06,2.0,2.0,1.1053e+07,8.48595e+06,4.0
Layer:LK-SHRB-TRNK,LK-SHRB-TRNK,0,255,0,2,10,1.1053e+07,8.48593e+06,1.1053e+07,8.48593e+06,2.0,2.0,1.1053e+07,8.48593e+06,4.0
Layer:LK-SHRB-TRNK,LK-SHRB-TRNK,0,255,0,2,10,1.1053e+07,8.48591e+06,1.1053e+07,8.48591e+06,2.0,2.0,1.1053e+07,8.48591e+06,4.0
Layer:LK-SHRB-TRNK,LK-SHRB-TRNK,0,255,0,2,10,1.1053e+07,8.48589e+06,1.1053e+07,8.48589e+06,2.0,2.0,1.1053e+07,8.48589e+06,4.0
Layer:LK-SHRB-TRNK,LK-SHRB-TRNK,0,255,0,2,10,1.1053e+07,8.48587e+06,1.1053e+07,8.48588e+06,2.0,2.0,1.1053e+07,8.48587e+06,4.0
Layer:LK-SHRB-TRNK,LK-SHRB-TRNK,0,255,0,2,10,1.1053e+07,8.48586e+06,1.1053e+07,8.48586e+06,2.0,2.0,1.1053e+07,8.48586e+06,4.0
Layer:LK-SHRB-TRNK,LK-SHRB-TRNK,0,255,0,2,10,1.1053e+07,8.48584e+06,1.1053e+07,8.48584e+06,2.0,2.0,1.1053e+07,8.48584e+06,4.0
Layer:LK-SHRB-TRNK,LK-SHRB-TRNK,0,255,0,2,10,1.1053e+07,8.48582e+06,1.1053e+07,8.48582e+06,2.0,2.0,1.1053e+07,8.48582e+06,4.0
Layer:LK-SHRB-TRNK,LK-SHRB-TRNK,0,255,0,2,10,1.1053e+07,8.4858e+06,1.1053e+07,8.4858e+06,2.0,2.0,1.1053e+07,8.4858e+06,4.0
Layer:LK-SHRB-TRNK,LK-SHRB-TRNK,0,255,0,2,10,1.1053e+07,8.48574e+06,1.1053e+07,8.48575e+06,2.0,2.0,1.1053e+07,8.48575e+06,4.0
Layer:LK-SHRB-TRNK,LK-SHRB-TRNK,0,255,0,2,10,1.1053e+07,8.48573e+06,1.1053e+07,8.48573e+06,2.0,2.0,1.1053e+07,8.48573e+06,4.0
Layer:LK-SHRB-TRNK,LK-SHRB-TRNK,0,255,0,2,10,1.1053e+07,8.48571e+06,1.1053e+07,8.48571e+06,2.0,2.0,1.1053e+07,8.48571e+06,4.0
Layer:LK-SHRB-TRNK,LK-SHRB-TRNK,0,255,0,2,10,1.1053e+07,8.48569e+06,1.1053e+07,8.48569e+06,2.0,2.0,1.1053e+07,8.48569e+06,4.0
Layer:LK-SHRB-TRNK,LK-SHRB-TRNK,0,255,0,2,10,1.1053e+07,8.48567e+06,1.1053e+07,8.48568e+06,2.0,2.0,1.1053e+07,8.48567e+06,4.0
Layer:LK-SHRB-TRNK,LK-SHRB-TRNK,0,255,0,2,10,1.1053e+07,8.48566e+06,1.1053e+07,8.48566e+06,2.0,2.0,1.1053e+07,8.48566e+06,4.0
Layer:LK-SHRB-TRNK,LK-SHRB-TRNK,0,255,0,2,10,1.1053e+07,8.48564e+06,1.1053e+07,8.48564e+06,2.0,2.0,1.1053e+07,8.48564e+06,4.0
Layer:LK-SHRB-TRNK,LK-SHRB-TRNK,0,255,0,2,10,1.1053e+07,8.48562e+06,1.1053e+07,8.48562e+06,2.0,2.0,1.1053e+07,8.48562e+06,4.0
Layer:LK-SHRB-TRNK,LK-SHRB-TRNK,0,255,0,2,10,1.1053e+07,8.4856e+06,1.1053e+07,8.4856e+06,2.0,2.0,1.1053e+07,8.4856e+06,4.0
Layer:LK-SHRB-TRNK,LK-SHRB-TRNK,0,255,0,2,10,1.1053e+07,8.48558e+06,1.1053e+07,8.48558e+06,2.0,2.0,1.1053e+07,8.48558e+06,4.0
Layer:LK-SHRB-TRNK,LK-SHRB-TRNK,0,255,0,2,10,1.1053e+07,8.48556e+06,1.1053e+07,8.48557e+06,2.0,2.0,1.1053e+07,8.48557e+06,4.0
Layer:LK-SHRB-TRNK,LK-SHRB-TRNK,0,255,0,2,10,1.1053e+07,8.48555e+06,1.1053e+07,8.48555e+06,2.0,2.0,1.1053e+07,8.48555e+06,4.0
Layer:LK-SHRB-TRNK,LK-SHRB-TRNK,0,255,0,2,10,1.1053e+07,8.48549e+06,1.1053e+07,8.48549e+06,2.0,2.0,1.1053e+07,8.48549e+06,4.0
Layer:LK-SHRB-TRNK,LK-SHRB-TRNK,0,255,0,2,10,1.1053e+07,8.48547e+06,1.1053e+07,8.48547e+06,2.0,2.0,1.1053e+07,8.48547e+06,4.0
Layer:LK-SHRB-TRNK,LK-SHRB-TRNK,0,255,0,2,10,1.1053e+07,8.48545e+06,1.1053e+07,8.48546e+06,2.0,2.0,1.1053e+07,8.48545e+06,4.0
Layer:LK-SHRB-TRNK,LK-SHRB-TRNK,0,255,0,2,10,1.1053e+07,8.48544e+06,1.1053e+07,8.48544e+06,2.0,2.0,1.1053e+07,8.48544e+06,4.0
Layer:LK-SHRB-TRNK,LK-SHRB-TRNK,0,255,0,2,10,1.1053e+07,8.48542e+06,1.1053e+07,8.48542e+06,2.0,2.0,1.1053e+07,8.48542e+06,4.0
Layer:LK-SHRB-TRNK,LK-SHRB-TRNK,0,255,0,2,10,1.1053e+07,8.4854e+06,1.1053e+07,8.4854e+06,2.0,2.0,1.1053e+07,8.4854e+06,4.0
Layer:LK-SHRB-TRNK,LK-SHRB-TRNK,0,255,0,2,10,1.1053e+07,8.48538e+06,1.1053e+07,8.48538e+06,2.0,2.0,1.1053e+07,8.48538e+06,4.0
Layer:LK-SHRB-TRNK,LK-SHRB-TRNK,0,255,0,2,10,1.1053e+07,8.48536e+06,1.1053e+07,8.48536e+06,2.0,2.0,1.1053e+07,8.48536e+06,4.0
Layer:LK-SHRB-TRNK,LK-SHRB-TRNK,0,255,0,2,10,1.1053e+07,8.48534e+06,1.1053e+07,8.48535e+06,2.0,2.0,1.1053e+07,8.48535e+06,4.0
Layer:LK-SHRB-TRNK,LK-SHRB-TRNK,0,255,0,2,10,1.1053e+07,8.48533e+06,1.1053e+07,8.48533e+06,2.0,2.0,1.1053e+07,8.48533e+06,4.0
Layer:LK-SHRB-TRNK,LK-SHRB-TRNK,0,255,0,2,10,1.1053e+07,8.48531e+06,1.1053e+07,8.48531e+06,2.0,2.0,1.1053e+07,8.48531e+06,4.0
Layer:LK-SHRB-TRNK,LK-SHRB-TRNK,0,255,0,2,10,1.1053e+07,8.48529e+06,1.1053e+07,8.48529e+06,2.0,2.0,1.1053e+07,8.48529e+06,4.0
Layer:LK-SHRB-TRNK,LK-SHRB-TRNK,0,255,0,2,10,1.1053e+07,8.48527e+06,1.1053e+07,8.48528e+06,2.0,2.0,1.1053e+07,8.48528e+06,4.0
Layer:LK-SHRB-TRNK,LK-SHRB-TRNK,0,255,0,2,10,1.1053e+07,8.48522e+06,1.1053e+07,8.48522e+06,2.0,2.0,1.1053e+07,8.48522e+06,4.0
Layer:LK-SHRB-TRNK,LK-SHRB-TRNK,0,255,0,2,10,1.1053e+07,8.4852e+06,1.1053e+07,8.4852e+06,2.0,2.0,1.1053e+07,8.4852e+06,4.0
Layer:LK-SHRB-TRNK,LK-SHRB-TRNK,0,255,0,2,10,1.1053e+07,8.48518e+06,1.1053e+07,8.48518e+06,2.0,2.0,1.1053e+07,8.48518e+06,4.0
Layer:LK-SHRB-TRNK,LK-SHRB-TRNK,0,255,0,2,10,1.1043e+07,8.49114e+06,1.1043e+07,8.49114e+06,2.0,2.0,1.1043e+07,8.49114e+06,4.0
Layer:LK-SHRB-TRNK,LK-SHRB-TRNK,0,255,0,2,10,1.1043e+07,8.49114e+06,1.1043e+07,8.49114e+06,2.0,2.0,1.1043e+07,8.49114e+06,4.0
Layer:LK-SHRB-TRNK,LK-SHRB-TRNK,0,255,0,2,10,1.10431e+07,8.49114e+06,1.10431e+07,8.49114e+06,2.0,2.0,1.10431e+07,8.49114e+06,4.0
Layer:LK-SHRB-TRNK,LK-SHRB-TRNK,0,255,0,2,10,1.10431e+07,8.49114e+06,1.10431e+07,8.49114e+06,2.0,2.0,1.10431e+07,8.49114e+06,4.0
Layer:LK-SHRB-TRNK,LK-SHRB-TRNK,0,255,0,2,10,1.10431e+07,8.49114e+06,1.10431e+07,8.49114e+06,2.0,2.0,1.10431e+07,8.49114e+06,4.0
Layer:LK-SHRB-TRNK,LK-SHRB-TRNK,0,255,0,2,10,1.10432e+07,8.49114e+06,1.10432e+07,8.49114e+06,2.0,2.0,1.10432e+07,8.49114e+06,4.0
Layer:LK-SHRB-TRNK,LK-SHRB-TRNK,0,255,0,2,10,1.10432e+07,8.49114e+06,1.10432e+07,8.49114e+06,2.0,2.0,1.10432e+07,8.49114e+06,4.0
Layer:LK-SHRB-TRNK,LK-SHRB-TRNK,0,255,0,2,10,1.10432e+07,8.49114e+06,1.10432e+07,8.49114e+06,2.0,2.0,1.10432e+07,8.49114e+06,4.0
Layer:LK-SHRB-TRNK,LK-SHRB-TRNK,0,255,0,2,10,1.10432e+07,8.49114e+06,1.10432e+07,8.49114e+06,2.0,2.0,1.10432e+07,8.49114e+06,4.0
Layer:LK-SHRB-TRNK,LK-SHRB-TRNK,0,255,0,2,10,1.10432e+07,8.49114e+06,1.10432e+07,8.49114e+06,2.0,2.0,1.10432e+07,8.49114e+06,4.0
Layer:LK-SHRB-TRNK,LK-SHRB-TRNK,0,255,0,2,10,1.10432e+07,8.49114e+06,1.10432e+07,8.49114e+06,2.0,2.0,1.10432e+07,8.49114e+06,4.0
Layer:LK-SHRB-TRNK,LK-SHRB-TRNK,0,255,0,2,10,1.10433e+07,8.49114e+06,1.10433e+07,8.49114e+06,2.0,2.0,1.10433e+07,8.49114e+06,4.0
Layer:LK-SHRB-TRNK,LK-SHRB-TRNK,0,255,0,2,10,1.10433e+07,8.49114e+06,1.10433e+07,8.49114e+06,2.0,2.0,1.10433e+07,8.49114e+06,4.0
Layer:LK-SHRB-TRNK,LK-SHRB-TRNK,0,255,0,2,10,1.10433e+07,8.49114e+06,1.10433e+07,8.49114e+06,2.0,2.0,1.10433e+07,8.49114e+06,4.0
Layer:LK-SHRB-TRNK,LK-SHRB-TRNK,0,255,0,2,10,1.10433e+07,8.49114e+06,1.10433e+07,8.49114e+06,2.0,2.0,1.10433e+07,8.49114e+06,4.0
Layer:LK-SHRB-TRNK,LK-SHRB-TRNK,0,255,0,2,10,1.10433e+07,8.49114e+06,1.10433e+07,8.49114e+06,2.0,2.0,1.10433e+07,8.49114e+06,4.0
Layer:LK-SHRB-TRNK,LK-SHRB-TRNK,0,255,0,2,10,1.10434e+07,8.49114e+06,1.10434e+07,8.49114e+06,2.0,2.0,1.10434e+07,8.49114e+06,4.0
Layer:LK-SHRB-TRNK,LK-SHRB-TRNK,0,255,0,2,10,1.10434e+07,8.49114e+06,1.10434e+07,8.49114e+06,2.0,2.0,1.10434e+07,8.49114e+06,4.0
Layer:LK-SHRB-TRNK,LK-SHRB-TRNK,0,255,0,2,10,1.10434e+07,8.49114e+06,1.10434e+07,8.49114e+06,2.0,2.0,1.10434e+07,8.49114e+06,4.0
Layer:LK-SHRB-TRNK,LK-SHRB-TRNK,0,255,0,2,10,1.10434e+07,8.49114e+06,1.10434e+07,8.49114e+06,2.0,2.0,1.10434e+07,8.49114e+06,4.0
Layer:LK-SHRB-TRNK,LK-SHRB-TRNK,0,255,0,2,10,1.10434e+07,8.49114e+06,1.10434e+07,8.49114e+06,2.0,2.0,1.10434e+07,8.49114e+06,4.0
Layer:LK-SHRB-TRNK,LK-SHRB-TRNK,0,255,0,2,10,1.10434e+07,8.49114e+06,1.10434e+07,8.49114e+06,2.0,2.0,1.10434e+07,8.49114e+06,4.0
Layer:LK-SHRB-TRNK,LK-SHRB-TRNK,0,255,0,2,10,1.10435e+07,8.49114e+06,1.10435e+07,8.49114e+06,2.0,2.0,1.10435e+07,8.49114e+06,4.0
Layer:LK-SHRB-TRNK,LK-SHRB-TRNK,0,255,0,2,10,1.10435e+07,8.49114e+06,1.10435e+07,8.49114e+06,2.0,2.0,1.10435e+07,8.49114e+06,4.0
Layer:LK-SHRB-TRNK,LK-SHRB-TRNK,0,255,0,2,10,1.10435e+07,8.49114e+06,1.10435e+07,8.49114e+06,2.0,2.0,1.10435e+07,8.49114e+06,4.0
Layer:LK-SHRB-TRNK,LK-SHRB-TRNK,0,255,0,2,10,1.10436e+07,8.49114e+06,1.10436e+07,8.49114e+06,2.0,2.0,1.10436e+07,8.49114e+06,4.0
Layer:LK-SHRB-TRNK,LK-SHRB-TRNK,0,255,0,2,10,1.10436e+07,8.49114e+06,1.10436e+07,8.49114e+06,2.0,2.0,1.10436e+07,8.49114e+06,4.0
Layer:LK-SHRB-TRNK,LK-SHRB-TRNK,0,255,0,2,10,1.10436e+07,8.49114e+06,1.10436e+07,8.49114e+06,2.0,2.0,1.10436e+07,8.49114e+06,4.0
Layer:LK-SHRB-TRNK,LK-SHRB-TRNK,0,255,0,2,10,1.10436e+07,8.49114e+06,1.10436e+07,8.49114e+06,2.0,2.0,1.10436e+07,8.49114e+06,4.0
Layer:LK-SHRB-TRNK,LK-SHRB-TRNK,0,255,0,2,10,1.10436e+07,8.49114e+06,1.10436e+07,8.49114e+06,2.0,2.0,1.10436e+07,8.49114e+06,4.0
Layer:LK-SHRB-TRNK,LK-SHRB-TRNK,0,255,0,2,10,1.10436e+07,8.49114e+06,1.10436e+07,8.49114e+06,2.0,2.0,1.10436e+07,8.49114e+06,4.0
Layer:LK-SHRB-TRNK,LK-SHRB-TRNK,0,255,0,2,10,1.10437e+07,8.49114e+06,1.10437e+07,8.49114e+06,2.0,2.0,1.10437e+07,8.49114e+06,4.0
Layer:LK-SHRB-TRNK,LK-SHRB-TRNK,0,255,0,2,10,1.10437e+07,8.49114e+06,1.10437e+07,8.49114e+06,2.0,2.0,1.10437e+07,8.49114e+06,4.0
Layer:LK-SHRB-TRNK,LK-SHRB-TRNK,0,255,0,2,10,1.10437e+07,8.49114e+06,1.10437e+07,8.49114e+06,2.0,2.0,1.10437e+07,8.49114e+06,4.0
Layer:LK-SHRB-TRNK,LK-SHRB-TRNK,0,255,0,2,10,1.10437e+07,8.49114e+06,1.10437e+07,8.49114e+06,2.0,2.0,1.10437e+07,8.49114e+06,4.0
Layer:LK-SHRB-TRNK,LK-SHRB-TRNK,0,255,0,2,10,1.10437e+07,8.49114e+06,1.10437e+07,8.49114e+06,2.0,2.0,1.10437e+07,8.49114e+06,4.0
Layer:LK-SHRB-TRNK,LK-SHRB-TRNK,0,255,0,2,10,1.10438e+07,8.49114e+06,1.10438e+07,8.49114e+06,2.0,2.0,1.10438e+07,8.49114e+06,4.0
Layer:LK-SHRB-TRNK,LK-SHRB-TRNK,0,255,0,2,10,1.10438e+07,8.49114e+06,1.10438e+07,8.49114e+06,2.0,2.0,1.10438e+07,8.49114e+06,4.0
Layer:LK-SHRB-TRNK,LK-SHRB-TRNK,0,255,0,2,10,1.10438e+07,8.49114e+06,1.10438e+07,8.49114e+06,2.0,2.0,1.10438e+07,8.49114e+06,4.0
Layer:LK-SHRB-TRNK,LK-SHRB-TRNK,0,255,0,2,10,1.10439e+07,8.49114e+06,1.10439e+07,8.49114e+06,2.0,2.0,1.10439e+07,8.49114e+06,4.0
Layer:LK-SHRB-TRNK,LK-SHRB-TRNK,0,255,0,2,10,1.10439e+07,8.49114e+06,1.10439e+07,8.49114e+06,2.0,2.0,1.10439e+07,8.49114e+06,4.0
Layer:LK-SHRB-TRNK,LK-SHRB-TRNK,0,255,0,2,10,1.10439e+07,8.49114e+06,1.10439e+07,8.49114e+06,2.0,2.0,1.10439e+07,8.49114e+06,4.0
Layer:LK-SHRB-TRNK,LK-SHRB-TRNK,0,255,0,2,10,1.10439e+07,8.49114e+06,1.10439e+07,8.49114e+06,2.0,2.0,1.10439e+07,8.49114e+06,4.0
Layer:LK-SHRB-TRNK,LK-SHRB-TRNK,0,255,0,2,10,1.10439e+07,8.49114e+06,1.10439e+07,8.49114e+06,2.0,2.0,1.10439e+07,8.49114e+06,4.0
Layer:LK-SHRB-TRNK,LK-SHRB-TRNK,0,255,0,2,10,1.10439e+07,8.49114e+06,1.10439e+07,8.49114e+06,2.0,2.0,1.10439e+07,8.49114e+06,4.0
Layer:LK-SHRB-TRNK,LK-SHRB-TRNK,0,255,0,2,10,1.1044e+07,8.49114e+06,1.1044e+07,8.49114e+06,2.0,2.0,1.1044e+07,8.49114e+06,4.0
Layer:LK-SHRB-TRNK,LK-SHRB-TRNK,0,255,0,2,10,1.1044e+07,8.49114e+06,1.1044e+07,8.49114e+06,2.0,2.0,1.1044e+07,8.49114e+06,4.0
Layer:LK-SHRB-TRNK,LK-SHRB-TRNK,0,255,0,2,10,1.1044e+07,8.49114e+06,1.1044e+07,8.49114e+06,2.0,2.0,1.1044e+07,8.49114e+06,4.0
Layer:LK-SHRB-TRNK,LK-SHRB-TRNK,0,255,0,2,10,1.10441e+07,8.49114e+06,1.10441e+07,8.49114e+06,2.0,2.0,1.10441e+07,8.49114e+06,4.0
Layer:LK-SHRB-TRNK,LK-SHRB-TRNK,0,255,0,2,10,1.10441e+07,8.49114e+06,1.10441e+07,8.49114e+06,2.0,2.0,1.10441e+07,8.49114e+06,4.0
Layer:LK-SHRB-TRNK,LK-SHRB-TRNK,0,255,0,2,10,1.10441e+07,8.49114e+06,1.10441e+07,8.49114e+06,2.0,2.0,1.10441e+07,8.49114e+06,4.0
Layer:LK-SHRB-TRNK,LK-SHRB-TRNK,0,255,0,2,10,1.10441e+07,8.49114e+06,1.10441e+07,8.49114e+06,2.0,2.0,1.10441e+07,8.49114e+06,4.0
Layer:LK-SHRB-TRNK,LK-SHRB-TRNK,0,255,0,2,10,1.10441e+07,8.49114e+06,1.10441e+07,8.49114e+06,2.0,2.0,1.10441e+07,8.49114e+06,4.0
Layer:LK-SHRB-TRNK,LK-SHRB-TRNK,0,255,0,2,10,1.10441e+07,8.49114e+06,1.10441e+07,8.49114e+06,2.0,2.0,1.10441e+07,8.49114e+06,4.0
Layer:LK-SHRB-TRNK,LK-SHRB-TRNK,0,255,0,2,10,1.10442e+07,8.49114e+06,1.10442e+07,8.49114e+06,2.0,2.0,1.10442e+07,8.49114e+06,4.0
Layer:LK-SHRB-TRNK,LK-SHRB-TRNK,0,255,0,2,10,1.10442e+07,8.49114e+06,1.10442e+07,8.49114e+06,2.0,2.0,1.10442e+07,8.49114e+06,4.0
Layer:LK-SHRB-TRNK,LK-SHRB-TRNK,0,255,0,2,10,1.10442e+07,8.49114e+06,1.10442e+07,8.49114e+06,2.0,2.0,1.10442e+07,8.49114e+06,4.0
Layer:LK-SHRB-TRNK,LK-SHRB-TRNK,0,255,0,2,10,1.10442e+07,8.49114e+06,1.10442e+07,8.49114e+06,2.0,2.0,1.10442e+07,8.49114e+06,4.0
Layer:LK-SHRB-TRNK,LK-SHRB-TRNK,0,255,0,2,10,1.10442e+07,8.49114e+06,1.10442e+07,8.49114e+06,2.0,2.0,1.10442e+07,8.49114e+06,4.0
Layer:LK-SHRB-TRNK,LK-SHRB-TRNK,0,255,0,2,10,1.10443e+07,8.49114e+06,1.10443e+07,8.49114e+06,2.0,2.0,1.10443e+07,8.49114e+06,4.0
Layer:LK-SHRB-TRNK,LK-SHRB-TRNK,0,255,0,2,10,1.10443e+07,8.49114e+06,1.10443e+07,8.49114e+06,2.0,2.0,1.10443e+07,8.49114e+06,4.0
Layer:LK-SHRB-TRNK,LK-SHRB-TRNK,0,255,0,2,10,1.10443e+07,8.49114e+06,1.10443e+07,8.49114e+06,2.0,2.0,1.10443e+07,8.49114e+06,4.0
Layer:LK-SHRB-TRNK,LK-SHRB-TRNK,0,255,0,2,10,1.10443e+07,8.49114e+06,1.10443e+07,8.49114e+06,2.0,2.0,1.10443e+07,8.49114e+06,4.0
Layer:LK-SHRB-TRNK,LK-SHRB-TRNK,0,255,0,2,10,1.10444e+07,8.49114e+06,1.10444e+07,8.49114e+06,2.0,2.0,1.10444e+07,8.49114e+06,4.0
Layer:LK-SHRB-TRNK,LK-SHRB-TRNK,0,255,0,2,10,1.10446e+07,8.49114e+06,1.10446e+07,8.49114e+06,2.0,2.0,1.10446e+07,8.49114e+06,4.0
Layer:LK-SHRB-TRNK,LK-SHRB-TRNK,0,255,0,2,10,1.10446e+07,8.49114e+06,1.10446e+07,8.49114e+06,2.0,2.0,1.10446e+07,8.49114e+06,4.0
Layer:LK-SHRB-TRNK,LK-SHRB-TRNK,0,255,0,2,10,1.10446e+07,8.49114e+06,1.10446e+07,8.49114e+06,2.0,2.0,1.10446e+07,8.49114e+06,4.0
Layer:LK-SHRB-TRNK,LK-SHRB-TRNK,0,255,0,2,10,1.10447e+07,8.49114e+06,1.10447e+07,8.49115e+06,2.0,2.0,1.10447e+07,8.49114e+06,4.0
Layer:LK-SHRB-TRNK,LK-SHRB-TRNK,0,255,0,2,10,1.10447e+07,8.49114e+06,1.10447e+07,8.49115e+06,2.0,2.0,1.10447e+07,8.49114e+06,4.0
Layer:LK-SHRB-TRNK,LK-SHRB-TRNK,0,255,0,2,10,1.10447e+07,8.49114e+06,1.10447e+07,8.49115e+06,2.0,2.0,1.10447e+07,8.49114e+06,4.0
Layer:LK-SHRB-TRNK,LK-SHRB-TRNK,0,255,0,2,10,1.10447e+07,8.49114e+06,1.10447e+07,8.49115e+06,2.0,2.0,1.10447e+07,8.49114e+06,4.0
Layer:LK-SHRB-TRNK,LK-SHRB-TRNK,0,255,0,2,10,1.10448e+07,8.49114e+06,1.10448e+07,8.49115e+06,2.0,2.0,1.10448e+07,8.49114e+06,4.0
Layer:LK-SHRB-TRNK,LK-SHRB-TRNK,0,255,0,2,10,1.10448e+07,8.49114e+06,1.10448e+07,8.49115e+06,2.0,2.0,1.10448e+07,8.49114e+06,4.0
Layer:LK-SHRB-TRNK,LK-SHRB-TRNK,0,255,0,2,10,1.10448e+07,8.49114e+06,1.10448e+07,8.49115e+06,2.0,2.0,1.10448e+07,8.49114e+06,4.0
Layer:LK-SHRB-TRNK,LK-SHRB-TRNK,0,255,0,2,10,1.10448e+07,8.49114e+06,1.10448e+07,8.49115e+06,2.0,2.0,1.10448e+07,8.49114e+06,4.0
Layer:LK-SHRB-TRNK,LK-SHRB-TRNK,0,255,0,2,10,1.10448e+07,8.49114e+06,1.10448e+07,8.49115e+06,2.0,2.0,1.10448e+07,8.49114e+06,4.0
Layer:LK-SHRB-TRNK,LK-SHRB-TRNK,0,255,0,2,10,1.10448e+07,8.49114e+06,1.10448e+07,8.49115e+06,2.0,2.0,1.10448e+07,8.49115e+06,4.0
Layer:LK-SHRB-TRNK,LK-SHRB-TRNK,0,255,0,2,10,1.10449e+07,8.49114e+06,1.10449e+07,8.49115e+06,2.0,2.0,1.10449e+07,8.49115e+06,4.0
Layer:LK-SHRB-TRNK,LK-SHRB-TRNK,0,255,0,2,10,1.10449e+07,8.49114e+06,1.10449e+07,8.49115e+06,2.0,2.0,1.10449e+07,8.49115e+06,4.0
Layer:LK-SHRB-TRNK,LK-SHRB-TRNK,0,255,0,2,10,1.10449e+07,8.49114e+06,1.10449e+07,8.49115e+06,2.0,2.0,1.10449e+07,8.49115e+06,4.0
Layer:LK-SHRB-TRNK,LK-SHRB-TRNK,0,255,0,2,10,1.1045e+07,8.49115e+06,1.1045e+07,8.49115e+06,2.0,2.0,1.1045e+07,8.49115e+06,4.0
Layer:LK-SHRB-TRNK,LK-SHRB-TRNK,0,255,0,2,10,1.1045e+07,8.49115e+06,1.1045e+07,8.49115e+06,2.0,2.0,1.1045e+07,8.49115e+06,4.0
Layer:LK-SHRB-TRNK,LK-SHRB-TRNK,0,255,0,2,10,1.1045e+07,8.49115e+06,1.1045e+07,8.49115e+06,2.0,2.0,1.1045e+07,8.49115e+06,4.0
Layer:LK-SHRB-TRNK,LK-SHRB-TRNK,0,255,0,2,10,1.1045e+07,8.49115e+06,1.1045e+07,8.49115e+06,2.0,2.0,1.1045e+07,8.49115e+06,4.0
Layer:LK-SHRB-TRNK,LK-SHRB-TRNK,0,255,0,2,10,1.1045e+07,8.49115e+06,1.1045e+07,8.49115e+06,2.0,2.0,1.1045e+07,8.49115e+06,4.0
Layer:LK-SHRB-TRNK,LK-SHRB-TRNK,0,255,0,2,10,1.10451e+07,8.49115e+06,1.10451e+07,8.49115e+06,2.0,2.0,1.10451e+07,8.49115e+06,4.0
Layer:LK-SHRB-TRNK,LK-SHRB-TRNK,0,255,0,2,10,1.10451e+07,8.49115e+06,1.10451e+07,8.49115e+06,2.0,2.0,1.10451e+07,8.49115e+06,4.0
Layer:LK-SHRB-TRNK,LK-SHRB-TRNK,0,255,0,2,10,1.10451e+07,8.49115e+06,1.10451e+07,8.49115e+06,2.0,2.0,1.10451e+07,8.49115e+06,4.0
Layer:LK-SHRB-TRNK,LK-SHRB-TRNK,0,255,0,2,10,1.10451e+07,8.49115e+06,1.10451e+07,8.49115e+06,2.0,2.0,1.10451e+07,8.49115e+06,4.0
Layer:LK-SHRB-TRNK,LK-SHRB-TRNK,0,255,0,2,10,1.10451e+07,8.49115e+06,1.10451e+07,8.49115e+06,2.0,2.0,1.10451e+07,8.49115e+06,4.0
Layer:LK-SHRB-TRNK,LK-SHRB-TRNK,0,255,0,2,10,1.10451e+07,8.49115e+06,1.10451e+07,8.49115e+06,2.0,2.0,1.10451e+07,8.49115e+06,4.0
Layer:LK-SHRB-TRNK,LK-SHRB-TRNK,0,255,0,2,10,1.10452e+07,8.49115e+06,1.10452e+07,8.49115e+06,2.0,2.0,1.10452e+07,8.49115e+06,4.0
Layer:LK-SHRB-TRNK,LK-SHRB-TRNK,0,255,0,2,10,1.10452e+07,8.49115e+06,1.10452e+07,8.49115e+06,2.0,2.0,1.10452e+07,8.49115e+06,4.0
Layer:LK-SHRB-TRNK,LK-SHRB-TRNK,0,255,0,2,10,1.10452e+07,8.49115e+06,1.10452e+07,8.49115e+06,2.0,2.0,1.10452e+07,8.49115e+06,4.0
Layer:LK-SHRB-TRNK,LK-SHRB-TRNK,0,255,0,2,10,1.10453e+07,8.49115e+06,1.10453e+07,8.49115e+06,2.0,2.0,1.10453e+07,8.49115e+06,4.0
Layer:LK-SHRB-TRNK,LK-SHRB-TRNK,0,255,0,2,10,1.10453e+07,8.49115e+06,1.10453e+07,8.49115e+06,2.0,2.0,1.10453e+07,8.49115e+06,4.0
Layer:LK-SHRB-TRNK,LK-SHRB-TRNK,0,255,0,2,10,1.10453e+07,8.49115e+06,1.10453e+07,8.49115e+06,2.0,2.0,1.10453e+07,8.49115e+06,4.0
Layer:LK-SHRB-TRNK,LK-SHRB-TRNK,0,255,0,2,10,1.10453e+07,8.49115e+06,1.10453e+07,8.49115e+06,2.0,2.0,1.10453e+07,8.49115e+06,4.0
Layer:LK-SHRB-TRNK,LK-SHRB-TRNK,0,255,0,2,10,1.10453e+07,8.49115e+06,1.10453e+07,8.49115e+06,2.0,2.0,1.10453e+07,8.49115e+06,4.0
Layer:LK-SHRB-TRNK,LK-SHRB-TRNK,0,255,0,2,10,1.10453e+07,8.49115e+06,1.10453e+07,8.49115e+06,2.0,2.0,1.10453e+07,8.49115e+06,4.0
Layer:LK-SHRB-TRNK,LK-SHRB-TRNK,0,255,0,2,10,1.10454e+07,8.49115e+06,1.10454e+07,8.49115e+06,2.0,2.0,1.10454e+07,8.49115e+06,4.0
Layer:LK-SHRB-TRNK,LK-SHRB-TRNK,0,255,0,2,10,1.10454e+07,8.49115e+06,1.10454e+07,8.49115e+06,2.0,2.0,1.10454e+07,8.49115e+06,4.0
Layer:LK-SHRB-TRNK,LK-SHRB-TRNK,0,255,0,2,10,1.10454e+07,8.49115e+06,1.10454e+07,8.49115e+06,2.0,2.0,1.10454e+07,8.49115e+06,4.0
Layer:LK-SHRB-TRNK,LK-SHRB-TRNK,0,255,0,2,10,1.10454e+07,8.49115e+06,1.10454e+07,8.49115e+06,2.0,2.0,1.10454e+07,8.49115e+06,4.0
Layer:LK-SHRB-TRNK,LK-SHRB-TRNK,0,255,0,2,10,1.10454e+07,8.49115e+06,1.10454e+07,8.49115e+06,2.0,2.0,1.10454e+07,8.49115e+06,4.0
Layer:LK-SHRB-TRNK,LK-SHRB-TRNK,0,255,0,2,10,1.10454e+07,8.49115e+06,1.10455e+07,8.49115e+06,2.0,2.0,1.10454e+07,8.49115e+06,4.0
Layer:LK-SHRB-TRNK,LK-SHRB-TRNK,0,255,0,2,10,1.10455e+07,8.49115e+06,1.10455e+07,8.49115e+06,2.0,2.0,1.10455e+07,8.49115e+06,4.0
Layer:LK-SHRB-TRNK,LK-SHRB-TRNK,0,255,0,2,10,1.10455e+07,8.49115e+06,1.10455e+07,8.49115e+06,2.0,2.0,1.10455e+07,8.49115e+06,4.0
Layer:LK-SHRB-TRNK,LK-SHRB-TRNK,0,255,0,2,10,1.10455e+07,8.49115e+06,1.10455e+07,8.49115e+06,2.0,2.0,1.10455e+07,8.49115e+06,4.0
Layer:LK-SHRB-TRNK,LK-SHRB-TRNK,0,255,0,2,10,1.10455e+07,8.49115e+06,1.10455e+07,8.49115e+06,2.0,2.0,1.10455e+07,8.49115e+06,4.0
Layer:LK-SHRB-TRNK,LK-SHRB-TRNK,0,255,0,2,10,1.10455e+07,8.49115e+06,1.10455e+07,8.49115e+06,2.0,2.0,1.10455e+07,8.49115e+06,4.0
Layer:LK-SHRB-TRNK,LK-SHRB-TRNK,0,255,0,2,10,1.10456e+07,8.49115e+06,1.10456e+07,8.49115e+06,2.0,2.0,1.10456e+07,8.49115e+06,4.0
Layer:LK-SHRB-TRNK,LK-SHRB-TRNK,0,255,0,2,10,1.10456e+07,8.49115e+06,1.10456e+07,8.49115e+06,2.0,2.0,1.10456e+07,8.49115e+06,4.0
Layer:LK-SHRB-TRNK,LK-SHRB-TRNK,0,255,0,2,10,1.10456e+07,8.49115e+06,1.10456e+07,8.49116e+06,2.0,2.0,1.10456e+07,8.49115e+06,4.0
Layer:LK-SHRB-TRNK,LK-SHRB-TRNK,0,255,0,2,10,1.10456e+07,8.49115e+06,1.10456e+07,8.49116e+06,2.0,2.0,1.10456e+07,8.49115e+06,4.0
Layer:LK-SHRB-TRNK,LK-SHRB-TRNK,0,255,0,2,10,1.10457e+07,8.49115e+06,1.10457e+07,8.49116e+06,2.0,2.0,1.10457e+07,8.49115e+06,4.0
Layer:LK-SHRB-TRNK,LK-SHRB-TRNK,0,255,0,2,10,1.10457e+07,8.49115e+06,1.10457e+07,8.49116e+06,2.0,2.0,1.10457e+07,8.49115e+06,4.0
Layer:LK-SHRB-TRNK,LK-SHRB-TRNK,0,255,0,2,10,1.10457e+07,8.49115e+06,1.10457e+07,8.49116e+06,2.0,2.0,1.10457e+07,8.49115e+06,4.0
Layer:LK-SHRB-TRNK,LK-SHRB-TRNK,0,255,0,2,10,1.10457e+07,8.49115e+06,1.10457e+07,8.49116e+06,2.0,2.0,1.10457e+07,8.49115e+06,4.0
Layer:LK-SHRB-TRNK,LK-SHRB-TRNK,0,255,0,2,10,1.10457e+07,8.49115e+06,1.10457e+07,8.49116e+06,2.0,2.0,1.10457e+07,8.49115e+06,4.0
Layer:LK-SHRB-TRNK,LK-SHRB-TRNK,0,255,0,2,10,1.10458e+07,8.49115e+06,1.10458e+07,8.49116e+06,2.0,2.0,1.10458e+07,8.49115e+06,4.0
Layer:LK-SHRB-TRNK,LK-SHRB-TRNK,0,255,0,2,10,1.10458e+07,8.49115e+06,1.10458e+07,8.49116e+06,2.0,2.0,1.10458e+07,8.49115e+06,4.0
Layer:LK-SHRB-TRNK,LK-SHRB-TRNK,0,255,0,2,10,1.10458e+07,8.49115e+06,1.10458e+07,8.49116e+06,2.0,2.0,1.10458e+07,8.49115e+06,4.0
Layer:LK-SHRB-TRNK,LK-SHRB-TRNK,0,255,0,2,10,1.10458e+07,8.49115e+06,1.10458e+07,8.49116e+06,2.0,2.0,1.10458e+07,8.49115e+06,4.0
Layer:LK-SHRB-TRNK,LK-SHRB-TRNK,0,255,0,2,10,1.10458e+07,8.49115e+06,1.10458e+07,8.49116e+06,2.0,2.0,1.10458e+07,8.49115e+06,4.0
Layer:LK-SHRB-TRNK,LK-SHRB-TRNK,0,255,0,2,10,1.10459e+07,8.49115e+06,1.10459e+07,8.49115e+06,2.0,2.0,1.10459e+07,8.49115e+06,4.0
Layer:LK-SHRB-TRNK,LK-SHRB-TRNK,0,255,0,2,10,1.10459e+07,8.49115e+06,1.10459e+07,8.49115e+06,2.0,2.0,1.10459e+07,8.49115e+06,4.0
Layer:LK-SHRB-TRNK,LK-SHRB-TRNK,0,255,0,2,10,1.10459e+07,8.49115e+06,1.10459e+07,8.49115e+06,2.0,2.0,1.10459e+07,8.49115e+06,4.0
Layer:LK-SHRB-TRNK,LK-SHRB-TRNK,0,255,0,2,10,1.10459e+07,8.49115e+06,1.10459e+07,8.49115e+06,2.0,2.0,1.10459e+07,8.49115e+06,4.0
Layer:LK-SHRB-TRNK,LK-SHRB-TRNK,0,255,0,2,10,1.1046e+07,8.49115e+06,1.1046e+07,8.49115e+06,2.0,2.0,1.1046e+07,8.49115e+06,4.0
Layer:LK-SHRB-TRNK,LK-SHRB-TRNK,0,255,0,2,10,1.1046e+07,8.49115e+06,1.1046e+07,8.49115e+06,2.0,2.0,1.1046e+07,8.49115e+06,4.0
Layer:LK-SHRB-TRNK,LK-SHRB-TRNK,0,255,0,2,10,1.1046e+07,8.49115e+06,1.1046e+07,8.49116e+06,2.0,2.0,1.1046e+07,8.49115e+06,4.0
Layer:LK-SHRB-TRNK,LK-SHRB-TRNK,0,255,0,2,10,1.1046e+07,8.49115e+06,1.1046e+07,8.49116e+06,2.0,2.0,1.1046e+07,8.49115e+06,4.0
Layer:LK-SHRB-TRNK,LK-SHRB-TRNK,0,255,0,2,10,1.1046e+07,8.49115e+06,1.1046e+07,8.49116e+06,2.0,2.0,1.1046e+07,8.49115e+06,4.0
Layer:LK-SHRB-TRNK,LK-SHRB-TRNK,0,255,0,2,10,1.1046e+07,8.49115e+06,1.10461e+07,8.49116e+06,2.0,2.0,1.10461e+07,8.49115e+06,4.0
Layer:LK-SHRB-TRNK,LK-SHRB-TRNK,0,255,0,2,10,1.10461e+07,8.49115e+06,1.10461e+07,8.49116e+06,2.0,2.0,1.10461e+07,8.49115e+06,4.0
Layer:LK-SHRB-TRNK,LK-SHRB-TRNK,0,255,0,2,10,1.10461e+07,8.49115e+06,1.10461e+07,8.49116e+06,2.0,2.0,1.10461e+07,8.49115e+06,4.0
Layer:LK-SHRB-TRNK,LK-SHRB-TRNK,0,255,0,2,10,1.10461e+07,8.49115e+06,1.10461e+07,8.49116e+06,2.0,2.0,1.10461e+07,8.49115e+06,4.0
Layer:LK-SHRB-TRNK,LK-SHRB-TRNK,0,255,0,2,10,1.10462e+07,8.49115e+06,1.10462e+07,8.49115e+06,2.0,2.0,1.10462e+07,8.49115e+06,4.0
Layer:LK-SHRB-TRNK,LK-SHRB-TRNK,0,255,0,2,10,1.10462e+07,8.49115e+06,1.10462e+07,8.49115e+06,2.0,2.0,1.10462e+07,8.49115e+06,4.0
Layer:LK-SHRB-TRNK,LK-SHRB-TRNK,0,255,0,2,10,1.10462e+07,8.49115e+06,1.10462e+07,8.49115e+06,2.0,2.0,1.10462e+07,8.49115e+06,4.0
Layer:LK-SHRB-TRNK,LK-SHRB-TRNK,0,255,0,2,10,1.10462e+07,8.49113e+06,1.10462e+07,8.49114e+06,2.0,2.0,1.10462e+07,8.49113e+06,4.0
Layer:LK-SHRB-TRNK,LK-SHRB-TRNK,0,255,0,2,10,1.10462e+07,8.49112e+06,1.10462e+07,8.49112e+06,2.0,2.0,1.10462e+07,8.49112e+06,4.0
Layer:LK-SHRB-TRNK,LK-SHRB-TRNK,0,255,0,2,10,1.10462e+07,8.4911e+06,1.10462e+07,8.4911e+06,2.0,2.0,1.10462e+07,8.4911e+06,4.0
Layer:LK-SHRB-TRNK,LK-SHRB-TRNK,0,255,0,2,10,1.10462e+07,8.49108e+06,1.10462e+07,8.49108e+06,2.0,2.0,1.10462e+07,8.49108e+06,4.0
Layer:LK-SHRB-TRNK,LK-SHRB-TRNK,0,255,0,2,10,1.10462e+07,8.49106e+06,1.10462e+07,8.49107e+06,2.0,2.0,1.10462e+07,8.49106e+06,4.0
Layer:LK-SHRB-TRNK,LK-SHRB-TRNK,0,255,0,2,10,1.10462e+07,8.49105e+06,1.10462e+07,8.49105e+06,2.0,2.0,1.10462e+07,8.49105e+06,4.0
Layer:LK-SHRB-TRNK,LK-SHRB-TRNK,0,255,0,2,10,1.10462e+07,8.49103e+06,1.10462e+07,8.49103e+06,2.0,2.0,1.10462e+07,8.49103e+06,4.0
Layer:LK-SHRB-TRNK,LK-SHRB-TRNK,0,255,0,2,10,1.10462e+07,8.49101e+06,1.10462e+07,8.49101e+06,2.0,2.0,1.10462e+07,8.49101e+06,4.0
Layer:LK-SHRB-TRNK,LK-SHRB-TRNK,0,255,0,2,10,1.10462e+07,8.491e+06,1.10462e+07,8.491e+06,2.0,2.0,1.10462e+07,8.491e+06,4.0
Layer:LK-SHRB-TRNK,LK-SHRB-TRNK,0,255,0,2,10,1.10462e+07,8.49098e+06,1.10462e+07,8.49098e+06,2.0,2.0,1.10462e+07,8.49098e+06,4.0
Layer:LK-SHRB-TRNK,LK-SHRB-TRNK,0,255,0,2,10,1.10462e+07,8.49096e+06,1.10462e+07,8.49096e+06,2.0,2.0,1.10462e+07,8.49096e+06,4.0
Layer:LK-SHRB-TRNK,LK-SHRB-TRNK,0,255,0,2,10,1.10512e+07,8.49118e+06,1.10512e+07,8.49118e+06,2.0,2.0,1.10512e+07,8.49118e+06,4.0
Layer:LK-SHRB-TRNK,LK-SHRB-TRNK,0,255,0,2,10,1.10512e+07,8.49118e+06,1.10512e+07,8.49118e+06,2.0,2.0,1.10512e+07,8.49118e+06,4.0
Layer:LK-SHRB-TRNK,LK-SHRB-TRNK,0,255,0,2,10,1.10511e+07,8.49118e+06,1.10511e+07,8.49118e+06,2.0,2.0,1.10511e+07,8.49118e+06,4.0
Layer:LK-SHRB-TRNK,LK-SHRB-TRNK,0,255,0,2,10,1.10511e+07,8.49118e+06,1.10511e+07,8.49118e+06,2.0,2.0,1.10511e+07,8.49118e+06,4.0
Layer:LK-SHRB-TRNK,LK-SHRB-TRNK,0,255,0,2,10,1.10511e+07,8.49118e+06,1.10511e+07,8.49118e+06,2.0,2.0,1.10511e+07,8.49118e+06,4.0
Layer:LK-SHRB-TRNK,LK-SHRB-TRNK,0,255,0,2,10,1.10511e+07,8.49118e+06,1.10511e+07,8.49118e+06,2.0,2.0,1.10511e+07,8.49118e+06,4.0
Layer:LK-SHRB-TRNK,LK-SHRB-TRNK,0,255,0,2,10,1.10511e+07,8.49118e+06,1.10511e+07,8.49118e+06,2.0,2.0,1.10511e+07,8.49118e+06,4.0
Layer:LK-SHRB-TRNK,LK-SHRB-TRNK,0,255,0,2,10,1.10511e+07,8.49118e+06,1.10511e+07,8.49118e+06,2.0,2.0,1.10511e+07,8.49118e+06,4.0
Layer:LK-SHRB-TRNK,LK-SHRB-TRNK,0,255,0,2,10,1.1051e+07,8.49118e+06,1.1051e+07,8.49118e+06,2.0,2.0,1.1051e+07,8.49118e+06,4.0
Layer:LK-SHRB-TRNK,LK-SHRB-TRNK,0,255,0,2,10,1.1051e+07,8.49118e+06,1.1051e+07,8.49118e+06,2.0,2.0,1.1051e+07,8.49118e+06,4.0
Layer:LK-SHRB-TRNK,LK-SHRB-TRNK,0,255,0,2,10,1.1051e+07,8.49118e+06,1.1051e+07,8.49118e+06,2.0,2.0,1.1051e+07,8.49118e+06,4.0
Layer:LK-SHRB-TRNK,LK-SHRB-TRNK,0,255,0,2,10,1.1051e+07,8.49118e+06,1.1051e+07,8.49118e+06,2.0,2.0,1.1051e+07,8.49118e+06,4.0
Layer:LK-SHRB-TRNK,LK-SHRB-TRNK,0,255,0,2,10,1.1051e+07,8.49118e+06,1.1051e+07,8.49118e+06,2.0,2.0,1.1051e+07,8.49118e+06,4.0
Layer:LK-SHRB-TRNK,LK-SHRB-TRNK,0,255,0,2,10,1.10509e+07,8.49118e+06,1.1051e+07,8.49118e+06,2.0,2.0,1.10509e+07,8.49118e+06,4.0
Layer:LK-SHRB-TRNK,LK-SHRB-TRNK,0,255,0,2,10,1.10509e+07,8.49118e+06,1.10509e+07,8.49118e+06,2.0,2.0,1.10509e+07,8.49118e+06,4.0
Layer:LK-SHRB-TRNK,LK-SHRB-TRNK,0,255,0,2,10,1.10509e+07,8.49118e+06,1.10509e+07,8.49118e+06,2.0,2.0,1.10509e+07,8.49118e+06,4.0
Layer:LK-SHRB-TRNK,LK-SHRB-TRNK,0,255,0,2,10,1.10509e+07,8.49118e+06,1.10509e+07,8.49118e+06,2.0,2.0,1.10509e+07,8.49118e+06,4.0
Layer:LK-SHRB-TRNK,LK-SHRB-TRNK,0,255,0,2,10,1.10508e+07,8.49118e+06,1.10508e+07,8.49118e+06,2.0,2.0,1.10508e+07,8.49118e+06,4.0
Layer:LK-SHRB-TRNK,LK-SHRB-TRNK,0,255,0,2,10,1.10508e+07,8.49118e+06,1.10508e+07,8.49118e+06,2.0,2.0,1.10508e+07,8.49118e+06,4.0
Layer:LK-SHRB-TRNK,LK-SHRB-TRNK,0,255,0,2,10,1.10508e+07,8.49118e+06,1.10508e+07,8.49118e+06,2.0,2.0,1.10508e+07,8.49118e+06,4.0
Layer:LK-SHRB-TRNK,LK-SHRB-TRNK,0,255,0,2,10,1.10508e+07,8.49118e+06,1.10508e+07,8.49118e+06,2.0,2.0,1.10508e+07,8.49118e+06,4.0
Layer:LK-SHRB-TRNK,LK-SHRB-TRNK,0,255,0,2,10,1.10508e+07,8.49118e+06,1.10508e+07,8.49118e+06,2.0,2.0,1.10508e+07,8.49118e+06,4.0
Layer:LK-SHRB-TRNK,LK-SHRB-TRNK,0,255,0,2,10,1.10507e+07,8.49118e+06,1.10507e+07,8.49118e+06,2.0,2.0,1.10507e+07,8.49118e+06,4.0
Layer:LK-SHRB-TRNK,LK-SHRB-TRNK,0,255,0,2,10,1.10507e+07,8.49118e+06,1.10507e+07,8.49118e+06,2.0,2.0,1.10507e+07,8.49118e+06,4.0
Layer:LK-SHRB-TRNK,LK-SHRB-TRNK,0,255,0,2,10,1.10507e+07,8.49118e+06,1.10507e+07,8.49118e+06,2.0,2.0,1.10507e+07,8.49118e+06,4.0
Layer:LK-SHRB-TRNK,LK-SHRB-TRNK,0,255,0,2,10,1.10507e+07,8.49118e+06,1.10507e+07,8.49118e+06,2.0,2.0,1.10507e+07,8.49118e+06,4.0
Layer:LK-SHRB-TRNK,LK-SHRB-TRNK,0,255,0,2,10,1.10507e+07,8.49118e+06,1.10507e+07,8.49118e+06,2.0,2.0,1.10507e+07,8.49118e+06,4.0
Layer:LK-SHRB-TRNK,LK-SHRB-TRNK,0,255,0,2,10,1.10506e+07,8.49118e+06,1.10506e+07,8.49118e+06,2.0,2.0,1.10506e+07,8.49118e+06,4.0
Layer:LK-SHRB-TRNK,LK-SHRB-TRNK,0,255,0,2,10,1.10506e+07,8.49118e+06,1.10506e+07,8.49118e+06,2.0,2.0,1.10506e+07,8.49118e+06,4.0
Layer:LK-SHRB-TRNK,LK-SHRB-TRNK,0,255,0,2,10,1.10506e+07,8.49118e+06,1.10506e+07,8.49118e+06,2.0,2.0,1.10506e+07,8.49118e+06,4.0
Layer:LK-SHRB-TRNK,LK-SHRB-TRNK,0,255,0,2,10,1.10506e+07,8.49118e+06,1.10506e+07,8.49118e+06,2.0,2.0,1.10506e+07,8.49118e+06,4.0
Layer:LK-SHRB-TRNK,LK-SHRB-TRNK,0,255,0,2,10,1.10505e+07,8.49118e+06,1.10505e+07,8.49118e+06,2.0,2.0,1.10505e+07,8.49118e+06,4.0
Layer:LK-SHRB-TRNK,LK-SHRB-TRNK,0,255,0,2,10,1.10505e+07,8.49118e+06,1.10505e+07,8.49118e+06,2.0,2.0,1.10505e+07,8.49118e+06,4.0
Layer:LK-SHRB-TRNK,LK-SHRB-TRNK,0,255,0,2,10,1.10505e+07,8.49118e+06,1.10505e+07,8.49118e+06,2.0,2.0,1.10505e+07,8.49118e+06,4.0
Layer:LK-SHRB-TRNK,LK-SHRB-TRNK,0,255,0,2,10,1.10505e+07,8.49118e+06,1.10505e+07,8.49118e+06,2.0,2.0,1.10505e+07,8.49118e+06,4.0
Layer:LK-SHRB-TRNK,LK-SHRB-TRNK,0,255,0,2,10,1.10505e+07,8.49118e+06,1.10505e+07,8.49118e+06,2.0,2.0,1.10505e+07,8.49118e+06,4.0
Layer:LK-SHRB-TRNK,LK-SHRB-TRNK,0,255,0,2,10,1.10505e+07,8.49118e+06,1.10505e+07,8.49118e+06,2.0,2.0,1.10505e+07,8.49118e+06,4.0
Layer:LK-SHRB-TRNK,LK-SHRB-TRNK,0,255,0,2,10,1.10504e+07,8.49118e+06,1.10504e+07,8.49118e+06,2.0,2.0,1.10504e+07,8.49118e+06,4.0
Layer:LK-SHRB-TRNK,LK-SHRB-TRNK,0,255,0,2,10,1.10504e+07,8.49118e+06,1.10504e+07,8.49118e+06,2.0,2.0,1.10504e+07,8.49118e+06,4.0
Layer:LK-SHRB-TRNK,LK-SHRB-TRNK,0,255,0,2,10,1.10504e+07,8.49118e+06,1.10504e+07,8.49118e+06,2.0,2.0,1.10504e+07,8.49118e+06,4.0
Layer:LK-SHRB-TRNK,LK-SHRB-TRNK,0,255,0,2,10,1.10504e+07,8.49118e+06,1.10504e+07,8.49118e+06,2.0,2.0,1.10504e+07,8.49118e+06,4.0
Layer:LK-SHRB-TRNK,LK-SHRB-TRNK,0,255,0,2,10,1.10504e+07,8.49118e+06,1.10504e+07,8.49118e+06,2.0,2.0,1.10504e+07,8.49118e+06,4.0
Layer:LK-SHRB-TRNK,LK-SHRB-TRNK,0,255,0,2,10,1.10504e+07,8.49118e+06,1.10504e+07,8.49118e+06,2.0,2.0,1.10504e+07,8.49118e+06,4.0
Layer:LK-SHRB-TRNK,LK-SHRB-TRNK,0,255,0,2,10,1.10503e+07,8.49118e+06,1.10503e+07,8.49118e+06,2.0,2.0,1.10503e+07,8.49118e+06,4.0
Layer:LK-SHRB-TRNK,LK-SHRB-TRNK,0,255,0,2,10,1.10503e+07,8.49118e+06,1.10503e+07,8.49118e+06,2.0,2.0,1.10503e+07,8.49118e+06,4.0
Layer:LK-SHRB-TRNK,LK-SHRB-TRNK,0,255,0,2,10,1.10503e+07,8.49118e+06,1.10503e+07,8.49118e+06,2.0,2.0,1.10503e+07,8.49118e+06,4.0
Layer:LK-SHRB-TRNK,LK-SHRB-TRNK,0,255,0,2,10,1.10503e+07,8.49118e+06,1.10503e+07,8.49118e+06,2.0,2.0,1.10503e+07,8.49118e+06,4.0
Layer:LK-SHRB-TRNK,LK-SHRB-TRNK,0,255,0,2,10,1.10503e+07,8.49118e+06,1.10503e+07,8.49118e+06,2.0,2.0,1.10503e+07,8.49118e+06,4.0
Layer:LK-SHRB-TRNK,LK-SHRB-TRNK,0,255,0,2,10,1.10502e+07,8.49118e+06,1.10502e+07,8.49118e+06,2.0,2.0,1.10502e+07,8.49118e+06,4.0
Layer:LK-SHRB-TRNK,LK-SHRB-TRNK,0,255,0,2,10,1.10502e+07,8.49118e+06,1.10502e+07,8.49118e+06,2.0,2.0,1.10502e+07,8.49118e+06,4.0
Layer:LK-SHRB-TRNK,LK-SHRB-TRNK,0,255,0,2,10,1.10502e+07,8.49118e+06,1.10502e+07,8.49118e+06,2.0,2.0,1.10502e+07,8.49118e+06,4.0
Layer:LK-SHRB-TRNK,LK-SHRB-TRNK,0,255,0,2,10,1.10502e+07,8.49118e+06,1.10502e+07,8.49118e+06,2.0,2.0,1.10502e+07,8.49118e+06,4.0
Layer:LK-SHRB-TRNK,LK-SHRB-TRNK,0,255,0,2,10,1.10501e+07,8.49118e+06,1.10501e+07,8.49118e+06,2.0,2.0,1.10501e+07,8.49118e+06,4.0
Layer:LK-SHRB-TRNK,LK-SHRB-TRNK,0,255,0,2,10,1.10501e+07,8.49118e+06,1.10501e+07,8.49118e+06,2.0,2.0,1.10501e+07,8.49118e+06,4.0
Layer:LK-SHRB-TRNK,LK-SHRB-TRNK,0,255,0,2,10,1.10501e+07,8.49118e+06,1.10501e+07,8.49118e+06,2.0,2.0,1.10501e+07,8.49118e+06,4.0
Layer:LK-SHRB-TRNK,LK-SHRB-TRNK,0,255,0,2,10,1.10501e+07,8.49118e+06,1.10501e+07,8.49118e+06,2.0,2.0,1.10501e+07,8.49118e+06,4.0
Layer:LK-SHRB-TRNK,LK-SHRB-TRNK,0,255,0,2,10,1.10501e+07,8.49118e+06,1.10501e+07,8.49118e+06,2.0,2.0,1.10501e+07,8.49118e+06,4.0
Layer:LK-SHRB-TRNK,LK-SHRB-TRNK,0,255,0,2,10,1.105e+07,8.49118e+06,1.105e+07,8.49118e+06,2.0,2.0,1.105e+07,8.49118e+06,4.0
Layer:LK-SHRB-TRNK,LK-SHRB-TRNK,0,255,0,2,10,1.105e+07,8.49118e+06,1.105e+07,8.49118e+06,2.0,2.0,1.105e+07,8.49118e+06,4.0
Layer:LK-SHRB-TRNK,LK-SHRB-TRNK,0,255,0,2,10,1.105e+07,8.49118e+06,1.105e+07,8.49118e+06,2.0,2.0,1.105e+07,8.49118e+06,4.0
Layer:LK-SHRB-TRNK,LK-SHRB-TRNK,0,255,0,2,10,1.105e+07,8.49118e+06,1.105e+07,8.49118e+06,2.0,2.0,1.105e+07,8.49118e+06,4.0
Layer:LK-SHRB-TRNK,LK-SHRB-TRNK,0,255,0,2,10,1.10499e+07,8.49118e+06,1.10499e+07,8.49118e+06,2.0,2.0,1.10499e+07,8.49118e+06,4.0
Layer:LK-SHRB-TRNK,LK-SHRB-TRNK,0,255,0,2,10,1.10499e+07,8.49118e+06,1.10499e+07,8.49118e+06,2.0,2.0,1.10499e+07,8.49118e+06,4.0
Layer:LK-SHRB-TRNK,LK-SHRB-TRNK,0,255,0,2,10,1.10499e+07,8.49118e+06,1.10499e+07,8.49118e+06,2.0,2.0,1.10499e+07,8.49118e+06,4.0
Layer:LK-SHRB-TRNK,LK-SHRB-TRNK,0,255,0,2,10,1.10499e+07,8.49118e+06,1.10499e+07,8.49118e+06,2.0,2.0,1.10499e+07,8.49118e+06,4.0
Layer:LK-SHRB-TRNK,LK-SHRB-TRNK,0,255,0,2,10,1.10499e+07,8.49118e+06,1.10499e+07,8.49118e+06,2.0,2.0,1.10499e+07,8.49118e+06,4.0
Layer:LK-SHRB-TRNK,LK-SHRB-TRNK,0,255,0,2,10,1.10498e+07,8.49118e+06,1.10498e+07,8.49118e+06,2.0,2.0,1.10498e+07,8.49118e+06,4.0
Layer:LK-SHRB-TRNK,LK-SHRB-TRNK,0,255,0,2,10,1.10498e+07,8.49118e+06,1.10498e+07,8.49118e+06,2.0,2.0,1.10498e+07,8.49118e+06,4.0
Layer:LK-SHRB-TRNK,LK-SHRB-TRNK,0,255,0,2,10,1.10498e+07,8.49118e+06,1.10498e+07,8.49118e+06,2.0,2.0,1.10498e+07,8.49118e+06,4.0
Layer:LK-SHRB-TRNK,LK-SHRB-TRNK,0,255,0,2,10,1.10498e+07,8.49118e+06,1.10498e+07,8.49118e+06,2.0,2.0,1.10498e+07,8.49118e+06,4.0
Layer:LK-SHRB-TRNK,LK-SHRB-TRNK,0,255,0,2,10,1.10498e+07,8.49118e+06,1.10498e+07,8.49118e+06,2.0,2.0,1.10498e+07,8.49118e+06,4.0
Layer:LK-SHRB-TRNK,LK-SHRB-TRNK,0,255,0,2,10,1.10498e+07,8.49117e+06,1.10498e+07,8.49118e+06,2.0,2.0,1.10498e+07,8.49118e+06,4.0
Layer:LK-SHRB-TRNK,LK-SHRB-TRNK,0,255,0,2,10,1.10497e+07,8.49117e+06,1.10497e+07,8.49118e+06,2.0,2.0,1.10497e+07,8.49118e+06,4.0
Layer:LK-SHRB-TRNK,LK-SHRB-TRNK,0,255,0,2,10,1.10497e+07,8.49117e+06,1.10497e+07,8.49118e+06,2.0,2.0,1.10497e+07,8.49118e+06,4.0
Layer:LK-SHRB-TRNK,LK-SHRB-TRNK,0,255,0,2,10,1.10497e+07,8.49117e+06,1.10497e+07,8.49118e+06,2.0,2.0,1.10497e+07,8.49118e+06,4.0
Layer:LK-SHRB-TRNK,LK-SHRB-TRNK,0,255,0,2,10,1.10496e+07,8.49117e+06,1.10496e+07,8.49118e+06,2.0,2.0,1.10496e+07,8.49118e+06,4.0
Layer:LK-SHRB-TRNK,LK-SHRB-TRNK,0,255,0,2,10,1.10496e+07,8.49117e+06,1.10496e+07,8.49118e+06,2.0,2.0,1.10496e+07,8.49118e+06,4.0
Layer:LK-SHRB-TRNK,LK-SHRB-TRNK,0,255,0,2,10,1.10496e+07,8.49117e+06,1.10496e+07,8.49118e+06,2.0,2.0,1.10496e+07,8.49117e+06,4.0
Layer:LK-SHRB-TRNK,LK-SHRB-TRNK,0,255,0,2,10,1.10496e+07,8.49117e+06,1.10496e+07,8.49118e+06,2.0,2.0,1.10496e+07,8.49117e+06,4.0
Layer:LK-SHRB-TRNK,LK-SHRB-TRNK,0,255,0,2,10,1.10496e+07,8.49117e+06,1.10496e+07,8.49118e+06,2.0,2.0,1.10496e+07,8.49117e+06,4.0
Layer:LK-SHRB-TRNK,LK-SHRB-TRNK,0,255,0,2,10,1.10496e+07,8.49117e+06,1.10496e+07,8.49118e+06,2.0,2.0,1.10496e+07,8.49117e+06,4.0
Layer:LK-SHRB-TRNK,LK-SHRB-TRNK,0,255,0,2,10,1.10495e+07,8.49117e+06,1.10495e+07,8.49118e+06,2.0,2.0,1.10495e+07,8.49117e+06,4.0
Layer:LK-SHRB-TRNK,LK-SHRB-TRNK,0,255,0,2,10,1.10495e+07,8.49117e+06,1.10495e+07,8.49118e+06,2.0,2.0,1.10495e+07,8.49117e+06,4.0
Layer:LK-SHRB-TRNK,LK-SHRB-TRNK,0,255,0,2,10,1.10495e+07,8.49117e+06,1.10495e+07,8.49118e+06,2.0,2.0,1.10495e+07,8.49117e+06,4.0
Layer:LK-SHRB-TRNK,LK-SHRB-TRNK,0,255,0,2,10,1.10495e+07,8.49117e+06,1.10495e+07,8.49118e+06,2.0,2.0,1.10495e+07,8.49117e+06,4.0
Layer:LK-SHRB-TRNK,LK-SHRB-TRNK,0,255,0,2,10,1.10495e+07,8.49117e+06,1.10495e+07,8.49118e+06,2.0,2.0,1.10495e+07,8.49117e+06,4.0
Layer:LK-SHRB-TRNK,LK-SHRB-TRNK,0,255,0,2,10,1.10494e+07,8.49117e+06,1.10494e+07,8.49118e+06,2.0,2.0,1.10494e+07,8.49117e+06,4.0
Layer:LK-SHRB-TRNK,LK-SHRB-TRNK,0,255,0,2,10,1.10494e+07,8.49117e+06,1.10494e+07,8.49118e+06,2.0,2.0,1.10494e+07,8.49117e+06,4.0
Layer:LK-SHRB-TRNK,LK-SHRB-TRNK,0,255,0,2,10,1.10494e+07,8.49117e+06,1.10494e+07,8.49118e+06,2.0,2.0,1.10494e+07,8.49117e+06,4.0
Layer:LK-SHRB-TRNK,LK-SHRB-TRNK,0,255,0,2,10,1.10491e+07,8.49117e+06,1.10491e+07,8.49117e+06,2.0,2.0,1.10491e+07,8.49117e+06,4.0
Layer:LK-SHRB-TRNK,LK-SHRB-TRNK,0,255,0,2,10,1.10491e+07,8.49117e+06,1.10491e+07,8.49117e+06,2.0,2.0,1.10491e+07,8.49117e+06,4.0
Layer:LK-SHRB-TRNK,LK-SHRB-TRNK,0,255,0,2,10,1.10491e+07,8.49117e+06,1.10491e+07,8.49117e+06,2.0,2.0,1.10491e+07,8.49117e+06,4.0
Layer:LK-SHRB-TRNK,LK-SHRB-TRNK,0,255,0,2,10,1.1049e+07,8.49117e+06,1.1049e+07,8.49117e+06,2.0,2.0,1.1049e+07,8.49117e+06,4.0
Layer:LK-SHRB-TRNK,LK-SHRB-TRNK,0,255,0,2,10,1.1049e+07,8.49117e+06,1.1049e+07,8.49117e+06,2.0,2.0,1.1049e+07,8.49117e+06,4.0
Layer:LK-SHRB-TRNK,LK-SHRB-TRNK,0,255,0,2,10,1.1049e+07,8.49117e+06,1.1049e+07,8.49117e+06,2.0,2.0,1.1049e+07,8.49117e+06,4.0
Layer:LK-SHRB-TRNK,LK-SHRB-TRNK,0,255,0,2,10,1.1049e+07,8.49117e+06,1.1049e+07,8.49117e+06,2.0,2.0,1.1049e+07,8.49117e+06,4.0
Layer:LK-SHRB-TRNK,LK-SHRB-TRNK,0,255,0,2,10,1.1049e+07,8.49117e+06,1.1049e+07,8.49117e+06,2.0,2.0,1.1049e+07,8.49117e+06,4.0
Layer:LK-SHRB-TRNK,LK-SHRB-TRNK,0,255,0,2,10,1.1049e+07,8.49117e+06,1.1049e+07,8.49117e+06,2.0,2.0,1.1049e+07,8.49117e+06,4.0
Layer:LK-SHRB-TRNK,LK-SHRB-TRNK,0,255,0,2,10,1.10489e+07,8.49117e+06,1.10489e+07,8.49117e+06,2.0,2.0,1.10489e+07,8.49117e+06,4.0
Layer:LK-SHRB-TRNK,LK-SHRB-TRNK,0,255,0,2,10,1.10489e+07,8.49117e+06,1.10489e+07,8.49117e+06,2.0,2.0,1.10489e+07,8.49117e+06,4.0
Layer:LK-SHRB-TRNK,LK-SHRB-TRNK,0,255,0,2,10,1.10489e+07,8.49117e+06,1.10489e+07,8.49117e+06,2.0,2.0,1.10489e+07,8.49117e+06,4.0
Layer:LK-SHRB-TRNK,LK-SHRB-TRNK,0,255,0,2,10,1.10489e+07,8.49117e+06,1.10489e+07,8.49117e+06,2.0,2.0,1.10489e+07,8.49117e+06,4.0
Layer:LK-SHRB-TRNK,LK-SHRB-TRNK,0,255,0,2,10,1.10489e+07,8.49117e+06,1.10489e+07,8.49117e+06,2.0,2.0,1.10489e+07,8.49117e+06,4.0
Layer:LK-SHRB-TRNK,LK-SHRB-TRNK,0,255,0,2,10,1.10489e+07,8.49117e+06,1.10489e+07,8.49117e+06,2.0,2.0,1.10489e+07,8.49117e+06,4.0
Layer:LK-SHRB-TRNK,LK-SHRB-TRNK,0,255,0,2,10,1.10488e+07,8.49117e+06,1.10488e+07,8.49117e+06,2.0,2.0,1.10488e+07,8.49117e+06,4.0
Layer:LK-SHRB-TRNK,LK-SHRB-TRNK,0,255,0,2,10,1.10488e+07,8.49117e+06,1.10488e+07,8.49117e+06,2.0,2.0,1.10488e+07,8.49117e+06,4.0
Layer:LK-SHRB-TRNK,LK-SHRB-TRNK,0,255,0,2,10,1.10488e+07,8.49117e+06,1.10488e+07,8.49117e+06,2.0,2.0,1.10488e+07,8.49117e+06,4.0
Layer:LK-SHRB-TRNK,LK-SHRB-TRNK,0,255,0,2,10,1.10487e+07,8.49117e+06,1.10487e+07,8.49117e+06,2.0,2.0,1.10487e+07,8.49117e+06,4.0
Layer:LK-SHRB-TRNK,LK-SHRB-TRNK,0,255,0,2,10,1.10487e+07,8.49117e+06,1.10487e+07,8.49117e+06,2.0,2.0,1.10487e+07,8.49117e+06,4.0
Layer:LK-SHRB-TRNK,LK-SHRB-TRNK,0,255,0,2,10,1.10487e+07,8.49117e+06,1.10487e+07,8.49117e+06,2.0,2.0,1.10487e+07,8.49117e+06,4.0
Layer:LK-SHRB-TRNK,LK-SHRB-TRNK,0,255,0,2,10,1.10487e+07,8.49117e+06,1.10487e+07,8.49117e+06,2.0,2.0,1.10487e+07,8.49117e+06,4.0
Layer:LK-SHRB-TRNK,LK-SHRB-TRNK,0,255,0,2,10,1.10487e+07,8.49117e+06,1.10487e+07,8.49117e+06,2.0,2.0,1.10487e+07,8.49117e+06,4.0
Layer:LK-SHRB-TRNK,LK-SHRB-TRNK,0,255,0,2,10,1.10486e+07,8.49117e+06,1.10486e+07,8.49117e+06,2.0,2.0,1.10486e+07,8.49117e+06,4.0
Layer:LK-SHRB-TRNK,LK-SHRB-TRNK,0,255,0,2,10,1.10486e+07,8.49117e+06,1.10486e+07,8.49117e+06,2.0,2.0,1.10486e+07,8.49117e+06,4.0
Layer:LK-SHRB-TRNK,LK-SHRB-TRNK,0,255,0,2,10,1.10486e+07,8.49117e+06,1.10486e+07,8.49117e+06,2.0,2.0,1.10486e+07,8.49117e+06,4.0
Layer:LK-SHRB-TRNK,LK-SHRB-TRNK,0,255,0,2,10,1.10486e+07,8.49117e+06,1.10486e+07,8.49117e+06,2.0,2.0,1.10486e+07,8.49117e+06,4.0
Layer:LK-SHRB-TRNK,LK-SHRB-TRNK,0,255,0,2,10,1.10486e+07,8.49117e+06,1.10486e+07,8.49117e+06,2.0,2.0,1.10486e+07,8.49117e+06,4.0
Layer:LK-SHRB-TRNK,LK-SHRB-TRNK,0,255,0,2,10,1.10485e+07,8.49117e+06,1.10485e+07,8.49117e+06,2.0,2.0,1.10485e+07,8.49117e+06,4.0
Layer:LK-SHRB-TRNK,LK-SHRB-TRNK,0,255,0,2,10,1.10485e+07,8.49117e+06,1.10485e+07,8.49117e+06,2.0,2.0,1.10485e+07,8.49117e+06,4.0
Layer:LK-SHRB-TRNK,LK-SHRB-TRNK,0,255,0,2,10,1.10485e+07,8.49117e+06,1.10485e+07,8.49117e+06,2.0,2.0,1.10485e+07,8.49117e+06,4.0
Layer:LK-SHRB-TRNK,LK-SHRB-TRNK,0,255,0,2,10,1.10485e+07,8.49117e+06,1.10485e+07,8.49117e+06,2.0,2.0,1.10485e+07,8.49117e+06,4.0
Layer:LK-SHRB-TRNK,LK-SHRB-TRNK,0,255,0,2,10,1.10484e+07,8.49117e+06,1.10484e+07,8.49117e+06,2.0,2.0,1.10484e+07,8.49117e+06,4.0
Layer:LK-SHRB-TRNK,LK-SHRB-TRNK,0,255,0,2,10,1.10484e+07,8.49117e+06,1.10484e+07,8.49117e+06,2.0,2.0,1.10484e+07,8.49117e+06,4.0
Layer:LK-SHRB-TRNK,LK-SHRB-TRNK,0,255,0,2,10,1.10484e+07,8.49117e+06,1.10484e+07,8.49117e+06,2.0,2.0,1.10484e+07,8.49117e+06,4.0
Layer:LK-SHRB-TRNK,LK-SHRB-TRNK,0,255,0,2,10,1.10484e+07,8.49117e+06,1.10484e+07,8.49117e+06,2.0,2.0,1.10484e+07,8.49117e+06,4.0
Layer:LK-SHRB-TRNK,LK-SHRB-TRNK,0,255,0,2,10,1.10484e+07,8.49117e+06,1.10484e+07,8.49117e+06,2.0,2.0,1.10484e+07,8.49117e+06,4.0
Layer:LK-SHRB-TRNK,LK-SHRB-TRNK,0,255,0,2,10,1.10484e+07,8.49117e+06,1.10484e+07,8.49117e+06,2.0,2.0,1.10484e+07,8.49117e+06,4.0
Layer:LK-SHRB-TRNK,LK-SHRB-TRNK,0,255,0,2,10,1.10483e+07,8.49117e+06,1.10483e+07,8.49117e+06,2.0,2.0,1.10483e+07,8.49117e+06,4.0
Layer:LK-SHRB-TRNK,LK-SHRB-TRNK,0,255,0,2,10,1.10483e+07,8.49117e+06,1.10483e+07,8.49117e+06,2.0,2.0,1.10483e+07,8.49117e+06,4.0
Layer:LK-SHRB-TRNK,LK-SHRB-TRNK,0,255,0,2,10,1.10483e+07,8.49117e+06,1.10483e+07,8.49117e+06,2.0,2.0,1.10483e+07,8.49117e+06,4.0
Layer:LK-SHRB-TRNK,LK-SHRB-TRNK,0,255,0,2,10,1.10482e+07,8.49117e+06,1.10482e+07,8.49117e+06,2.0,2.0,1.10482e+07,8.49117e+06,4.0
Layer:LK-SHRB-TRNK,LK-SHRB-TRNK,0,255,0,2,10,1.10482e+07,8.49117e+06,1.10482e+07,8.49117e+06,2.0,2.0,1.10482e+07,8.49117e+06,4.0
Layer:LK-SHRB-TRNK,LK-SHRB-TRNK,0,255,0,2,10,1.10482e+07,8.49117e+06,1.10482e+07,8.49117e+06,2.0,2.0,1.10482e+07,8.49117e+06,4.0
Layer:LK-SHRB-TRNK,LK-SHRB-TRNK,0,255,0,2,10,1.10482e+07,8.49117e+06,1.10482e+07,8.49117e+06,2.0,2.0,1.10482e+07,8.49117e+06,4.0
Layer:LK-SHRB-TRNK,LK-SHRB-TRNK,0,255,0,2,10,1.10482e+07,8.49117e+06,1.10482e+07,8.49117e+06,2.0,2.0,1.10482e+07,8.49117e+06,4.0
Layer:LK-SHRB-TRNK,LK-SHRB-TRNK,0,255,0,2,10,1.10482e+07,8.49117e+06,1.10482e+07,8.49117e+06,2.0,2.0,1.10482e+07,8.49117e+06,4.0
Layer:LK-SHRB-TRNK,LK-SHRB-TRNK,0,255,0,2,10,1.10481e+07,8.49117e+06,1.10481e+07,8.49117e+06,2.0,2.0,1.10481e+07,8.49117e+06,4.0
Layer:LK-SHRB-TRNK,LK-SHRB-TRNK,0,255,0,2,10,1.10481e+07,8.49117e+06,1.10481e+07,8.49117e+06,2.0,2.0,1.10481e+07,8.49117e+06,4.0
Layer:LK-SHRB-TRNK,LK-SHRB-TRNK,0,255,0,2,10,1.10481e+07,8.49117e+06,1.10481e+07,8.49117e+06,2.0,2.0,1.10481e+07,8.49117e+06,4.0
Layer:LK-SHRB-TRNK,LK-SHRB-TRNK,0,255,0,2,10,1.10481e+07,8.49117e+06,1.10481e+07,8.49117e+06,2.0,2.0,1.10481e+07,8.49117e+06,4.0
Layer:LK-SHRB-TRNK,LK-SHRB-TRNK,0,255,0,2,10,1.10481e+07,8.49117e+06,1.10481e+07,8.49117e+06,2.0,2.0,1.10481e+07,8.49117e+06,4.0
Layer:LK-SHRB-TRNK,LK-SHRB-TRNK,0,255,0,2,10,1.1048e+07,8.49117e+06,1.1048e+07,8.49117e+06,2.0,2.0,1.1048e+07,8.49117e+06,4.0
Layer:LK-SHRB-TRNK,LK-SHRB-TRNK,0,255,0,2,10,1.1048e+07,8.49117e+06,1.1048e+07,8.49117e+06,2.0,2.0,1.1048e+07,8.49117e+06,4.0
Layer:LK-SHRB-TRNK,LK-SHRB-TRNK,0,255,0,2,10,1.1048e+07,8.49116e+06,1.1048e+07,8.49117e+06,2.0,2.0,1.1048e+07,8.49117e+06,4.0
Layer:LK-SHRB-TRNK,LK-SHRB-TRNK,0,255,0,2,10,1.1048e+07,8.49116e+06,1.1048e+07,8.49117e+06,2.0,2.0,1.1048e+07,8.49117e+06,4.0
Layer:LK-SHRB-TRNK,LK-SHRB-TRNK,0,255,0,2,10,1.1048e+07,8.49116e+06,1.1048e+07,8.49117e+06,2.0,2.0,1.1048e+07,8.49117e+06,4.0
Layer:LK-SHRB-TRNK,LK-SHRB-TRNK,0,255,0,2,10,1.1048e+07,8.49116e+06,1.1048e+07,8.49117e+06,2.0,2.0,1.1048e+07,8.49117e+06,4.0
Layer:LK-SHRB-TRNK,LK-SHRB-TRNK,0,255,0,2,10,1.10479e+07,8.49116e+06,1.10479e+07,8.49117e+06,2.0,2.0,1.10479e+07,8.49117e+06,4.0
Layer:LK-SHRB-TRNK,LK-SHRB-TRNK,0,255,0,2,10,1.10479e+07,8.49116e+06,1.10479e+07,8.49117e+06,2.0,2.0,1.10479e+07,8.49117e+06,4.0
Layer:LK-SHRB-TRNK,LK-SHRB-TRNK,0,255,0,2,10,1.10479e+07,8.49116e+06,1.10479e+07,8.49117e+06,2.0,2.0,1.10479e+07,8.49117e+06,4.0
Layer:LK-SHRB-TRNK,LK-SHRB-TRNK,0,255,0,2,10,1.10478e+07,8.49116e+06,1.10478e+07,8.49117e+06,2.0,2.0,1.10478e+07,8.49117e+06,4.0
Layer:LK-SHRB-TRNK,LK-SHRB-TRNK,0,255,0,2,10,1.10478e+07,8.49116e+06,1.10478e+07,8.49117e+06,2.0,2.0,1.10478e+07,8.49117e+06,4.0
Layer:LK-SHRB-TRNK,LK-SHRB-TRNK,0,255,0,2,10,1.10478e+07,8.49116e+06,1.10478e+07,8.49117e+06,2.0,2.0,1.10478e+07,8.49117e+06,4.0
Layer:LK-SHRB-TRNK,LK-SHRB-TRNK,0,255,0,2,10,1.10478e+07,8.49115e+06,1.10478e+07,8.49115e+06,2.0,2.0,1.10478e+07,8.49115e+06,4.0
Layer:LK-SHRB-TRNK,LK-SHRB-TRNK,0,255,0,2,10,1.10478e+07,8.49113e+06,1.10478e+07,8.49113e+06,2.0,2.0,1.10478e+07,8.49113e+06,4.0
Layer:LK-SHRB-TRNK,LK-SHRB-TRNK,0,255,0,2,10,1.10478e+07,8.49111e+06,1.10478e+07,8.49111e+06,2.0,2.0,1.10478e+07,8.49111e+06,4.0
Layer:LK-SHRB-TRNK,LK-SHRB-TRNK,0,255,0,2,10,1.10478e+07,8.49109e+06,1.10478e+07,8.4911e+06,2.0,2.0,1.10478e+07,8.49109e+06,4.0
Layer:LK-SHRB-TRNK,LK-SHRB-TRNK,0,255,0,2,10,1.10478e+07,8.49108e+06,1.10478e+07,8.49108e+06,2.0,2.0,1.10478e+07,8.49108e+06,4.0
Layer:LK-SHRB-TRNK,LK-SHRB-TRNK,0,255,0,2,10,1.10478e+07,8.49106e+06,1.10478e+07,8.49106e+06,2.0,2.0,1.10478e+07,8.49106e+06,4.0
Layer:LK-SHRB-TRNK,LK-SHRB-TRNK,0,255,0,2,10,1.10478e+07,8.49104e+06,1.10478e+07,8.49104e+06,2.0,2.0,1.10478e+07,8.49104e+06,4.0
Layer:LK-SHRB-TRNK,LK-SHRB-TRNK,0,255,0,2,10,1.10478e+07,8.49102e+06,1.10478e+07,8.49102e+06,2.0,2.0,1.10478e+07,8.49102e+06,4.0
Layer:LK-SHRB-TRNK,LK-SHRB-TRNK,0,255,0,2,10,1.10478e+07,8.491e+06,1.10478e+07,8.491e+06,2.0,2.0,1.10478e+07,8.491e+06,4.0
Layer:LK-SHRB-TRNK,LK-SHRB-TRNK,0,255,0,2,10,1.10478e+07,8.49098e+06,1.10478e+07,8.49099e+06,2.0,2.0,1.10478e+07,8.49099e+06,4.0
Layer:LK-SHRB-TRNK,LK-SHRB-TRNK,0,255,0,2,10,1.10478e+07,8.49097e+06,1.10478e+07,8.49097e+06,2.0,2.0,1.10478e+07,8.49097e+06,4.0
Layer:LK-SHRB-TRNK,LK-SHRB-TRNK,0,255,0,2,10,1.10478e+07,8.49095e+06,1.10478e+07,8.49095e+06,2.0,2.0,1.10478e+07,8.49095e+06,4.0
Layer:LK-SHRB-TRNK,LK-SHRB-TRNK,0,255,0,2,10,1.10478e+07,8.49093e+06,1.10478e+07,8.49093e+06,2.0,2.0,1.10478e+07,8.49093e+06,4.0
Layer:LK-SHRB-TRNK,LK-SHRB-TRNK,0,255,0,2,10,1.10478e+07,8.49091e+06,1.10478e+07,8.49092e+06,2.0,2.0,1.10478e+07,8.49092e+06,4.0
Layer:LK-SHRB-TRNK,LK-SHRB-TRNK,0,255,0,2,10,1.10478e+07,8.4909e+06,1.10478e+07,8.4909e+06,2.0,2.0,1.10478e+07,8.4909e+06,4.0
Layer:LK-SHRB-TRNK,LK-SHRB-TRNK,0,255,0,2,10,1.10478e+07,8.49088e+06,1.10478e+07,8.49088e+06,2.0,2.0,1.10478e+07,8.49088e+06,4.0
Layer:LK-TREE-TRNK,LK-TREE-TRNK,165,82,0,2,10,1.10477e+07,8.49073e+06,1.10477e+07,8.49074e+06,14.0,10.0,1.10477e+07,8.49073e+06,140.0
Layer:LK-TREE-TRNK,LK-TREE-TRNK,165,82,0,2,10,1.10477e+07,8.49012e+06,1.10478e+07,8.49015e+06,28.0,30.0,1.10477e+07,8.49014e+06,840.0
Layer:LK-TREE-TRNK,LK-TREE-TRNK,165,82,0,2,10,1.10477e+07,8.49104e+06,1.10477e+07,8.49107e+06,28.0,30.0,1.10477e+07,8.49105e+06,840.0
Layer:LK-TREE-TRNK,LK-TREE-TRNK,165,82,0,2,10,1.10463e+07,8.49102e+06,1.10463e+07,8.49105e+06,28.0,30.0,1.10463e+07,8.49104e+06,840.0
Layer:LK-TREE-TRNK,LK-TREE-TRNK,165,82,0,2,10,1.10477e+07,8.49049e+06,1.10477e+07,8.4905e+06,14.0,10.0,1.10477e+07,8.4905e+06,140.0
Layer:LK-TREE-TRNK,LK-TREE-TRNK,165,82,0,2,10,1.10477e+07,8.4906e+06,1.10477e+07,8.49062e+06,8.0,12.0,1.10477e+07,8.49061e+06,96.0
Layer:LK-TREE-TRNK,LK-TREE-TRNK,165,82,0,2,10,1.10463e+07,8.49011e+06,1.10463e+07,8.49014e+06,28.0,30.0,1.10463e+07,8.49013e+06,840.0
Layer:L-002,L-002,127,63,63,151,944,1.10412e+07,8.48463e+06,1.10899e+07,8.49119e+06,48695.0,6566.0,1.10656e+07,8.48791e+06,3.19731e+08
Layer:-u-site-Light setback line,-u-site-Light setback line,186,186,186,124,496,1.1041e+07,8.48441e+06,2.21027e+07,1.69703e+07,1.10618e+07,8.48585e+06,1.65718e+07,1.27273e+07,9.38686e+13
Layer:-u-site-text,-u-site-text,255,0,255,9,32,1.10413e+07,8.48443e+06,1.1052e+07,8.49118e+06,10775.0,6746.0,1.10467e+07,8.4878e+06,7.26882e+07
Layer:LK-TREE-050M,LK-TREE-050M,255,255,0,1,102,1.10513e+07,8.48512e+06,1.10514e+07,8.48526e+06,146.0,142.0,1.10513e+07,8.48519e+06,20732.0
Layer:LK-TREE-TRNK,LK-TREE-TRNK,165,82,0,2,10,1.10513e+07,8.48518e+06,1.10514e+07,8.4852e+06,10.0,14.0,1.10513e+07,8.48519e+06,140.0
Layer:LK-TREE-TRNK,LK-TREE-TRNK,165,82,0,1,4,1.10439e+07,8.48776e+06,1.10439e+07,8.48778e+06,16.0,16.0,1.10439e+07,8.48777e+06,256.0
Layer:LK-TREE-TRNK,LK-TREE-TRNK,165,82,0,2,10,1.10494e+07,8.48778e+06,1.10494e+07,8.4878e+06,16.0,20.0,1.10494e+07,8.48779e+06,320.0
Layer:LK-TREE-TRNK,LK-TREE-TRNK,165,82,0,1,4,1.10496e+07,8.48798e+06,1.10496e+07,8.48799e+06,16.0,16.0,1.10496e+07,8.48798e+06,256.0
Layer:LK-TREE-TRNK,LK-TREE-TRNK,165,82,0,1,4,1.10501e+07,8.48799e+06,1.10501e+07,8.488e+06,16.0,16.0,1.10501e+07,8.488e+06,256.0
Layer:UT-TRANS-BLOCK 11,UT-TRANS-BLOCK 11,0,255,255,4,16,1.10479e+07,8.48948e+06,1.10481e+07,8.48968e+06,142.0,198.0,1.1048e+07,8.48958e+06,28116.0
Layer:UT-TRANS-BLOCK 11,UT-TRANS-BLOCK 11,0,255,255,4,16,1.1046e+07,8.48949e+06,1.10461e+07,8.48968e+06,142.0,198.0,1.10461e+07,8.48959e+06,28116.0
Layer:LK-TREE-TRNK,LK-TREE-TRNK,165,82,0,1,4,1.10441e+07,8.48794e+06,1.10441e+07,8.48796e+06,16.0,16.0,1.10441e+07,8.48795e+06,256.0
Layer:LK-TREE-TRNK,LK-TREE-TRNK,165,82,0,1,4,1.10446e+07,8.48795e+06,1.10446e+07,8.48796e+06,16.0,16.0,1.10446e+07,8.48796e+06,256.0
Layer:LK-TREE-TRNK,LK-TREE-TRNK,165,82,0,2,10,1.10515e+07,8.48841e+06,1.10515e+07,8.48841e+06,6.0,6.0,1.10515e+07,8.48841e+06,36.0
Layer:LK-TREE-TRNK,LK-TREE-TRNK,165,82,0,2,10,1.10515e+07,8.48847e+06,1.10515e+07,8.48847e+06,6.0,6.0,1.10515e+07,8.48847e+06,36.0
Layer:LK-TREE-TRNK,LK-TREE-TRNK,165,82,0,2,10,1.10428e+07,8.48784e+06,1.10428e+07,8.48785e+06,6.0,6.0,1.10428e+07,8.48784e+06,36.0
Layer:LK-TREE-TRNK,LK-TREE-TRNK,165,82,0,2,10,1.10428e+07,8.48775e+06,1.10428e+07,8.48776e+06,6.0,6.0,1.10428e+07,8.48776e+06,36.0
Layer:LK-TREE-TRNK,LK-TREE-TRNK,165,82,0,2,10,1.10428e+07,8.48779e+06,1.10428e+07,8.4878e+06,6.0,6.0,1.10428e+07,8.48779e+06,36.0
Layer:LK-SHRB-TRNK,LK-SHRB-TRNK,0,255,0,2,10,1.1043e+07,8.49112e+06,1.1043e+07,8.49112e+06,2.0,2.0,1.1043e+07,8.49112e+06,4.0
Layer:LK-SHRB-TRNK,LK-SHRB-TRNK,0,255,0,2,10,1.1043e+07,8.4911e+06,1.1043e+07,8.4911e+06,2.0,2.0,1.1043e+07,8.4911e+06,4.0
Layer:LK-SHRB-TRNK,LK-SHRB-TRNK,0,255,0,2,10,1.1043e+07,8.49108e+06,1.1043e+07,8.49108e+06,2.0,2.0,1.1043e+07,8.49108e+06,4.0
Layer:LK-SHRB-TRNK,LK-SHRB-TRNK,0,255,0,2,10,1.10413e+07,8.48887e+06,1.10413e+07,8.48888e+06,2.0,2.0,1.10413e+07,8.48888e+06,4.0
Layer:LK-SHRB-TRNK,LK-SHRB-TRNK,0,255,0,2,10,1.10413e+07,8.48888e+06,1.10413e+07,8.48888e+06,2.0,2.0,1.10413e+07,8.48888e+06,4.0
Layer:LK-SHRB-TRNK,LK-SHRB-TRNK,0,255,0,2,10,1.10413e+07,8.48888e+06,1.10413e+07,8.48888e+06,2.0,2.0,1.10413e+07,8.48888e+06,4.0
Layer:LK-SHRB-TRNK,LK-SHRB-TRNK,0,255,0,2,10,1.10413e+07,8.48888e+06,1.10413e+07,8.48888e+06,2.0,2.0,1.10413e+07,8.48888e+06,4.0
Layer:LK-SHRB-TRNK,LK-SHRB-TRNK,0,255,0,2,10,1.10414e+07,8.48888e+06,1.10414e+07,8.48888e+06,2.0,2.0,1.10414e+07,8.48888e+06,4.0
Layer:LK-SHRB-TRNK,LK-SHRB-TRNK,0,255,0,2,10,1.10414e+07,8.48888e+06,1.10414e+07,8.48888e+06,2.0,2.0,1.10414e+07,8.48888e+06,4.0
Layer:LK-SHRB-TRNK,LK-SHRB-TRNK,0,255,0,2,10,1.10414e+07,8.48888e+06,1.10414e+07,8.48888e+06,2.0,2.0,1.10414e+07,8.48888e+06,4.0
Layer:LK-SHRB-TRNK,LK-SHRB-TRNK,0,255,0,2,10,1.10414e+07,8.48888e+06,1.10414e+07,8.48888e+06,2.0,2.0,1.10414e+07,8.48888e+06,4.0
Layer:LK-SHRB-TRNK,LK-SHRB-TRNK,0,255,0,2,10,1.10414e+07,8.48888e+06,1.10414e+07,8.48888e+06,2.0,2.0,1.10414e+07,8.48888e+06,4.0
Layer:LK-SHRB-TRNK,LK-SHRB-TRNK,0,255,0,2,10,1.10414e+07,8.48888e+06,1.10414e+07,8.48888e+06,2.0,2.0,1.10414e+07,8.48888e+06,4.0
Layer:LK-SHRB-TRNK,LK-SHRB-TRNK,0,255,0,2,10,1.10414e+07,8.4889e+06,1.10414e+07,8.4889e+06,2.0,2.0,1.10414e+07,8.4889e+06,4.0
Layer:LK-SHRB-TRNK,LK-SHRB-TRNK,0,255,0,2,10,1.10414e+07,8.48891e+06,1.10414e+07,8.48892e+06,2.0,2.0,1.10414e+07,8.48892e+06,4.0
Layer:LK-SHRB-TRNK,LK-SHRB-TRNK,0,255,0,2,10,1.10414e+07,8.48893e+06,1.10414e+07,8.48893e+06,2.0,2.0,1.10414e+07,8.48893e+06,4.0
Layer:LK-SHRB-TRNK,LK-SHRB-TRNK,0,255,0,2,10,1.10414e+07,8.48895e+06,1.10414e+07,8.48895e+06,2.0,2.0,1.10414e+07,8.48895e+06,4.0
Layer:LK-SHRB-TRNK,LK-SHRB-TRNK,0,255,0,2,10,1.10414e+07,8.48896e+06,1.10414e+07,8.48897e+06,2.0,2.0,1.10414e+07,8.48897e+06,4.0
Layer:LK-SHRB-TRNK,LK-SHRB-TRNK,0,255,0,2,10,1.10414e+07,8.48898e+06,1.10414e+07,8.48898e+06,2.0,2.0,1.10414e+07,8.48898e+06,4.0
Layer:LK-SHRB-TRNK,LK-SHRB-TRNK,0,255,0,2,10,1.10414e+07,8.489e+06,1.10414e+07,8.489e+06,2.0,2.0,1.10414e+07,8.489e+06,4.0
Layer:LK-SHRB-TRNK,LK-SHRB-TRNK,0,255,0,2,10,1.10414e+07,8.48902e+06,1.10414e+07,8.48902e+06,2.0,2.0,1.10414e+07,8.48902e+06,4.0
Layer:LK-SHRB-TRNK,LK-SHRB-TRNK,0,255,0,2,10,1.10414e+07,8.48903e+06,1.10414e+07,8.48904e+06,2.0,2.0,1.10414e+07,8.48904e+06,4.0
Layer:LK-SHRB-TRNK,LK-SHRB-TRNK,0,255,0,2,10,1.10414e+07,8.48905e+06,1.10414e+07,8.48905e+06,2.0,2.0,1.10414e+07,8.48905e+06,4.0
Layer:LK-SHRB-TRNK,LK-SHRB-TRNK,0,255,0,2,10,1.10414e+07,8.48907e+06,1.10414e+07,8.48907e+06,2.0,2.0,1.10414e+07,8.48907e+06,4.0
Layer:LK-SHRB-TRNK,LK-SHRB-TRNK,0,255,0,2,10,1.10414e+07,8.48908e+06,1.10414e+07,8.48909e+06,2.0,2.0,1.10414e+07,8.48909e+06,4.0
Layer:LK-SHRB-TRNK,LK-SHRB-TRNK,0,255,0,2,10,1.10414e+07,8.4891e+06,1.10414e+07,8.4891e+06,2.0,2.0,1.10414e+07,8.4891e+06,4.0
Layer:LK-SHRB-TRNK,LK-SHRB-TRNK,0,255,0,2,10,1.10414e+07,8.4891e+06,1.10414e+07,8.4891e+06,2.0,2.0,1.10414e+07,8.4891e+06,4.0
Layer:LK-SHRB-TRNK,LK-SHRB-TRNK,0,255,0,2,10,1.10413e+07,8.48753e+06,1.10413e+07,8.48753e+06,2.0,2.0,1.10413e+07,8.48753e+06,4.0
Layer:LK-SHRB-TRNK,LK-SHRB-TRNK,0,255,0,2,10,1.10413e+07,8.48753e+06,1.10413e+07,8.48753e+06,2.0,2.0,1.10413e+07,8.48753e+06,4.0
Layer:LK-SHRB-TRNK,LK-SHRB-TRNK,0,255,0,2,10,1.10413e+07,8.48753e+06,1.10413e+07,8.48753e+06,2.0,2.0,1.10413e+07,8.48753e+06,4.0
Layer:LK-SHRB-TRNK,LK-SHRB-TRNK,0,255,0,2,10,1.10413e+07,8.48753e+06,1.10413e+07,8.48753e+06,2.0,2.0,1.10413e+07,8.48753e+06,4.0
Layer:LK-SHRB-TRNK,LK-SHRB-TRNK,0,255,0,2,10,1.10413e+07,8.48753e+06,1.10414e+07,8.48753e+06,2.0,2.0,1.10413e+07,8.48753e+06,4.0
Layer:LK-SHRB-TRNK,LK-SHRB-TRNK,0,255,0,2,10,1.10414e+07,8.48753e+06,1.10414e+07,8.48753e+06,2.0,2.0,1.10414e+07,8.48753e+06,4.0
Layer:LK-SHRB-TRNK,LK-SHRB-TRNK,0,255,0,2,10,1.10414e+07,8.48753e+06,1.10414e+07,8.48753e+06,2.0,2.0,1.10414e+07,8.48753e+06,4.0
Layer:LK-SHRB-TRNK,LK-SHRB-TRNK,0,255,0,2,10,1.10414e+07,8.48753e+06,1.10414e+07,8.48753e+06,2.0,2.0,1.10414e+07,8.48753e+06,4.0
Layer:LK-SHRB-TRNK,LK-SHRB-TRNK,0,255,0,2,10,1.10414e+07,8.48753e+06,1.10414e+07,8.48753e+06,2.0,2.0,1.10414e+07,8.48753e+06,4.0
Layer:LK-SHRB-TRNK,LK-SHRB-TRNK,0,255,0,2,10,1.10414e+07,8.48753e+06,1.10414e+07,8.48753e+06,2.0,2.0,1.10414e+07,8.48753e+06,4.0
Layer:LK-SHRB-TRNK,LK-SHRB-TRNK,0,255,0,2,10,1.10414e+07,8.48753e+06,1.10415e+07,8.48753e+06,2.0,2.0,1.10414e+07,8.48753e+06,4.0
Layer:LK-SHRB-TRNK,LK-SHRB-TRNK,0,255,0,2,10,1.10414e+07,8.48714e+06,1.10414e+07,8.48715e+06,2.0,2.0,1.10414e+07,8.48715e+06,4.0
Layer:LK-SHRB-TRNK,LK-SHRB-TRNK,0,255,0,2,10,1.10414e+07,8.48714e+06,1.10414e+07,8.48715e+06,2.0,2.0,1.10414e+07,8.48715e+06,4.0
Layer:LK-SHRB-TRNK,LK-SHRB-TRNK,0,255,0,2,10,1.10414e+07,8.48714e+06,1.10414e+07,8.48715e+06,2.0,2.0,1.10414e+07,8.48715e+06,4.0
Layer:LK-SHRB-TRNK,LK-SHRB-TRNK,0,255,0,2,10,1.10414e+07,8.48714e+06,1.10414e+07,8.48715e+06,2.0,2.0,1.10414e+07,8.48715e+06,4.0
Layer:LK-SHRB-TRNK,LK-SHRB-TRNK,0,255,0,2,10,1.10414e+07,8.48714e+06,1.10414e+07,8.48715e+06,2.0,2.0,1.10414e+07,8.48715e+06,4.0
Layer:LK-SHRB-TRNK,LK-SHRB-TRNK,0,255,0,2,10,1.10413e+07,8.48715e+06,1.10413e+07,8.48715e+06,2.0,2.0,1.10413e+07,8.48715e+06,4.0
Layer:LK-SHRB-TRNK,LK-SHRB-TRNK,0,255,0,2,10,1.10413e+07,8.48715e+06,1.10413e+07,8.48715e+06,2.0,2.0,1.10413e+07,8.48715e+06,4.0
Layer:LK-SHRB-TRNK,LK-SHRB-TRNK,0,255,0,2,10,1.10413e+07,8.48715e+06,1.10413e+07,8.48715e+06,2.0,2.0,1.10413e+07,8.48715e+06,4.0
Layer:LK-SHRB-TRNK,LK-SHRB-TRNK,0,255,0,2,10,1.10413e+07,8.48715e+06,1.10413e+07,8.48715e+06,2.0,2.0,1.10413e+07,8.48715e+06,4.0
Layer:LK-SHRB-TRNK,LK-SHRB-TRNK,0,255,0,2,10,1.10413e+07,8.4853e+06,1.10413e+07,8.4853e+06,2.0,2.0,1.10413e+07,8.4853e+06,4.0
Layer:LK-SHRB-TRNK,LK-SHRB-TRNK,0,255,0,2,10,1.10413e+07,8.48528e+06,1.10413e+07,8.48529e+06,2.0,2.0,1.10413e+07,8.48528e+06,4.0
Layer:LK-SHRB-TRNK,LK-SHRB-TRNK,0,255,0,2,10,1.10413e+07,8.48527e+06,1.10413e+07,8.48527e+06,2.0,2.0,1.10413e+07,8.48527e+06,4.0
Layer:LK-SHRB-TRNK,LK-SHRB-TRNK,0,255,0,2,10,1.10413e+07,8.48527e+06,1.10413e+07,8.48527e+06,2.0,2.0,1.10413e+07,8.48527e+06,4.0
Layer:LK-SHRB-TRNK,LK-SHRB-TRNK,0,255,0,2,10,1.10413e+07,8.48527e+06,1.10413e+07,8.48527e+06,2.0,2.0,1.10413e+07,8.48527e+06,4.0
Layer:LK-SHRB-TRNK,LK-SHRB-TRNK,0,255,0,2,10,1.10413e+07,8.48527e+06,1.10413e+07,8.48527e+06,2.0,2.0,1.10413e+07,8.48527e+06,4.0
Layer:LK-SHRB-TRNK,LK-SHRB-TRNK,0,255,0,2,10,1.10414e+07,8.48527e+06,1.10414e+07,8.48527e+06,2.0,2.0,1.10414e+07,8.48527e+06,4.0
Layer:LK-SHRB-TRNK,LK-SHRB-TRNK,0,255,0,2,10,1.10414e+07,8.48527e+06,1.10414e+07,8.48527e+06,2.0,2.0,1.10414e+07,8.48527e+06,4.0
Layer:LK-SHRB-TRNK,LK-SHRB-TRNK,0,255,0,2,10,1.10414e+07,8.48527e+06,1.10414e+07,8.48527e+06,2.0,2.0,1.10414e+07,8.48527e+06,4.0
Layer:LK-SHRB-TRNK,LK-SHRB-TRNK,0,255,0,2,10,1.10414e+07,8.48527e+06,1.10414e+07,8.48527e+06,2.0,2.0,1.10414e+07,8.48527e+06,4.0
Layer:LK-SHRB-TRNK,LK-SHRB-TRNK,0,255,0,2,10,1.10414e+07,8.48527e+06,1.10414e+07,8.48527e+06,2.0,2.0,1.10414e+07,8.48527e+06,4.0
Layer:LK-SHRB-TRNK,LK-SHRB-TRNK,0,255,0,2,10,1.10414e+07,8.48527e+06,1.10414e+07,8.48527e+06,2.0,2.0,1.10414e+07,8.48527e+06,4.0
Layer:LK-SHRB-TRNK,LK-SHRB-TRNK,0,255,0,2,10,1.10415e+07,8.48527e+06,1.10415e+07,8.48527e+06,2.0,2.0,1.10415e+07,8.48527e+06,4.0
Layer:LK-SHRB-TRNK,LK-SHRB-TRNK,0,255,0,2,10,1.10444e+07,8.49113e+06,1.10444e+07,8.49113e+06,2.0,2.0,1.10444e+07,8.49113e+06,4.0
Layer:LK-SHRB-TRNK,LK-SHRB-TRNK,0,255,0,2,10,1.10444e+07,8.49111e+06,1.10444e+07,8.49111e+06,2.0,2.0,1.10444e+07,8.49111e+06,4.0
Layer:LK-SHRB-TRNK,LK-SHRB-TRNK,0,255,0,2,10,1.10444e+07,8.49109e+06,1.10444e+07,8.49109e+06,2.0,2.0,1.10444e+07,8.49109e+06,4.0
Layer:LK-SHRB-TRNK,LK-SHRB-TRNK,0,255,0,2,10,1.10444e+07,8.49107e+06,1.10444e+07,8.49108e+06,2.0,2.0,1.10444e+07,8.49107e+06,4.0
Layer:LK-SHRB-TRNK,LK-SHRB-TRNK,0,255,0,2,10,1.10444e+07,8.49106e+06,1.10444e+07,8.49106e+06,2.0,2.0,1.10444e+07,8.49106e+06,4.0
Layer:LK-SHRB-TRNK,LK-SHRB-TRNK,0,255,0,2,10,1.10444e+07,8.49104e+06,1.10444e+07,8.49104e+06,2.0,2.0,1.10444e+07,8.49104e+06,4.0
Layer:LK-SHRB-TRNK,LK-SHRB-TRNK,0,255,0,2,10,1.10444e+07,8.49102e+06,1.10444e+07,8.49102e+06,2.0,2.0,1.10444e+07,8.49102e+06,4.0
Layer:LK-SHRB-TRNK,LK-SHRB-TRNK,0,255,0,2,10,1.10444e+07,8.491e+06,1.10444e+07,8.491e+06,2.0,2.0,1.10444e+07,8.491e+06,4.0
Layer:LK-SHRB-TRNK,LK-SHRB-TRNK,0,255,0,2,10,1.10444e+07,8.49098e+06,1.10444e+07,8.49099e+06,2.0,2.0,1.10444e+07,8.49098e+06,4.0
Layer:LK-SHRB-TRNK,LK-SHRB-TRNK,0,255,0,2,10,1.10444e+07,8.49097e+06,1.10444e+07,8.49097e+06,2.0,2.0,1.10444e+07,8.49097e+06,4.0
Layer:LK-SHRB-TRNK,LK-SHRB-TRNK,0,255,0,2,10,1.10444e+07,8.49095e+06,1.10444e+07,8.49095e+06,2.0,2.0,1.10444e+07,8.49095e+06,4.0
Layer:LK-SHRB-TRNK,LK-SHRB-TRNK,0,255,0,2,10,1.10444e+07,8.49093e+06,1.10444e+07,8.49093e+06,2.0,2.0,1.10444e+07,8.49093e+06,4.0
Layer:LK-SHRB-TRNK,LK-SHRB-TRNK,0,255,0,2,10,1.10444e+07,8.49093e+06,1.10444e+07,8.49093e+06,2.0,2.0,1.10444e+07,8.49093e+06,4.0
Layer:LK-SHRB-TRNK,LK-SHRB-TRNK,0,255,0,2,10,1.10444e+07,8.49093e+06,1.10444e+07,8.49093e+06,2.0,2.0,1.10444e+07,8.49093e+06,4.0
Layer:LK-SHRB-TRNK,LK-SHRB-TRNK,0,255,0,2,10,1.10444e+07,8.49093e+06,1.10444e+07,8.49093e+06,2.0,2.0,1.10444e+07,8.49093e+06,4.0
Layer:LK-SHRB-TRNK,LK-SHRB-TRNK,0,255,0,2,10,1.10444e+07,8.49093e+06,1.10444e+07,8.49093e+06,2.0,2.0,1.10444e+07,8.49093e+06,4.0
Layer:LK-SHRB-TRNK,LK-SHRB-TRNK,0,255,0,2,10,1.10445e+07,8.49093e+06,1.10445e+07,8.49093e+06,2.0,2.0,1.10445e+07,8.49093e+06,4.0
Layer:LK-SHRB-TRNK,LK-SHRB-TRNK,0,255,0,2,10,1.10445e+07,8.49093e+06,1.10445e+07,8.49093e+06,2.0,2.0,1.10445e+07,8.49093e+06,4.0
Layer:LK-SHRB-TRNK,LK-SHRB-TRNK,0,255,0,2,10,1.10445e+07,8.49093e+06,1.10445e+07,8.49093e+06,2.0,2.0,1.10445e+07,8.49093e+06,4.0
Layer:LK-SHRB-TRNK,LK-SHRB-TRNK,0,255,0,2,10,1.10445e+07,8.49093e+06,1.10445e+07,8.49093e+06,2.0,2.0,1.10445e+07,8.49093e+06,4.0
Layer:LK-SHRB-TRNK,LK-SHRB-TRNK,0,255,0,2,10,1.10445e+07,8.49093e+06,1.10445e+07,8.49093e+06,2.0,2.0,1.10445e+07,8.49093e+06,4.0
Layer:LK-SHRB-TRNK,LK-SHRB-TRNK,0,255,0,2,10,1.10445e+07,8.49093e+06,1.10445e+07,8.49093e+06,2.0,2.0,1.10445e+07,8.49093e+06,4.0
Layer:LK-SHRB-TRNK,LK-SHRB-TRNK,0,255,0,2,10,1.10446e+07,8.49093e+06,1.10446e+07,8.49093e+06,2.0,2.0,1.10446e+07,8.49093e+06,4.0
Layer:LK-SHRB-TRNK,LK-SHRB-TRNK,0,255,0,2,10,1.10446e+07,8.49093e+06,1.10446e+07,8.49093e+06,2.0,2.0,1.10446e+07,8.49093e+06,4.0
Layer:LK-SHRB-TRNK,LK-SHRB-TRNK,0,255,0,2,10,1.10446e+07,8.49093e+06,1.10446e+07,8.49093e+06,2.0,2.0,1.10446e+07,8.49093e+06,4.0
Layer:LK-SHRB-TRNK,LK-SHRB-TRNK,0,255,0,2,10,1.10446e+07,8.49095e+06,1.10446e+07,8.49095e+06,2.0,2.0,1.10446e+07,8.49095e+06,4.0
Layer:LK-SHRB-TRNK,LK-SHRB-TRNK,0,255,0,2,10,1.10446e+07,8.49097e+06,1.10446e+07,8.49097e+06,2.0,2.0,1.10446e+07,8.49097e+06,4.0
Layer:LK-SHRB-TRNK,LK-SHRB-TRNK,0,255,0,2,10,1.10446e+07,8.49098e+06,1.10446e+07,8.49099e+06,2.0,2.0,1.10446e+07,8.49099e+06,4.0
Layer:LK-SHRB-TRNK,LK-SHRB-TRNK,0,255,0,2,10,1.10446e+07,8.491e+06,1.10446e+07,8.491e+06,2.0,2.0,1.10446e+07,8.491e+06,4.0
Layer:LK-SHRB-TRNK,LK-SHRB-TRNK,0,255,0,2,10,1.10446e+07,8.49102e+06,1.10446e+07,8.49102e+06,2.0,2.0,1.10446e+07,8.49102e+06,4.0
Layer:LK-SHRB-TRNK,LK-SHRB-TRNK,0,255,0,2,10,1.10446e+07,8.49104e+06,1.10446e+07,8.49104e+06,2.0,2.0,1.10446e+07,8.49104e+06,4.0
Layer:LK-SHRB-TRNK,LK-SHRB-TRNK,0,255,0,2,10,1.10446e+07,8.49105e+06,1.10446e+07,8.49106e+06,2.0,2.0,1.10446e+07,8.49106e+06,4.0
Layer:LK-SHRB-TRNK,LK-SHRB-TRNK,0,255,0,2,10,1.10446e+07,8.49107e+06,1.10446e+07,8.49107e+06,2.0,2.0,1.10446e+07,8.49107e+06,4.0
Layer:LK-SHRB-TRNK,LK-SHRB-TRNK,0,255,0,2,10,1.10446e+07,8.49109e+06,1.10446e+07,8.49109e+06,2.0,2.0,1.10446e+07,8.49109e+06,4.0
Layer:LK-SHRB-TRNK,LK-SHRB-TRNK,0,255,0,2,10,1.10446e+07,8.49111e+06,1.10446e+07,8.49111e+06,2.0,2.0,1.10446e+07,8.49111e+06,4.0
Layer:LK-SHRB-TRNK,LK-SHRB-TRNK,0,255,0,2,10,1.10446e+07,8.49112e+06,1.10446e+07,8.49113e+06,2.0,2.0,1.10446e+07,8.49112e+06,4.0
Layer:LK-SHRB-TRNK,LK-SHRB-TRNK,0,255,0,2,10,1.10491e+07,8.49115e+06,1.10491e+07,8.49116e+06,2.0,2.0,1.10491e+07,8.49115e+06,4.0
Layer:LK-SHRB-TRNK,LK-SHRB-TRNK,0,255,0,2,10,1.10491e+07,8.49114e+06,1.10491e+07,8.49114e+06,2.0,2.0,1.10491e+07,8.49114e+06,4.0
Layer:LK-SHRB-TRNK,LK-SHRB-TRNK,0,255,0,2,10,1.10491e+07,8.49112e+06,1.10491e+07,8.49112e+06,2.0,2.0,1.10491e+07,8.49112e+06,4.0
Layer:LK-SHRB-TRNK,LK-SHRB-TRNK,0,255,0,2,10,1.10491e+07,8.4911e+06,1.10491e+07,8.4911e+06,2.0,2.0,1.10491e+07,8.4911e+06,4.0
Layer:LK-SHRB-TRNK,LK-SHRB-TRNK,0,255,0,2,10,1.10491e+07,8.49108e+06,1.10491e+07,8.49108e+06,2.0,2.0,1.10491e+07,8.49108e+06,4.0
Layer:LK-SHRB-TRNK,LK-SHRB-TRNK,0,255,0,2,10,1.10491e+07,8.49106e+06,1.10491e+07,8.49107e+06,2.0,2.0,1.10491e+07,8.49106e+06,4.0
Layer:LK-SHRB-TRNK,LK-SHRB-TRNK,0,255,0,2,10,1.10491e+07,8.49105e+06,1.10491e+07,8.49105e+06,2.0,2.0,1.10491e+07,8.49105e+06,4.0
Layer:LK-SHRB-TRNK,LK-SHRB-TRNK,0,255,0,2,10,1.10491e+07,8.49103e+06,1.10491e+07,8.49103e+06,2.0,2.0,1.10491e+07,8.49103e+06,4.0
Layer:LK-SHRB-TRNK,LK-SHRB-TRNK,0,255,0,2,10,1.10491e+07,8.49101e+06,1.10491e+07,8.49101e+06,2.0,2.0,1.10491e+07,8.49101e+06,4.0
Layer:LK-SHRB-TRNK,LK-SHRB-TRNK,0,255,0,2,10,1.10491e+07,8.49099e+06,1.10491e+07,8.491e+06,2.0,2.0,1.10491e+07,8.49099e+06,4.0
Layer:LK-SHRB-TRNK,LK-SHRB-TRNK,0,255,0,2,10,1.10491e+07,8.49098e+06,1.10491e+07,8.49098e+06,2.0,2.0,1.10491e+07,8.49098e+06,4.0
Layer:LK-SHRB-TRNK,LK-SHRB-TRNK,0,255,0,2,10,1.10491e+07,8.49096e+06,1.10491e+07,8.49096e+06,2.0,2.0,1.10491e+07,8.49096e+06,4.0
Layer:LK-SHRB-TRNK,LK-SHRB-TRNK,0,255,0,2,10,1.10492e+07,8.49096e+06,1.10492e+07,8.49096e+06,2.0,2.0,1.10492e+07,8.49096e+06,4.0
Layer:LK-SHRB-TRNK,LK-SHRB-TRNK,0,255,0,2,10,1.10492e+07,8.49096e+06,1.10492e+07,8.49096e+06,2.0,2.0,1.10492e+07,8.49096e+06,4.0
Layer:LK-SHRB-TRNK,LK-SHRB-TRNK,0,255,0,2,10,1.10492e+07,8.49096e+06,1.10492e+07,8.49096e+06,2.0,2.0,1.10492e+07,8.49096e+06,4.0
Layer:LK-SHRB-TRNK,LK-SHRB-TRNK,0,255,0,2,10,1.10492e+07,8.49096e+06,1.10492e+07,8.49096e+06,2.0,2.0,1.10492e+07,8.49096e+06,4.0
Layer:LK-SHRB-TRNK,LK-SHRB-TRNK,0,255,0,2,10,1.10492e+07,8.49096e+06,1.10492e+07,8.49096e+06,2.0,2.0,1.10492e+07,8.49096e+06,4.0
Layer:LK-SHRB-TRNK,LK-SHRB-TRNK,0,255,0,2,10,1.10492e+07,8.49096e+06,1.10493e+07,8.49096e+06,2.0,2.0,1.10492e+07,8.49096e+06,4.0
Layer:LK-SHRB-TRNK,LK-SHRB-TRNK,0,255,0,2,10,1.10493e+07,8.49096e+06,1.10493e+07,8.49096e+06,2.0,2.0,1.10493e+07,8.49096e+06,4.0
Layer:LK-SHRB-TRNK,LK-SHRB-TRNK,0,255,0,2,10,1.10493e+07,8.49096e+06,1.10493e+07,8.49096e+06,2.0,2.0,1.10493e+07,8.49096e+06,4.0
Layer:LK-SHRB-TRNK,LK-SHRB-TRNK,0,255,0,2,10,1.10493e+07,8.49096e+06,1.10493e+07,8.49096e+06,2.0,2.0,1.10493e+07,8.49096e+06,4.0
Layer:LK-SHRB-TRNK,LK-SHRB-TRNK,0,255,0,2,10,1.10493e+07,8.49096e+06,1.10493e+07,8.49096e+06,2.0,2.0,1.10493e+07,8.49096e+06,4.0
Layer:LK-SHRB-TRNK,LK-SHRB-TRNK,0,255,0,2,10,1.10493e+07,8.49096e+06,1.10493e+07,8.49096e+06,2.0,2.0,1.10493e+07,8.49096e+06,4.0
Layer:LK-SHRB-TRNK,LK-SHRB-TRNK,0,255,0,2,10,1.10494e+07,8.49096e+06,1.10494e+07,8.49096e+06,2.0,2.0,1.10494e+07,8.49096e+06,4.0
Layer:LK-SHRB-TRNK,LK-SHRB-TRNK,0,255,0,2,10,1.10494e+07,8.49096e+06,1.10494e+07,8.49096e+06,2.0,2.0,1.10494e+07,8.49096e+06,4.0
Layer:LK-SHRB-TRNK,LK-SHRB-TRNK,0,255,0,2,10,1.10494e+07,8.49098e+06,1.10494e+07,8.49098e+06,2.0,2.0,1.10494e+07,8.49098e+06,4.0
Layer:LK-SHRB-TRNK,LK-SHRB-TRNK,0,255,0,2,10,1.10494e+07,8.49099e+06,1.10494e+07,8.491e+06,2.0,2.0,1.10494e+07,8.49099e+06,4.0
Layer:LK-SHRB-TRNK,LK-SHRB-TRNK,0,255,0,2,10,1.10494e+07,8.49101e+06,1.10494e+07,8.49101e+06,2.0,2.0,1.10494e+07,8.49101e+06,4.0
Layer:LK-SHRB-TRNK,LK-SHRB-TRNK,0,255,0,2,10,1.10494e+07,8.49103e+06,1.10494e+07,8.49103e+06,2.0,2.0,1.10494e+07,8.49103e+06,4.0
Layer:LK-SHRB-TRNK,LK-SHRB-TRNK,0,255,0,2,10,1.10494e+07,8.49105e+06,1.10494e+07,8.49105e+06,2.0,2.0,1.10494e+07,8.49105e+06,4.0
Layer:LK-SHRB-TRNK,LK-SHRB-TRNK,0,255,0,2,10,1.10494e+07,8.49106e+06,1.10494e+07,8.49106e+06,2.0,2.0,1.10494e+07,8.49106e+06,4.0
Layer:LK-SHRB-TRNK,LK-SHRB-TRNK,0,255,0,2,10,1.10494e+07,8.49108e+06,1.10494e+07,8.49108e+06,2.0,2.0,1.10494e+07,8.49108e+06,4.0
Layer:LK-SHRB-TRNK,LK-SHRB-TRNK,0,255,0,2,10,1.10494e+07,8.4911e+06,1.10494e+07,8.4911e+06,2.0,2.0,1.10494e+07,8.4911e+06,4.0
Layer:LK-SHRB-TRNK,LK-SHRB-TRNK,0,255,0,2,10,1.10494e+07,8.49112e+06,1.10494e+07,8.49112e+06,2.0,2.0,1.10494e+07,8.49112e+06,4.0
Layer:LK-SHRB-TRNK,LK-SHRB-TRNK,0,255,0,2,10,1.10494e+07,8.49113e+06,1.10494e+07,8.49114e+06,2.0,2.0,1.10494e+07,8.49114e+06,4.0
Layer:LK-SHRB-TRNK,LK-SHRB-TRNK,0,255,0,2,10,1.10494e+07,8.49115e+06,1.10494e+07,8.49115e+06,2.0,2.0,1.10494e+07,8.49115e+06,4.0
Layer:LK-SHRB-TRNK,LK-SHRB-TRNK,0,255,0,2,10,1.1053e+07,8.48831e+06,1.1053e+07,8.48831e+06,2.0,2.0,1.1053e+07,8.48831e+06,4.0
Layer:LK-SHRB-TRNK,LK-SHRB-TRNK,0,255,0,2,10,1.10529e+07,8.48831e+06,1.10529e+07,8.48831e+06,2.0,2.0,1.10529e+07,8.48831e+06,4.0
Layer:LK-SHRB-TRNK,LK-SHRB-TRNK,0,255,0,2,10,1.1053e+07,8.48831e+06,1.1053e+07,8.48831e+06,2.0,2.0,1.1053e+07,8.48831e+06,4.0
Layer:LK-SHRB-TRNK,LK-SHRB-TRNK,0,255,0,2,10,1.10529e+07,8.48831e+06,1.10529e+07,8.48831e+06,2.0,2.0,1.10529e+07,8.48831e+06,4.0
Layer:LK-SHRB-TRNK,LK-SHRB-TRNK,0,255,0,2,10,1.10529e+07,8.48831e+06,1.10529e+07,8.48831e+06,2.0,2.0,1.10529e+07,8.48831e+06,4.0
Layer:LK-SHRB-TRNK,LK-SHRB-TRNK,0,255,0,2,10,1.10529e+07,8.48831e+06,1.10529e+07,8.48831e+06,2.0,2.0,1.10529e+07,8.48831e+06,4.0
Layer:LK-SHRB-TRNK,LK-SHRB-TRNK,0,255,0,2,10,1.10529e+07,8.48831e+06,1.10529e+07,8.48831e+06,2.0,2.0,1.10529e+07,8.48831e+06,4.0
Layer:LK-SHRB-TRNK,LK-SHRB-TRNK,0,255,0,2,10,1.10528e+07,8.48831e+06,1.10528e+07,8.48831e+06,2.0,2.0,1.10528e+07,8.48831e+06,4.0
Layer:LK-SHRB-TRNK,LK-SHRB-TRNK,0,255,0,2,10,1.10528e+07,8.48831e+06,1.10528e+07,8.48831e+06,2.0,2.0,1.10528e+07,8.48831e+06,4.0
Layer:LK-SHRB-TRNK,LK-SHRB-TRNK,0,255,0,2,10,1.10528e+07,8.48831e+06,1.10528e+07,8.48831e+06,2.0,2.0,1.10528e+07,8.48831e+06,4.0
Layer:LK-SHRB-TRNK,LK-SHRB-TRNK,0,255,0,2,10,1.10528e+07,8.48831e+06,1.10528e+07,8.48831e+06,2.0,2.0,1.10528e+07,8.48831e+06,4.0
Layer:LK-SHRB-TRNK,LK-SHRB-TRNK,0,255,0,2,10,1.10528e+07,8.48829e+06,1.10528e+07,8.48829e+06,2.0,2.0,1.10528e+07,8.48829e+06,4.0
Layer:LK-SHRB-TRNK,LK-SHRB-TRNK,0,255,0,2,10,1.10528e+07,8.48828e+06,1.10528e+07,8.48828e+06,2.0,2.0,1.10528e+07,8.48828e+06,4.0
Layer:LK-SHRB-TRNK,LK-SHRB-TRNK,0,255,0,2,10,1.10528e+07,8.48826e+06,1.10528e+07,8.48826e+06,2.0,2.0,1.10528e+07,8.48826e+06,4.0
Layer:LK-SHRB-TRNK,LK-SHRB-TRNK,0,255,0,2,10,1.10528e+07,8.48824e+06,1.10528e+07,8.48824e+06,2.0,2.0,1.10528e+07,8.48824e+06,4.0
Layer:LK-SHRB-TRNK,LK-SHRB-TRNK,0,255,0,2,10,1.10528e+07,8.48822e+06,1.10528e+07,8.48823e+06,2.0,2.0,1.10528e+07,8.48823e+06,4.0
Layer:LK-SHRB-TRNK,LK-SHRB-TRNK,0,255,0,2,10,1.10528e+07,8.48821e+06,1.10528e+07,8.48821e+06,2.0,2.0,1.10528e+07,8.48821e+06,4.0
Layer:LK-SHRB-TRNK,LK-SHRB-TRNK,0,255,0,2,10,1.10528e+07,8.48819e+06,1.10528e+07,8.48819e+06,2.0,2.0,1.10528e+07,8.48819e+06,4.0
Layer:LK-SHRB-TRNK,LK-SHRB-TRNK,0,255,0,2,10,1.10528e+07,8.48817e+06,1.10528e+07,8.48818e+06,2.0,2.0,1.10528e+07,8.48818e+06,4.0
Layer:LK-SHRB-TRNK,LK-SHRB-TRNK,0,255,0,2,10,1.10528e+07,8.48816e+06,1.10528e+07,8.48816e+06,2.0,2.0,1.10528e+07,8.48816e+06,4.0
Layer:LK-SHRB-TRNK,LK-SHRB-TRNK,0,255,0,2,10,1.10528e+07,8.48814e+06,1.10528e+07,8.48814e+06,2.0,2.0,1.10528e+07,8.48814e+06,4.0
Layer:LK-SHRB-TRNK,LK-SHRB-TRNK,0,255,0,2,10,1.10528e+07,8.48812e+06,1.10528e+07,8.48812e+06,2.0,2.0,1.10528e+07,8.48812e+06,4.0
Layer:LK-SHRB-TRNK,LK-SHRB-TRNK,0,255,0,2,10,1.10528e+07,8.48811e+06,1.10528e+07,8.48811e+06,2.0,2.0,1.10528e+07,8.48811e+06,4.0
Layer:LK-SHRB-TRNK,LK-SHRB-TRNK,0,255,0,2,10,1.10528e+07,8.48809e+06,1.10528e+07,8.48809e+06,2.0,2.0,1.10528e+07,8.48809e+06,4.0
Layer:LK-SHRB-TRNK,LK-SHRB-TRNK,0,255,0,2,10,1.10528e+07,8.48809e+06,1.10528e+07,8.48809e+06,2.0,2.0,1.10528e+07,8.48809e+06,4.0
Layer:LK-SHRB-TRNK,LK-SHRB-TRNK,0,255,0,2,10,1.10528e+07,8.48809e+06,1.10528e+07,8.48809e+06,2.0,2.0,1.10528e+07,8.48809e+06,4.0
Layer:LK-SHRB-TRNK,LK-SHRB-TRNK,0,255,0,2,10,1.10528e+07,8.48809e+06,1.10528e+07,8.48809e+06,2.0,2.0,1.10528e+07,8.48809e+06,4.0
Layer:LK-SHRB-TRNK,LK-SHRB-TRNK,0,255,0,2,10,1.10529e+07,8.48809e+06,1.10529e+07,8.48809e+06,2.0,2.0,1.10529e+07,8.48809e+06,4.0
Layer:LK-SHRB-TRNK,LK-SHRB-TRNK,0,255,0,2,10,1.10529e+07,8.48809e+06,1.10529e+07,8.48809e+06,2.0,2.0,1.10529e+07,8.48809e+06,4.0
Layer:LK-SHRB-TRNK,LK-SHRB-TRNK,0,255,0,2,10,1.10529e+07,8.48809e+06,1.10529e+07,8.48809e+06,2.0,2.0,1.10529e+07,8.48809e+06,4.0
Layer:LK-SHRB-TRNK,LK-SHRB-TRNK,0,255,0,2,10,1.10529e+07,8.48809e+06,1.10529e+07,8.48809e+06,2.0,2.0,1.10529e+07,8.48809e+06,4.0
Layer:LK-SHRB-TRNK,LK-SHRB-TRNK,0,255,0,2,10,1.10529e+07,8.48809e+06,1.10529e+07,8.48809e+06,2.0,2.0,1.10529e+07,8.48809e+06,4.0
Layer:LK-SHRB-TRNK,LK-SHRB-TRNK,0,255,0,2,10,1.10529e+07,8.48809e+06,1.10529e+07,8.48809e+06,2.0,2.0,1.10529e+07,8.48809e+06,4.0
Layer:LK-SHRB-TRNK,LK-SHRB-TRNK,0,255,0,2,10,1.1053e+07,8.48809e+06,1.1053e+07,8.48809e+06,2.0,2.0,1.1053e+07,8.48809e+06,4.0
Layer:LK-SHRB-TRNK,LK-SHRB-TRNK,0,255,0,2,10,1.1053e+07,8.48679e+06,1.1053e+07,8.48679e+06,2.0,2.0,1.1053e+07,8.48679e+06,4.0
Layer:LK-SHRB-TRNK,LK-SHRB-TRNK,0,255,0,2,10,1.1053e+07,8.48679e+06,1.1053e+07,8.48679e+06,2.0,2.0,1.1053e+07,8.48679e+06,4.0
Layer:LK-SHRB-TRNK,LK-SHRB-TRNK,0,255,0,2,10,1.10529e+07,8.48679e+06,1.10529e+07,8.48679e+06,2.0,2.0,1.10529e+07,8.48679e+06,4.0
Layer:LK-SHRB-TRNK,LK-SHRB-TRNK,0,255,0,2,10,1.10529e+07,8.48679e+06,1.10529e+07,8.48679e+06,2.0,2.0,1.10529e+07,8.48679e+06,4.0
Layer:LK-SHRB-TRNK,LK-SHRB-TRNK,0,255,0,2,10,1.10529e+07,8.48679e+06,1.10529e+07,8.48679e+06,2.0,2.0,1.10529e+07,8.48679e+06,4.0
Layer:LK-SHRB-TRNK,LK-SHRB-TRNK,0,255,0,2,10,1.10529e+07,8.48679e+06,1.10529e+07,8.48679e+06,2.0,2.0,1.10529e+07,8.48679e+06,4.0
Layer:LK-SHRB-TRNK,LK-SHRB-TRNK,0,255,0,2,10,1.10529e+07,8.48679e+06,1.10529e+07,8.48679e+06,2.0,2.0,1.10529e+07,8.48679e+06,4.0
Layer:LK-SHRB-TRNK,LK-SHRB-TRNK,0,255,0,2,10,1.10529e+07,8.48678e+06,1.10529e+07,8.48679e+06,2.0,2.0,1.10529e+07,8.48679e+06,4.0
Layer:LK-SHRB-TRNK,LK-SHRB-TRNK,0,255,0,2,10,1.10528e+07,8.48678e+06,1.10528e+07,8.48679e+06,2.0,2.0,1.10528e+07,8.48679e+06,4.0
Layer:LK-SHRB-TRNK,LK-SHRB-TRNK,0,255,0,2,10,1.10528e+07,8.48678e+06,1.10528e+07,8.48679e+06,2.0,2.0,1.10528e+07,8.48679e+06,4.0
Layer:LK-SHRB-TRNK,LK-SHRB-TRNK,0,255,0,2,10,1.10528e+07,8.48678e+06,1.10528e+07,8.48679e+06,2.0,2.0,1.10528e+07,8.48679e+06,4.0
Layer:LK-SHRB-TRNK,LK-SHRB-TRNK,0,255,0,2,10,1.10528e+07,8.4868e+06,1.10528e+07,8.4868e+06,2.0,2.0,1.10528e+07,8.4868e+06,4.0
Layer:LK-SHRB-TRNK,LK-SHRB-TRNK,0,255,0,2,10,1.10528e+07,8.48682e+06,1.10528e+07,8.48682e+06,2.0,2.0,1.10528e+07,8.48682e+06,4.0
Layer:LK-SHRB-TRNK,LK-SHRB-TRNK,0,255,0,2,10,1.10528e+07,8.48684e+06,1.10528e+07,8.48684e+06,2.0,2.0,1.10528e+07,8.48684e+06,4.0
Layer:LK-SHRB-TRNK,LK-SHRB-TRNK,0,255,0,2,10,1.10528e+07,8.48685e+06,1.10528e+07,8.48686e+06,2.0,2.0,1.10528e+07,8.48685e+06,4.0
Layer:LK-SHRB-TRNK,LK-SHRB-TRNK,0,255,0,2,10,1.10528e+07,8.48687e+06,1.10528e+07,8.48687e+06,2.0,2.0,1.10528e+07,8.48687e+06,4.0
Layer:LK-SHRB-TRNK,LK-SHRB-TRNK,0,255,0,2,10,1.10528e+07,8.48689e+06,1.10528e+07,8.48689e+06,2.0,2.0,1.10528e+07,8.48689e+06,4.0
Layer:LK-SHRB-TRNK,LK-SHRB-TRNK,0,255,0,2,10,1.10528e+07,8.4869e+06,1.10528e+07,8.48691e+06,2.0,2.0,1.10528e+07,8.48691e+06,4.0
Layer:LK-SHRB-TRNK,LK-SHRB-TRNK,0,255,0,2,10,1.10528e+07,8.48692e+06,1.10528e+07,8.48692e+06,2.0,2.0,1.10528e+07,8.48692e+06,4.0
Layer:LK-SHRB-TRNK,LK-SHRB-TRNK,0,255,0,2,10,1.10528e+07,8.48694e+06,1.10528e+07,8.48694e+06,2.0,2.0,1.10528e+07,8.48694e+06,4.0
Layer:LK-SHRB-TRNK,LK-SHRB-TRNK,0,255,0,2,10,1.10528e+07,8.48696e+06,1.10528e+07,8.48696e+06,2.0,2.0,1.10528e+07,8.48696e+06,4.0
Layer:LK-SHRB-TRNK,LK-SHRB-TRNK,0,255,0,2,10,1.10528e+07,8.48697e+06,1.10528e+07,8.48697e+06,2.0,2.0,1.10528e+07,8.48697e+06,4.0
Layer:LK-SHRB-TRNK,LK-SHRB-TRNK,0,255,0,2,10,1.10528e+07,8.48699e+06,1.10528e+07,8.48699e+06,2.0,2.0,1.10528e+07,8.48699e+06,4.0
Layer:LK-SHRB-TRNK,LK-SHRB-TRNK,0,255,0,2,10,1.10528e+07,8.48701e+06,1.10528e+07,8.48701e+06,2.0,2.0,1.10528e+07,8.48701e+06,4.0
Layer:LK-SHRB-TRNK,LK-SHRB-TRNK,0,255,0,2,10,1.10528e+07,8.48701e+06,1.10528e+07,8.48701e+06,2.0,2.0,1.10528e+07,8.48701e+06,4.0
Layer:LK-SHRB-TRNK,LK-SHRB-TRNK,0,255,0,2,10,1.10528e+07,8.48701e+06,1.10528e+07,8.48701e+06,2.0,2.0,1.10528e+07,8.48701e+06,4.0
Layer:LK-SHRB-TRNK,LK-SHRB-TRNK,0,255,0,2,10,1.10528e+07,8.48701e+06,1.10529e+07,8.48701e+06,2.0,2.0,1.10529e+07,8.48701e+06,4.0
Layer:LK-SHRB-TRNK,LK-SHRB-TRNK,0,255,0,2,10,1.10529e+07,8.48701e+06,1.10529e+07,8.48701e+06,2.0,2.0,1.10529e+07,8.48701e+06,4.0
Layer:LK-SHRB-TRNK,LK-SHRB-TRNK,0,255,0,2,10,1.10529e+07,8.48701e+06,1.10529e+07,8.48701e+06,2.0,2.0,1.10529e+07,8.48701e+06,4.0
Layer:LK-SHRB-TRNK,LK-SHRB-TRNK,0,255,0,2,10,1.10529e+07,8.48701e+06,1.10529e+07,8.48701e+06,2.0,2.0,1.10529e+07,8.48701e+06,4.0
Layer:LK-SHRB-TRNK,LK-SHRB-TRNK,0,255,0,2,10,1.10529e+07,8.48701e+06,1.10529e+07,8.48701e+06,2.0,2.0,1.10529e+07,8.48701e+06,4.0
Layer:LK-SHRB-TRNK,LK-SHRB-TRNK,0,255,0,2,10,1.10529e+07,8.48701e+06,1.10529e+07,8.48701e+06,2.0,2.0,1.10529e+07,8.48701e+06,4.0
Layer:LK-SHRB-TRNK,LK-SHRB-TRNK,0,255,0,2,10,1.1053e+07,8.48701e+06,1.1053e+07,8.48701e+06,2.0,2.0,1.1053e+07,8.48701e+06,4.0
Layer:LK-SHRB-TRNK,LK-SHRB-TRNK,0,255,0,2,10,1.1053e+07,8.48701e+06,1.1053e+07,8.48701e+06,2.0,2.0,1.1053e+07,8.48701e+06,4.0
Layer:LK-SHRB-TRNK,LK-SHRB-TRNK,0,255,0,2,10,1.1053e+07,8.48518e+06,1.1053e+07,8.48518e+06,2.0,2.0,1.1053e+07,8.48518e+06,4.0
Layer:LK-SHRB-TRNK,LK-SHRB-TRNK,0,255,0,2,10,1.1053e+07,8.48518e+06,1.1053e+07,8.48518e+06,2.0,2.0,1.1053e+07,8.48518e+06,4.0
Layer:LK-SHRB-TRNK,LK-SHRB-TRNK,0,255,0,2,10,1.1053e+07,8.48518e+06,1.1053e+07,8.48518e+06,2.0,2.0,1.1053e+07,8.48518e+06,4.0
Layer:LK-SHRB-TRNK,LK-SHRB-TRNK,0,255,0,2,10,1.10529e+07,8.48517e+06,1.10529e+07,8.48518e+06,2.0,2.0,1.10529e+07,8.48518e+06,4.0
Layer:LK-SHRB-TRNK,LK-SHRB-TRNK,0,255,0,2,10,1.10529e+07,8.48517e+06,1.10529e+07,8.48518e+06,2.0,2.0,1.10529e+07,8.48518e+06,4.0
Layer:LK-SHRB-TRNK,LK-SHRB-TRNK,0,255,0,2,10,1.10529e+07,8.48517e+06,1.10529e+07,8.48518e+06,2.0,2.0,1.10529e+07,8.48518e+06,4.0
Layer:LK-SHRB-TRNK,LK-SHRB-TRNK,0,255,0,2,10,1.10529e+07,8.48517e+06,1.10529e+07,8.48518e+06,2.0,2.0,1.10529e+07,8.48518e+06,4.0
Layer:LK-SHRB-TRNK,LK-SHRB-TRNK,0,255,0,2,10,1.10529e+07,8.48517e+06,1.10529e+07,8.48518e+06,2.0,2.0,1.10529e+07,8.48518e+06,4.0
Layer:LK-SHRB-TRNK,LK-SHRB-TRNK,0,255,0,2,10,1.10528e+07,8.48517e+06,1.10528e+07,8.48518e+06,2.0,2.0,1.10528e+07,8.48518e+06,4.0
Layer:LK-SHRB-TRNK,LK-SHRB-TRNK,0,255,0,2,10,1.10528e+07,8.48517e+06,1.10528e+07,8.48518e+06,2.0,2.0,1.10528e+07,8.48518e+06,4.0
Layer:LK-SHRB-TRNK,LK-SHRB-TRNK,0,255,0,2,10,1.10528e+07,8.48517e+06,1.10528e+07,8.48518e+06,2.0,2.0,1.10528e+07,8.48518e+06,4.0
Layer:LK-TREE-TRNK,LK-TREE-TRNK,165,82,0,2,10,1.1047e+07,8.48723e+06,1.10471e+07,8.48726e+06,28.0,30.0,1.10471e+07,8.48724e+06,840.0
Layer:LK-TREE-TRNK,LK-TREE-TRNK,165,82,0,2,10,1.10472e+07,8.48723e+06,1.10473e+07,8.48726e+06,28.0,30.0,1.10472e+07,8.48724e+06,840.0
Layer:LK-TREE-TRNK,LK-TREE-TRNK,165,82,0,2,10,1.10468e+07,8.48946e+06,1.10468e+07,8.48949e+06,28.0,30.0,1.10468e+07,8.48948e+06,840.0
Layer:LK-TREE-TRNK,LK-TREE-TRNK,165,82,0,2,10,1.10474e+07,8.48947e+06,1.10474e+07,8.4895e+06,28.0,30.0,1.10474e+07,8.48948e+06,840.0
Layer:LK-TREE-TRNK,LK-TREE-TRNK,165,82,0,1,4,1.10468e+07,8.48787e+06,1.10468e+07,8.48789e+06,16.0,16.0,1.10468e+07,8.48788e+06,256.0
Layer:LK-TREE-TRNK,LK-TREE-TRNK,165,82,0,1,4,1.10474e+07,8.48787e+06,1.10474e+07,8.48789e+06,16.0,16.0,1.10474e+07,8.48788e+06,256.0
Layer:LK-TREE-TRNK,LK-TREE-TRNK,165,82,0,2,10,1.10526e+07,8.48515e+06,1.10526e+07,8.48515e+06,6.0,6.0,1.10526e+07,8.48515e+06,36.0
Layer:LK-TREE-TRNK,LK-TREE-TRNK,165,82,0,2,10,1.10527e+07,8.48515e+06,1.10527e+07,8.48516e+06,6.0,6.0,1.10527e+07,8.48516e+06,36.0
Layer:LK-TREE-TRNK,LK-TREE-TRNK,165,82,0,2,10,1.10526e+07,8.48515e+06,1.10526e+07,8.48516e+06,6.0,6.0,1.10526e+07,8.48515e+06,36.0
Layer:LK-TREE-TRNK,LK-TREE-TRNK,165,82,0,2,10,1.10525e+07,8.48691e+06,1.10525e+07,8.48691e+06,6.0,6.0,1.10525e+07,8.48691e+06,36.0
Layer:LK-TREE-TRNK,LK-TREE-TRNK,165,82,0,2,10,1.10526e+07,8.48691e+06,1.10526e+07,8.48691e+06,6.0,6.0,1.10526e+07,8.48691e+06,36.0
Layer:LK-TREE-TRNK,LK-TREE-TRNK,165,82,0,2,10,1.10526e+07,8.48687e+06,1.10526e+07,8.48687e+06,6.0,6.0,1.10526e+07,8.48687e+06,36.0
Layer:LK-TREE-TRNK,LK-TREE-TRNK,165,82,0,2,10,1.10418e+07,8.48906e+06,1.10418e+07,8.48907e+06,6.0,6.0,1.10418e+07,8.48907e+06,36.0
Layer:LK-TREE-TRNK,LK-TREE-TRNK,165,82,0,2,10,1.10419e+07,8.48907e+06,1.10419e+07,8.48907e+06,6.0,6.0,1.10419e+07,8.48907e+06,36.0
Layer:LK-TREE-TRNK,LK-TREE-TRNK,165,82,0,2,10,1.10417e+07,8.48906e+06,1.10417e+07,8.48907e+06,6.0,6.0,1.10417e+07,8.48907e+06,36.0
Layer:LK-TREE-TRNK,LK-TREE-TRNK,165,82,0,2,10,1.10451e+07,8.48794e+06,1.10451e+07,8.48794e+06,6.0,6.0,1.10451e+07,8.48794e+06,36.0
Layer:LK-TREE-TRNK,LK-TREE-TRNK,165,82,0,2,10,1.1045e+07,8.48797e+06,1.1045e+07,8.48798e+06,6.0,6.0,1.1045e+07,8.48798e+06,36.0
Layer:LK-TREE-TRNK,LK-TREE-TRNK,165,82,0,2,10,1.1045e+07,8.48794e+06,1.1045e+07,8.48794e+06,6.0,6.0,1.1045e+07,8.48794e+06,36.0
Layer:LK-TREE-TRNK,LK-TREE-TRNK,165,82,0,2,10,1.10488e+07,8.48948e+06,1.10488e+07,8.48949e+06,6.0,6.0,1.10488e+07,8.48948e+06,36.0
Layer:LK-TREE-TRNK,LK-TREE-TRNK,165,82,0,2,10,1.10488e+07,8.48946e+06,1.10488e+07,8.48947e+06,6.0,6.0,1.10488e+07,8.48947e+06,36.0
Layer:LK-TREE-TRNK,LK-TREE-TRNK,165,82,0,2,10,1.10487e+07,8.48946e+06,1.10487e+07,8.48947e+06,6.0,6.0,1.10487e+07,8.48947e+06,36.0
Layer:LK-TREE-TRNK,LK-TREE-TRNK,165,82,0,2,10,1.10514e+07,8.49021e+06,1.10515e+07,8.49023e+06,14.0,12.0,1.10515e+07,8.49022e+06,168.0
Layer:LK-TREE-TRNK,LK-TREE-TRNK,165,82,0,2,10,1.10446e+07,8.49071e+06,1.10446e+07,8.49072e+06,6.0,6.0,1.10446e+07,8.49072e+06,36.0
Layer:LK-TREE-TRNK,LK-TREE-TRNK,165,82,0,2,10,1.10446e+07,8.49064e+06,1.10446e+07,8.49064e+06,6.0,6.0,1.10446e+07,8.49064e+06,36.0
Layer:LK-TREE-TRNK,LK-TREE-TRNK,165,82,0,2,10,1.10446e+07,8.49056e+06,1.10446e+07,8.49056e+06,6.0,6.0,1.10446e+07,8.49056e+06,36.0
Layer:LK-TREE-TRNK,LK-TREE-TRNK,165,82,0,2,10,1.10492e+07,8.49086e+06,1.10492e+07,8.49086e+06,6.0,6.0,1.10492e+07,8.49086e+06,36.0
Layer:LK-TREE-TRNK,LK-TREE-TRNK,165,82,0,2,10,1.10492e+07,8.49078e+06,1.10492e+07,8.49079e+06,6.0,6.0,1.10492e+07,8.49078e+06,36.0
Layer:LK-TREE-TRNK,LK-TREE-TRNK,165,82,0,2,10,1.10492e+07,8.4907e+06,1.10492e+07,8.49071e+06,6.0,6.0,1.10492e+07,8.4907e+06,36.0
Layer:LK-TREE-TRNK,LK-TREE-TRNK,165,82,0,2,10,1.10445e+07,8.49107e+06,1.10445e+07,8.49107e+06,4.0,4.0,1.10445e+07,8.49107e+06,16.0
Layer:LK-TREE-TRNK,LK-TREE-TRNK,165,82,0,2,10,1.10493e+07,8.4911e+06,1.10493e+07,8.4911e+06,4.0,4.0,1.10493e+07,8.4911e+06,16.0
Layer:LK-TREE-TRNK,LK-TREE-TRNK,165,82,0,2,10,1.10529e+07,8.4882e+06,1.10529e+07,8.4882e+06,4.0,4.0,1.10529e+07,8.4882e+06,16.0
Layer:LK-TREE-TRNK,LK-TREE-TRNK,165,82,0,2,10,1.10529e+07,8.4869e+06,1.10529e+07,8.4869e+06,4.0,4.0,1.10529e+07,8.4869e+06,16.0
Layer:LK-TREE-TRNK,LK-TREE-TRNK,165,82,0,2,10,1.10414e+07,8.489e+06,1.10414e+07,8.489e+06,4.0,4.0,1.10414e+07,8.489e+06,16.0
Layer:LK-TREE-050M,LK-TREE-050M,255,255,0,1,102,1.10495e+07,8.48945e+06,1.10496e+07,8.48957e+06,122.0,120.0,1.10496e+07,8.48951e+06,14640.0
Layer:LK-TREE-050M,LK-TREE-050M,255,255,0,1,102,1.10501e+07,8.48945e+06,1.10502e+07,8.48957e+06,122.0,120.0,1.10501e+07,8.48951e+06,14640.0
Layer:LK-TREE-050M,LK-TREE-050M,255,255,0,1,30,1.10519e+07,8.49039e+06,1.10521e+07,8.49063e+06,220.0,232.0,1.1052e+07,8.49051e+06,51040.0
Layer:LK-TREE-TRNK,LK-TREE-TRNK,165,82,0,2,10,1.1052e+07,8.4905e+06,1.1052e+07,8.49052e+06,16.0,22.0,1.1052e+07,8.49051e+06,352.0
Layer:LK-TREE-TRNK,LK-TREE-TRNK,165,82,0,2,10,1.1045e+07,8.48946e+06,1.1045e+07,8.48947e+06,8.0,12.0,1.1045e+07,8.48947e+06,96.0
Layer:LK-TREE-TRNK,LK-TREE-TRNK,165,82,0,2,10,1.10452e+07,8.48946e+06,1.10452e+07,8.48948e+06,8.0,12.0,1.10452e+07,8.48947e+06,96.0
Layer:LK-TREE-TRNK,LK-TREE-TRNK,165,82,0,2,10,1.10423e+07,8.48904e+06,1.10423e+07,8.48906e+06,16.0,20.0,1.10423e+07,8.48905e+06,320.0
Layer:LK-TREE-050M,LK-TREE-050M,255,255,0,1,102,1.1042e+07,8.48739e+06,1.10422e+07,8.48755e+06,170.0,168.0,1.10421e+07,8.48747e+06,28560.0
Layer:LK-TREE-TRNK,LK-TREE-TRNK,165,82,0,6,30,1.10421e+07,8.48746e+06,1.10421e+07,8.48749e+06,34.0,36.0,1.10421e+07,8.48747e+06,1224.0
Layer:LK-TREE-050M,LK-TREE-050M,255,255,0,1,102,1.10428e+07,8.48585e+06,1.1043e+07,8.486e+06,146.0,142.0,1.10429e+07,8.48592e+06,20732.0
Layer:LK-TREE-TRNK,LK-TREE-TRNK,165,82,0,2,10,1.10429e+07,8.48592e+06,1.10429e+07,8.48593e+06,10.0,14.0,1.10429e+07,8.48593e+06,140.0
Layer:LK-TREE-TRNK,LK-TREE-TRNK,165,82,0,2,10,1.10443e+07,8.48552e+06,1.10443e+07,8.48553e+06,14.0,12.0,1.10443e+07,8.48553e+06,168.0
Layer:LK-TREE-TRNK,LK-TREE-TRNK,165,82,0,2,10,1.10455e+07,8.48552e+06,1.10455e+07,8.48553e+06,14.0,12.0,1.10455e+07,8.48552e+06,168.0
Layer:LK-TREE-050M,LK-TREE-050M,255,255,0,1,30,1.10487e+07,8.48529e+06,1.10489e+07,8.48552e+06,220.0,232.0,1.10488e+07,8.48541e+06,51040.0
Layer:LK-TREE-TRNK,LK-TREE-TRNK,165,82,0,2,10,1.10488e+07,8.4854e+06,1.10488e+07,8.48542e+06,16.0,22.0,1.10488e+07,8.48541e+06,352.0
Layer:LK-TREE-050M,LK-TREE-050M,255,255,0,1,30,1.10499e+07,8.48529e+06,1.10501e+07,8.48552e+06,220.0,232.0,1.105e+07,8.48541e+06,51040.0
Layer:LK-TREE-TRNK,LK-TREE-TRNK,165,82,0,2,10,1.105e+07,8.4854e+06,1.105e+07,8.48542e+06,16.0,22.0,1.105e+07,8.48541e+06,352.0
Layer:LK-TREE-050M,LK-TREE-050M,255,255,0,1,30,1.10499e+07,8.4869e+06,1.10501e+07,8.48713e+06,220.0,232.0,1.105e+07,8.48702e+06,51040.0
Layer:LK-TREE-TRNK,LK-TREE-TRNK,165,82,0,2,10,1.105e+07,8.487e+06,1.105e+07,8.48703e+06,16.0,22.0,1.105e+07,8.48702e+06,352.0
Layer:LK-TREE-050M,LK-TREE-050M,255,255,0,1,30,1.10487e+07,8.48688e+06,1.10489e+07,8.48711e+06,220.0,232.0,1.10488e+07,8.48699e+06,51040.0
Layer:LK-TREE-TRNK,LK-TREE-TRNK,165,82,0,2,10,1.10488e+07,8.48698e+06,1.10488e+07,8.487e+06,16.0,22.0,1.10488e+07,8.48699e+06,352.0
Layer:LK-TREE-050M,LK-TREE-050M,255,255,0,1,30,1.10454e+07,8.48685e+06,1.10456e+07,8.48708e+06,220.0,232.0,1.10455e+07,8.48696e+06,51040.0
Layer:LK-TREE-TRNK,LK-TREE-TRNK,165,82,0,2,10,1.10455e+07,8.48695e+06,1.10455e+07,8.48697e+06,16.0,22.0,1.10455e+07,8.48696e+06,352.0
Layer:LK-TREE-050M,LK-TREE-050M,255,255,0,1,30,1.10441e+07,8.48684e+06,1.10444e+07,8.48707e+06,220.0,232.0,1.10443e+07,8.48696e+06,51040.0
Layer:LK-TREE-TRNK,LK-TREE-TRNK,165,82,0,2,10,1.10443e+07,8.48695e+06,1.10443e+07,8.48697e+06,16.0,22.0,1.10443e+07,8.48696e+06,352.0
Layer:LK-TREE-050M,LK-TREE-050M,255,255,0,1,30,1.10453e+07,8.48712e+06,1.10456e+07,8.48736e+06,220.0,232.0,1.10455e+07,8.48724e+06,51040.0
Layer:LK-TREE-TRNK,LK-TREE-TRNK,165,82,0,2,10,1.10454e+07,8.48723e+06,1.10455e+07,8.48725e+06,16.0,22.0,1.10455e+07,8.48724e+06,352.0
Layer:LK-TREE-050M,LK-TREE-050M,255,255,0,1,30,1.10441e+07,8.48711e+06,1.10444e+07,8.48735e+06,220.0,232.0,1.10443e+07,8.48723e+06,51040.0
Layer:LK-TREE-TRNK,LK-TREE-TRNK,165,82,0,2,10,1.10442e+07,8.48722e+06,1.10443e+07,8.48724e+06,16.0,22.0,1.10443e+07,8.48723e+06,352.0
Layer:LK-TREE-050M,LK-TREE-050M,255,255,0,1,30,1.10487e+07,8.48713e+06,1.10489e+07,8.48736e+06,220.0,232.0,1.10488e+07,8.48724e+06,51040.0
Layer:LK-TREE-TRNK,LK-TREE-TRNK,165,82,0,2,10,1.10488e+07,8.48723e+06,1.10488e+07,8.48725e+06,16.0,22.0,1.10488e+07,8.48724e+06,352.0
Layer:LK-TREE-050M,LK-TREE-050M,255,255,0,1,30,1.10499e+07,8.48714e+06,1.10501e+07,8.48737e+06,220.0,232.0,1.105e+07,8.48725e+06,51040.0
Layer:LK-TREE-TRNK,LK-TREE-TRNK,165,82,0,2,10,1.105e+07,8.48724e+06,1.105e+07,8.48726e+06,16.0,22.0,1.105e+07,8.48725e+06,352.0
Layer:LK-TREE-050M,LK-TREE-050M,255,255,0,1,30,1.10499e+07,8.48505e+06,1.10501e+07,8.48528e+06,220.0,232.0,1.105e+07,8.48517e+06,51040.0
Layer:LK-TREE-TRNK,LK-TREE-TRNK,165,82,0,2,10,1.105e+07,8.48516e+06,1.105e+07,8.48518e+06,16.0,22.0,1.105e+07,8.48517e+06,352.0
Layer:LK-TREE-050M,LK-TREE-050M,255,255,0,1,30,1.10487e+07,8.48504e+06,1.10489e+07,8.48527e+06,220.0,232.0,1.10488e+07,8.48516e+06,51040.0
Layer:LK-TREE-TRNK,LK-TREE-TRNK,165,82,0,2,10,1.10488e+07,8.48515e+06,1.10488e+07,8.48517e+06,16.0,22.0,1.10488e+07,8.48516e+06,352.0
Layer:LK-TREE-050M,LK-TREE-050M,255,255,0,1,30,1.10454e+07,8.485e+06,1.10456e+07,8.48523e+06,220.0,232.0,1.10455e+07,8.48512e+06,51040.0
Layer:LK-TREE-TRNK,LK-TREE-TRNK,165,82,0,2,10,1.10455e+07,8.4851e+06,1.10455e+07,8.48512e+06,16.0,22.0,1.10455e+07,8.48511e+06,352.0
Layer:LK-TREE-050M,LK-TREE-050M,255,255,0,1,30,1.10442e+07,8.48499e+06,1.10444e+07,8.48522e+06,220.0,232.0,1.10443e+07,8.48511e+06,51040.0
Layer:LK-TREE-TRNK,LK-TREE-TRNK,165,82,0,2,10,1.10443e+07,8.4851e+06,1.10443e+07,8.48512e+06,16.0,22.0,1.10443e+07,8.48511e+06,352.0
Layer:LK-TREE-TRNK,LK-TREE-TRNK,165,82,0,2,10,1.10506e+07,8.48954e+06,1.10506e+07,8.48955e+06,8.0,12.0,1.10506e+07,8.48954e+06,96.0
Layer:LK-TREE-TRNK,LK-TREE-TRNK,165,82,0,2,10,1.10507e+07,8.48954e+06,1.10507e+07,8.48955e+06,8.0,12.0,1.10507e+07,8.48954e+06,96.0
Layer:LK-TREE-TRNK,LK-TREE-TRNK,165,82,0,2,10,1.10509e+07,8.48954e+06,1.10509e+07,8.48955e+06,8.0,12.0,1.10509e+07,8.48954e+06,96.0
Layer:LK-TREE-TRNK,LK-TREE-TRNK,165,82,0,2,10,1.1043e+07,8.49062e+06,1.1043e+07,8.49063e+06,8.0,12.0,1.1043e+07,8.49062e+06,96.0
Layer:LK-TREE-TRNK,LK-TREE-TRNK,165,82,0,2,10,1.1043e+07,8.4904e+06,1.1043e+07,8.49041e+06,8.0,12.0,1.1043e+07,8.4904e+06,96.0
Layer:LK-SHRB-TRNK,LK-SHRB-TRNK,0,255,0,6,30,1.10471e+07,8.4909e+06,1.10471e+07,8.49091e+06,10.0,10.0,1.10471e+07,8.4909e+06,100.0
Layer:LK-SHRB-TRNK,LK-SHRB-TRNK,0,255,0,6,30,1.10471e+07,8.49092e+06,1.10471e+07,8.49093e+06,10.0,10.0,1.10471e+07,8.49092e+06,100.0
Layer:LK-SHRB-TRNK,LK-SHRB-TRNK,0,255,0,6,30,1.1047e+07,8.49092e+06,1.10471e+07,8.49093e+06,10.0,10.0,1.1047e+07,8.49092e+06,100.0
Layer:LK-TREE-TRNK,LK-TREE-TRNK,165,82,0,2,10,1.10471e+07,8.49083e+06,1.10471e+07,8.49084e+06,8.0,12.0,1.10471e+07,8.49083e+06,96.0
Layer:LK-TREE-TRNK,LK-TREE-TRNK,165,82,0,2,10,1.10471e+07,8.49065e+06,1.10471e+07,8.49066e+06,8.0,12.0,1.10471e+07,8.49065e+06,96.0
Layer:LK-SHRB-TRNK,LK-SHRB-TRNK,0,255,0,2,10,1.10462e+07,8.4911e+06,1.10463e+07,8.4911e+06,6.0,6.0,1.10462e+07,8.4911e+06,36.0
Layer:LK-SHRB-TRNK,LK-SHRB-TRNK,0,255,0,2,10,1.10463e+07,8.49109e+06,1.10463e+07,8.49109e+06,6.0,6.0,1.10463e+07,8.49109e+06,36.0
Layer:LK-SHRB-TRNK,LK-SHRB-TRNK,0,255,0,2,10,1.10464e+07,8.49104e+06,1.10464e+07,8.49104e+06,6.0,6.0,1.10464e+07,8.49104e+06,36.0
Layer:LK-SHRB-TRNK,LK-SHRB-TRNK,0,255,0,2,10,1.10477e+07,8.4911e+06,1.10477e+07,8.49111e+06,6.0,6.0,1.10477e+07,8.49111e+06,36.0
Layer:LK-SHRB-TRNK,LK-SHRB-TRNK,0,255,0,2,10,1.10477e+07,8.49109e+06,1.10477e+07,8.4911e+06,6.0,6.0,1.10477e+07,8.4911e+06,36.0
Layer:LK-SHRB-TRNK,LK-SHRB-TRNK,0,255,0,2,10,1.10476e+07,8.49104e+06,1.10476e+07,8.49105e+06,6.0,6.0,1.10476e+07,8.49104e+06,36.0
Layer:LK-SHRB-TRNK,LK-SHRB-TRNK,0,255,0,2,10,1.10471e+07,8.48999e+06,1.10471e+07,8.48999e+06,6.0,6.0,1.10471e+07,8.48999e+06,36.0
Layer:LK-SHRB-TRNK,LK-SHRB-TRNK,0,255,0,2,10,1.10471e+07,8.48994e+06,1.10471e+07,8.48995e+06,6.0,6.0,1.10471e+07,8.48994e+06,36.0
Layer:LK-TREE-050M,LK-TREE-050M,255,255,0,1,30,1.10476e+07,8.49021e+06,1.10478e+07,8.49044e+06,220.0,232.0,1.10477e+07,8.49033e+06,51040.0
Layer:LK-TREE-TRNK,LK-TREE-TRNK,165,82,0,2,10,1.10477e+07,8.49032e+06,1.10477e+07,8.49034e+06,16.0,22.0,1.10477e+07,8.49033e+06,352.0
Layer:LK-TREE-050M,LK-TREE-050M,255,255,0,1,30,1.10476e+07,8.49077e+06,1.10478e+07,8.491e+06,220.0,232.0,1.10477e+07,8.49089e+06,51040.0
Layer:LK-TREE-TRNK,LK-TREE-TRNK,165,82,0,2,10,1.10477e+07,8.49088e+06,1.10477e+07,8.4909e+06,16.0,22.0,1.10477e+07,8.49089e+06,352.0
Layer:LK-TREE-050M,LK-TREE-050M,255,255,0,1,30,1.10463e+07,8.49022e+06,1.10465e+07,8.49046e+06,220.0,232.0,1.10464e+07,8.49034e+06,51040.0
Layer:LK-TREE-TRNK,LK-TREE-TRNK,165,82,0,2,10,1.10464e+07,8.49033e+06,1.10464e+07,8.49035e+06,16.0,22.0,1.10464e+07,8.49034e+06,352.0
Layer:LK-TREE-050M,LK-TREE-050M,255,255,0,1,30,1.10463e+07,8.49079e+06,1.10465e+07,8.49102e+06,220.0,232.0,1.10464e+07,8.4909e+06,51040.0
Layer:LK-TREE-TRNK,LK-TREE-TRNK,165,82,0,2,10,1.10464e+07,8.49089e+06,1.10464e+07,8.49091e+06,16.0,22.0,1.10464e+07,8.4909e+06,352.0
Layer:LK-TREE-050M,LK-TREE-050M,255,255,0,1,30,1.10462e+07,8.49051e+06,1.10464e+07,8.49074e+06,220.0,232.0,1.10463e+07,8.49062e+06,51040.0
Layer:LK-TREE-TRNK,LK-TREE-TRNK,165,82,0,2,10,1.10463e+07,8.49061e+06,1.10463e+07,8.49063e+06,16.0,22.0,1.10463e+07,8.49062e+06,352.0
Layer:LK-SHRB-TRNK,LK-SHRB-TRNK,0,255,0,2,10,1.10471e+07,8.48721e+06,1.10472e+07,8.48722e+06,6.0,6.0,1.10471e+07,8.48722e+06,36.0
Layer:LK-SHRB-TRNK,LK-SHRB-TRNK,0,255,0,2,10,1.10472e+07,8.48719e+06,1.10472e+07,8.4872e+06,6.0,6.0,1.10472e+07,8.4872e+06,36.0
Layer:LK-SHRB-TRNK,LK-SHRB-TRNK,0,255,0,2,10,1.10471e+07,8.4872e+06,1.10471e+07,8.4872e+06,6.0,6.0,1.10471e+07,8.4872e+06,36.0
Layer:LK-TREE-050M,LK-TREE-050M,255,255,0,1,30,1.10468e+07,8.48539e+06,1.1047e+07,8.48563e+06,228.0,240.0,1.10469e+07,8.48551e+06,54720.0
Layer:LK-TREE-TRNK,LK-TREE-TRNK,165,82,0,2,10,1.10469e+07,8.4855e+06,1.10469e+07,8.48552e+06,18.0,22.0,1.10469e+07,8.48551e+06,396.0
Layer:LK-TREE-050M,LK-TREE-050M,255,255,0,1,30,1.10473e+07,8.48529e+06,1.10476e+07,8.48552e+06,220.0,232.0,1.10474e+07,8.48541e+06,51040.0
Layer:LK-TREE-TRNK,LK-TREE-TRNK,165,82,0,2,10,1.10474e+07,8.4854e+06,1.10475e+07,8.48542e+06,16.0,22.0,1.10474e+07,8.48541e+06,352.0
Layer:LK-TREE-TRNK,LK-TREE-TRNK,165,82,0,2,10,1.10473e+07,8.48679e+06,1.10474e+07,8.48681e+06,16.0,20.0,1.10473e+07,8.4868e+06,320.0
Layer:LK-SHRB-TRNK,LK-SHRB-TRNK,0,255,0,2,10,1.10468e+07,8.48602e+06,1.10468e+07,8.48603e+06,6.0,6.0,1.10468e+07,8.48603e+06,36.0
Layer:LK-SHRB-TRNK,LK-SHRB-TRNK,0,255,0,2,10,1.10475e+07,8.48603e+06,1.10475e+07,8.48603e+06,6.0,6.0,1.10475e+07,8.48603e+06,36.0
Layer:LK-SHRB-TRNK,LK-SHRB-TRNK,0,255,0,2,10,1.10468e+07,8.48635e+06,1.10468e+07,8.48636e+06,6.0,6.0,1.10468e+07,8.48635e+06,36.0
Layer:LK-SHRB-TRNK,LK-SHRB-TRNK,0,255,0,2,10,1.10475e+07,8.48635e+06,1.10475e+07,8.48636e+06,6.0,6.0,1.10475e+07,8.48635e+06,36.0
Layer:LK-TREE-050M,LK-TREE-050M,255,255,0,1,102,1.10445e+07,8.49023e+06,1.10446e+07,8.4904e+06,170.0,168.0,1.10445e+07,8.49031e+06,28560.0
Layer:LK-TREE-TRNK,LK-TREE-TRNK,165,82,0,6,30,1.10445e+07,8.4903e+06,1.10446e+07,8.49034e+06,34.0,36.0,1.10445e+07,8.49032e+06,1224.0
Layer:LK-TREE-050M,LK-TREE-050M,255,255,0,1,102,1.10491e+07,8.49031e+06,1.10493e+07,8.49048e+06,170.0,168.0,1.10492e+07,8.49039e+06,28560.0
Layer:LK-TREE-TRNK,LK-TREE-TRNK,165,82,0,6,30,1.10492e+07,8.49038e+06,1.10492e+07,8.49041e+06,34.0,36.0,1.10492e+07,8.4904e+06,1224.0
Layer:LK-TREE-050M,LK-TREE-050M,255,255,0,1,102,1.10521e+07,8.48811e+06,1.10523e+07,8.48828e+06,170.0,168.0,1.10522e+07,8.48819e+06,28560.0
Layer:LK-TREE-TRNK,LK-TREE-TRNK,165,82,0,6,30,1.10522e+07,8.48818e+06,1.10522e+07,8.48821e+06,34.0,36.0,1.10522e+07,8.4882e+06,1224.0
Layer:LK-TREE-050M,LK-TREE-050M,255,255,0,1,30,1.10519e+07,8.48677e+06,1.10521e+07,8.48701e+06,228.0,240.0,1.1052e+07,8.48689e+06,54720.0
Layer:LK-TREE-TRNK,LK-TREE-TRNK,165,82,0,2,10,1.1052e+07,8.48688e+06,1.1052e+07,8.4869e+06,18.0,22.0,1.1052e+07,8.48689e+06,396.0
Layer:LK-TREE-050M,LK-TREE-050M,255,255,0,1,102,1.10457e+07,8.48954e+06,1.10459e+07,8.4897e+06,170.0,168.0,1.10458e+07,8.48962e+06,28560.0
Layer:LK-TREE-TRNK,LK-TREE-TRNK,165,82,0,6,30,1.10458e+07,8.4896e+06,1.10458e+07,8.48964e+06,34.0,36.0,1.10458e+07,8.48962e+06,1224.0
Layer:LK-TREE-050M,LK-TREE-050M,255,255,0,1,30,1.10522e+07,8.49039e+06,1.10524e+07,8.49063e+06,220.0,232.0,1.10523e+07,8.49051e+06,51040.0
Layer:LK-TREE-TRNK,LK-TREE-TRNK,165,82,0,2,10,1.10523e+07,8.4905e+06,1.10523e+07,8.49052e+06,16.0,22.0,1.10523e+07,8.49051e+06,352.0
Layer:LK-TREE-050M,LK-TREE-050M,255,255,0,1,102,1.10474e+07,8.48642e+06,1.10475e+07,8.48654e+06,122.0,120.0,1.10474e+07,8.48648e+06,14640.0
Layer:LK-TREE-050M,LK-TREE-050M,255,255,0,1,102,1.10468e+07,8.4864e+06,1.10469e+07,8.48652e+06,122.0,120.0,1.10468e+07,8.48646e+06,14640.0
Layer:LK-TREE-050M,LK-TREE-050M,255,255,0,1,102,1.10468e+07,8.48588e+06,1.10469e+07,8.486e+06,122.0,120.0,1.10468e+07,8.48594e+06,14640.0
Layer:LK-TREE-050M,LK-TREE-050M,255,255,0,1,102,1.10474e+07,8.48586e+06,1.10475e+07,8.48598e+06,122.0,120.0,1.10475e+07,8.48592e+06,14640.0
Layer:LK-TREE-050M,LK-TREE-050M,255,255,0,1,102,1.10448e+07,8.48785e+06,1.10449e+07,8.48802e+06,170.0,168.0,1.10449e+07,8.48793e+06,28560.0
Layer:LK-TREE-TRNK,LK-TREE-TRNK,165,82,0,6,30,1.10448e+07,8.48792e+06,1.10449e+07,8.48795e+06,34.0,36.0,1.10449e+07,8.48794e+06,1224.0
Layer:LK-TREE-050M,LK-TREE-050M,255,255,0,1,102,1.10462e+07,8.48784e+06,1.10463e+07,8.48796e+06,122.0,120.0,1.10463e+07,8.4879e+06,14640.0
Layer:LK-TREE-050M,LK-TREE-050M,255,255,0,1,102,1.1046e+07,8.48784e+06,1.10462e+07,8.48796e+06,122.0,120.0,1.10461e+07,8.4879e+06,14640.0
Layer:x-Villa4-LP Block$0$LP-SHAR-BRDR-CONT,x-Villa4-LP Block$0$LP-SHAR-BRDR-CONT,186,186,186,6,32,1.10445e+07,8.48536e+06,1.10453e+07,8.48551e+06,778.0,144.0,1.10449e+07,8.48544e+06,112032.0
Layer:x-Villa4-LP Block$0$L-002,x-Villa4-LP Block$0$L-002,186,186,186,3,12,1.10445e+07,8.48534e+06,1.10453e+07,8.4854e+06,778.0,66.0,1.10449e+07,8.48537e+06,51348.0
Layer:x-Villa4-LP Block$0$LK-SHRB-TRNK,x-Villa4-LP Block$0$LK-SHRB-TRNK,186,186,186,2,10,1.10444e+07,8.48535e+06,1.10444e+07,8.48535e+06,6.0,6.0,1.10444e+07,8.48535e+06,36.0
Layer:x-Villa4-LP Block$0$LK-TREE-TRNK,x-Villa4-LP Block$0$LK-TREE-TRNK,186,186,186,2,10,1.10445e+07,8.48535e+06,1.10446e+07,8.48536e+06,14.0,12.0,1.10445e+07,8.48535e+06,168.0
Layer:x-Villa4-LP Block$0$LK-TREE-050M,x-Villa4-LP Block$0$LK-TREE-050M,186,186,186,1,10,1.10446e+07,8.48532e+06,1.10448e+07,8.48544e+06,118.0,118.0,1.10447e+07,8.48538e+06,13924.0
Layer:x-Villa4-LP Block$0$LK-TREE-025M,x-Villa4-LP Block$0$LK-TREE-025M,186,186,186,1,13,1.10446e+07,8.48532e+06,1.10448e+07,8.48543e+06,114.0,116.0,1.10447e+07,8.48538e+06,13224.0
Layer:x-Villa4-LP Block$0$LK-TREE-TRNK,x-Villa4-LP Block$0$LK-TREE-TRNK,186,186,186,2,10,1.10447e+07,8.48537e+06,1.10447e+07,8.48538e+06,8.0,12.0,1.10447e+07,8.48538e+06,96.0
Layer:x-Villa4-LP Block$0$LK-SHRB-TRNK,x-Villa4-LP Block$0$LK-SHRB-TRNK,186,186,186,2,10,1.10447e+07,8.48546e+06,1.10447e+07,8.48547e+06,6.0,6.0,1.10447e+07,8.48546e+06,36.0
Layer:x-Villa4-LP Block$0$LP-TREE,x-Villa4-LP Block$0$LP-TREE,186,186,186,2,8,1.10447e+07,8.48535e+06,1.1045e+07,8.48549e+06,326.0,138.0,1.10448e+07,8.48542e+06,44988.0
Layer:x-Villa4-LP Block$0$LK-TREE-050M,x-Villa4-LP Block$0$LK-TREE-050M,186,186,186,1,10,1.10449e+07,8.48531e+06,1.1045e+07,8.48543e+06,118.0,118.0,1.1045e+07,8.48537e+06,13924.0
Layer:x-Villa4-LP Block$0$LK-TREE-025M,x-Villa4-LP Block$0$LK-TREE-025M,186,186,186,1,13,1.10449e+07,8.48531e+06,1.1045e+07,8.48542e+06,116.0,114.0,1.1045e+07,8.48537e+06,13224.0
Layer:x-Villa4-LP Block$0$LK-TREE-TRNK,x-Villa4-LP Block$0$LK-TREE-TRNK,186,186,186,2,10,1.1045e+07,8.48536e+06,1.1045e+07,8.48537e+06,12.0,8.0,1.1045e+07,8.48537e+06,96.0
Layer:x-Villa4-LP Block$0$LK-SHRB-TRNK,x-Villa4-LP Block$0$LK-SHRB-TRNK,186,186,186,2,10,1.10448e+07,8.48543e+06,1.10448e+07,8.48543e+06,2.0,2.0,1.10448e+07,8.48543e+06,4.0
Layer:x-Villa4-LP Block$0$LK-SHRB-TRNK,x-Villa4-LP Block$0$LK-SHRB-TRNK,186,186,186,2,10,1.10448e+07,8.48543e+06,1.10448e+07,8.48543e+06,2.0,2.0,1.10448e+07,8.48543e+06,4.0
Layer:x-Villa4-LP Block$0$LK-SHRB-TRNK,x-Villa4-LP Block$0$LK-SHRB-TRNK,186,186,186,2,10,1.10449e+07,8.48543e+06,1.10449e+07,8.48543e+06,2.0,2.0,1.10449e+07,8.48543e+06,4.0
Layer:x-Villa4-LP Block$0$LK-SHRB-TRNK,x-Villa4-LP Block$0$LK-SHRB-TRNK,186,186,186,2,10,1.10449e+07,8.48543e+06,1.10449e+07,8.48543e+06,2.0,2.0,1.10449e+07,8.48543e+06,4.0
Layer:x-Villa4-LP Block$0$LK-TREE-TRNK,x-Villa4-LP Block$0$LK-TREE-TRNK,186,186,186,2,10,1.10452e+07,8.48535e+06,1.10452e+07,8.48536e+06,14.0,12.0,1.10452e+07,8.48536e+06,168.0
Layer:x-Villa4-LP Block$0$LK-SHRB-TRNK,x-Villa4-LP Block$0$LK-SHRB-TRNK,186,186,186,2,10,1.10453e+07,8.48535e+06,1.10454e+07,8.48536e+06,6.0,6.0,1.10453e+07,8.48536e+06,36.0
Layer:x-Villa4-LP Block$0$LP-SHAR-BRDR-CONT,x-Villa4-LP Block$0$LP-SHAR-BRDR-CONT,186,186,186,6,32,1.1049e+07,8.48539e+06,1.10498e+07,8.48554e+06,778.0,144.0,1.10494e+07,8.48546e+06,112032.0
Layer:x-Villa4-LP Block$0$L-002,x-Villa4-LP Block$0$L-002,186,186,186,3,12,1.1049e+07,8.48536e+06,1.10498e+07,8.48543e+06,778.0,66.0,1.10494e+07,8.4854e+06,51348.0
Layer:x-Villa4-LP Block$0$LK-SHRB-TRNK,x-Villa4-LP Block$0$LK-SHRB-TRNK,186,186,186,2,10,1.10489e+07,8.48538e+06,1.10489e+07,8.48538e+06,6.0,6.0,1.10489e+07,8.48538e+06,36.0
Layer:x-Villa4-LP Block$0$LK-TREE-TRNK,x-Villa4-LP Block$0$LK-TREE-TRNK,186,186,186,2,10,1.10491e+07,8.48537e+06,1.10491e+07,8.48539e+06,14.0,12.0,1.10491e+07,8.48538e+06,168.0
Layer:x-Villa4-LP Block$0$LK-TREE-050M,x-Villa4-LP Block$0$LK-TREE-050M,186,186,186,1,10,1.10492e+07,8.48535e+06,1.10493e+07,8.48547e+06,118.0,118.0,1.10492e+07,8.48541e+06,13924.0
Layer:x-Villa4-LP Block$0$LK-TREE-025M,x-Villa4-LP Block$0$LK-TREE-025M,186,186,186,1,13,1.10492e+07,8.48534e+06,1.10493e+07,8.48546e+06,114.0,116.0,1.10492e+07,8.4854e+06,13224.0
Layer:x-Villa4-LP Block$0$LK-TREE-TRNK,x-Villa4-LP Block$0$LK-TREE-TRNK,186,186,186,2,10,1.10492e+07,8.4854e+06,1.10492e+07,8.48541e+06,8.0,12.0,1.10492e+07,8.48541e+06,96.0
Layer:x-Villa4-LP Block$0$LK-SHRB-TRNK,x-Villa4-LP Block$0$LK-SHRB-TRNK,186,186,186,2,10,1.10492e+07,8.48549e+06,1.10492e+07,8.4855e+06,6.0,6.0,1.10492e+07,8.48549e+06,36.0
Layer:x-Villa4-LP Block$0$LP-TREE,x-Villa4-LP Block$0$LP-TREE,186,186,186,2,8,1.10492e+07,8.48538e+06,1.10495e+07,8.48552e+06,326.0,138.0,1.10494e+07,8.48545e+06,44988.0
Layer:x-Villa4-LP Block$0$LK-TREE-050M,x-Villa4-LP Block$0$LK-TREE-050M,186,186,186,1,10,1.10494e+07,8.48534e+06,1.10496e+07,8.48546e+06,118.0,118.0,1.10495e+07,8.4854e+06,13924.0
Layer:x-Villa4-LP Block$0$LK-TREE-025M,x-Villa4-LP Block$0$LK-TREE-025M,186,186,186,1,13,1.10494e+07,8.48534e+06,1.10496e+07,8.48545e+06,116.0,114.0,1.10495e+07,8.4854e+06,13224.0
Layer:x-Villa4-LP Block$0$LK-TREE-TRNK,x-Villa4-LP Block$0$LK-TREE-TRNK,186,186,186,2,10,1.10495e+07,8.48539e+06,1.10495e+07,8.4854e+06,12.0,8.0,1.10495e+07,8.4854e+06,96.0
Layer:x-Villa4-LP Block$0$LK-SHRB-TRNK,x-Villa4-LP Block$0$LK-SHRB-TRNK,186,186,186,2,10,1.10494e+07,8.48545e+06,1.10494e+07,8.48546e+06,2.0,2.0,1.10494e+07,8.48546e+06,4.0
Layer:x-Villa4-LP Block$0$LK-SHRB-TRNK,x-Villa4-LP Block$0$LK-SHRB-TRNK,186,186,186,2,10,1.10494e+07,8.48546e+06,1.10494e+07,8.48546e+06,2.0,2.0,1.10494e+07,8.48546e+06,4.0
Layer:x-Villa4-LP Block$0$LK-SHRB-TRNK,x-Villa4-LP Block$0$LK-SHRB-TRNK,186,186,186,2,10,1.10494e+07,8.48546e+06,1.10494e+07,8.48546e+06,2.0,2.0,1.10494e+07,8.48546e+06,4.0
Layer:x-Villa4-LP Block$0$LK-SHRB-TRNK,x-Villa4-LP Block$0$LK-SHRB-TRNK,186,186,186,2,10,1.10494e+07,8.48546e+06,1.10494e+07,8.48546e+06,2.0,2.0,1.10494e+07,8.48546e+06,4.0
Layer:x-Villa4-LP Block$0$LK-TREE-TRNK,x-Villa4-LP Block$0$LK-TREE-TRNK,186,186,186,2,10,1.10497e+07,8.48538e+06,1.10498e+07,8.48539e+06,14.0,12.0,1.10497e+07,8.48538e+06,168.0
Layer:x-Villa4-LP Block$0$LK-SHRB-TRNK,x-Villa4-LP Block$0$LK-SHRB-TRNK,186,186,186,2,10,1.10499e+07,8.48538e+06,1.10499e+07,8.48539e+06,6.0,6.0,1.10499e+07,8.48538e+06,36.0
Layer:x-Villa4-LP Block$0$LP-SHAR-BRDR-CONT,x-Villa4-LP Block$0$LP-SHAR-BRDR-CONT,186,186,186,6,32,1.10445e+07,8.48685e+06,1.10453e+07,8.48699e+06,778.0,144.0,1.10449e+07,8.48692e+06,112032.0
Layer:x-Villa4-LP Block$0$L-002,x-Villa4-LP Block$0$L-002,186,186,186,3,12,1.10445e+07,8.48695e+06,1.10453e+07,8.48702e+06,778.0,66.0,1.10449e+07,8.48698e+06,51348.0
Layer:x-Villa4-LP Block$0$LK-SHRB-TRNK,x-Villa4-LP Block$0$LK-SHRB-TRNK,186,186,186,2,10,1.10453e+07,8.487e+06,1.10453e+07,8.48701e+06,6.0,6.0,1.10453e+07,8.487e+06,36.0
Layer:x-Villa4-LP Block$0$LK-TREE-TRNK,x-Villa4-LP Block$0$LK-TREE-TRNK,186,186,186,2,10,1.10452e+07,8.487e+06,1.10452e+07,8.48701e+06,14.0,12.0,1.10452e+07,8.487e+06,168.0
Layer:x-Villa4-LP Block$0$LK-TREE-050M,x-Villa4-LP Block$0$LK-TREE-050M,186,186,186,1,10,1.1045e+07,8.48692e+06,1.10451e+07,8.48703e+06,118.0,118.0,1.1045e+07,8.48697e+06,13924.0
Layer:x-Villa4-LP Block$0$LK-TREE-025M,x-Villa4-LP Block$0$LK-TREE-025M,186,186,186,1,13,1.1045e+07,8.48692e+06,1.10451e+07,8.48704e+06,114.0,116.0,1.1045e+07,8.48698e+06,13224.0
Layer:x-Villa4-LP Block$0$LK-TREE-TRNK,x-Villa4-LP Block$0$LK-TREE-TRNK,186,186,186,2,10,1.1045e+07,8.48697e+06,1.1045e+07,8.48698e+06,8.0,12.0,1.1045e+07,8.48698e+06,96.0
Layer:x-Villa4-LP Block$0$LK-SHRB-TRNK,x-Villa4-LP Block$0$LK-SHRB-TRNK,186,186,186,2,10,1.10451e+07,8.48689e+06,1.10451e+07,8.48689e+06,6.0,6.0,1.10451e+07,8.48689e+06,36.0
Layer:x-Villa4-LP Block$0$LP-TREE,x-Villa4-LP Block$0$LP-TREE,186,186,186,2,8,1.10448e+07,8.48686e+06,1.10451e+07,8.487e+06,326.0,138.0,1.10449e+07,8.48693e+06,44988.0
Layer:x-Villa4-LP Block$0$LK-TREE-050M,x-Villa4-LP Block$0$LK-TREE-050M,186,186,186,1,10,1.10447e+07,8.48693e+06,1.10448e+07,8.48704e+06,118.0,118.0,1.10448e+07,8.48699e+06,13924.0
Layer:x-Villa4-LP Block$0$LK-TREE-025M,x-Villa4-LP Block$0$LK-TREE-025M,186,186,186,1,13,1.10447e+07,8.48693e+06,1.10448e+07,8.48704e+06,116.0,114.0,1.10448e+07,8.48699e+06,13224.0
Layer:x-Villa4-LP Block$0$LK-TREE-TRNK,x-Villa4-LP Block$0$LK-TREE-TRNK,186,186,186,2,10,1.10448e+07,8.48698e+06,1.10448e+07,8.48699e+06,12.0,8.0,1.10448e+07,8.48699e+06,96.0
Layer:x-Villa4-LP Block$0$LK-SHRB-TRNK,x-Villa4-LP Block$0$LK-SHRB-TRNK,186,186,186,2,10,1.10449e+07,8.48693e+06,1.10449e+07,8.48693e+06,2.0,2.0,1.10449e+07,8.48693e+06,4.0
Layer:x-Villa4-LP Block$0$LK-SHRB-TRNK,x-Villa4-LP Block$0$LK-SHRB-TRNK,186,186,186,2,10,1.10449e+07,8.48692e+06,1.10449e+07,8.48693e+06,2.0,2.0,1.10449e+07,8.48692e+06,4.0
Layer:x-Villa4-LP Block$0$LK-SHRB-TRNK,x-Villa4-LP Block$0$LK-SHRB-TRNK,186,186,186,2,10,1.10449e+07,8.48692e+06,1.10449e+07,8.48693e+06,2.0,2.0,1.10449e+07,8.48692e+06,4.0
Layer:x-Villa4-LP Block$0$LK-SHRB-TRNK,x-Villa4-LP Block$0$LK-SHRB-TRNK,186,186,186,2,10,1.10448e+07,8.48692e+06,1.10448e+07,8.48693e+06,2.0,2.0,1.10448e+07,8.48693e+06,4.0
Layer:x-Villa4-LP Block$0$LK-TREE-TRNK,x-Villa4-LP Block$0$LK-TREE-TRNK,186,186,186,2,10,1.10445e+07,8.48699e+06,1.10445e+07,8.487e+06,14.0,12.0,1.10445e+07,8.487e+06,168.0
Layer:x-Villa4-LP Block$0$LK-SHRB-TRNK,x-Villa4-LP Block$0$LK-SHRB-TRNK,186,186,186,2,10,1.10444e+07,8.487e+06,1.10444e+07,8.487e+06,6.0,6.0,1.10444e+07,8.487e+06,36.0
Layer:x-Villa4-LP Block$0$LP-SHAR-BRDR-CONT,x-Villa4-LP Block$0$LP-SHAR-BRDR-CONT,186,186,186,6,32,1.1049e+07,8.48687e+06,1.10498e+07,8.48702e+06,778.0,144.0,1.10494e+07,8.48695e+06,112032.0
Layer:x-Villa4-LP Block$0$L-002,x-Villa4-LP Block$0$L-002,186,186,186,3,12,1.1049e+07,8.48698e+06,1.10498e+07,8.48704e+06,778.0,66.0,1.10494e+07,8.48701e+06,51348.0
Layer:x-Villa4-LP Block$0$LK-SHRB-TRNK,x-Villa4-LP Block$0$LK-SHRB-TRNK,186,186,186,2,10,1.10499e+07,8.48703e+06,1.10499e+07,8.48703e+06,6.0,6.0,1.10499e+07,8.48703e+06,36.0
Layer:x-Villa4-LP Block$0$LK-TREE-TRNK,x-Villa4-LP Block$0$LK-TREE-TRNK,186,186,186,2,10,1.10497e+07,8.48702e+06,1.10497e+07,8.48704e+06,14.0,12.0,1.10497e+07,8.48703e+06,168.0
Layer:x-Villa4-LP Block$0$LK-TREE-050M,x-Villa4-LP Block$0$LK-TREE-050M,186,186,186,1,10,1.10495e+07,8.48694e+06,1.10496e+07,8.48706e+06,118.0,118.0,1.10496e+07,8.487e+06,13924.0
Layer:x-Villa4-LP Block$0$LK-TREE-025M,x-Villa4-LP Block$0$LK-TREE-025M,186,186,186,1,13,1.10495e+07,8.48695e+06,1.10496e+07,8.48706e+06,114.0,116.0,1.10496e+07,8.48701e+06,13224.0
Layer:x-Villa4-LP Block$0$LK-TREE-TRNK,x-Villa4-LP Block$0$LK-TREE-TRNK,186,186,186,2,10,1.10496e+07,8.487e+06,1.10496e+07,8.48701e+06,8.0,12.0,1.10496e+07,8.487e+06,96.0
Layer:x-Villa4-LP Block$0$LK-SHRB-TRNK,x-Villa4-LP Block$0$LK-SHRB-TRNK,186,186,186,2,10,1.10496e+07,8.48691e+06,1.10496e+07,8.48692e+06,6.0,6.0,1.10496e+07,8.48692e+06,36.0
Layer:x-Villa4-LP Block$0$LP-TREE,x-Villa4-LP Block$0$LP-TREE,186,186,186,2,8,1.10493e+07,8.48689e+06,1.10496e+07,8.48703e+06,326.0,138.0,1.10495e+07,8.48696e+06,44988.0
Layer:x-Villa4-LP Block$0$LK-TREE-050M,x-Villa4-LP Block$0$LK-TREE-050M,186,186,186,1,10,1.10492e+07,8.48696e+06,1.10494e+07,8.48707e+06,118.0,118.0,1.10493e+07,8.48701e+06,13924.0
Layer:x-Villa4-LP Block$0$LK-TREE-025M,x-Villa4-LP Block$0$LK-TREE-025M,186,186,186,1,13,1.10492e+07,8.48696e+06,1.10494e+07,8.48707e+06,116.0,114.0,1.10493e+07,8.48701e+06,13224.0
Layer:x-Villa4-LP Block$0$LK-TREE-TRNK,x-Villa4-LP Block$0$LK-TREE-TRNK,186,186,186,2,10,1.10493e+07,8.48701e+06,1.10493e+07,8.48702e+06,12.0,8.0,1.10493e+07,8.48701e+06,96.0
Layer:x-Villa4-LP Block$0$LK-SHRB-TRNK,x-Villa4-LP Block$0$LK-SHRB-TRNK,186,186,186,2,10,1.10494e+07,8.48695e+06,1.10495e+07,8.48696e+06,2.0,2.0,1.10494e+07,8.48696e+06,4.0
Layer:x-Villa4-LP Block$0$LK-SHRB-TRNK,x-Villa4-LP Block$0$LK-SHRB-TRNK,186,186,186,2,10,1.10494e+07,8.48695e+06,1.10494e+07,8.48695e+06,2.0,2.0,1.10494e+07,8.48695e+06,4.0
Layer:x-Villa4-LP Block$0$LK-SHRB-TRNK,x-Villa4-LP Block$0$LK-SHRB-TRNK,186,186,186,2,10,1.10494e+07,8.48695e+06,1.10494e+07,8.48695e+06,2.0,2.0,1.10494e+07,8.48695e+06,4.0
Layer:x-Villa4-LP Block$0$LK-SHRB-TRNK,x-Villa4-LP Block$0$LK-SHRB-TRNK,186,186,186,2,10,1.10494e+07,8.48695e+06,1.10494e+07,8.48696e+06,2.0,2.0,1.10494e+07,8.48695e+06,4.0
Layer:x-Villa4-LP Block$0$LK-TREE-TRNK,x-Villa4-LP Block$0$LK-TREE-TRNK,186,186,186,2,10,1.10491e+07,8.48702e+06,1.10491e+07,8.48703e+06,14.0,12.0,1.10491e+07,8.48702e+06,168.0
Layer:x-Villa4-LP Block$0$LK-SHRB-TRNK,x-Villa4-LP Block$0$LK-SHRB-TRNK,186,186,186,2,10,1.10489e+07,8.48702e+06,1.10489e+07,8.48703e+06,6.0,6.0,1.10489e+07,8.48703e+06,36.0
Layer:x-Villa5-LP Block$0$LP-SHAR-BRDR-CONT,x-Villa5-LP Block$0$LP-SHAR-BRDR-CONT,186,186,186,7,32,1.10431e+07,8.48532e+06,1.10441e+07,8.48547e+06,978.0,154.0,1.10436e+07,8.4854e+06,150612.0
Layer:x-Villa5-LP Block$0$L-002,x-Villa5-LP Block$0$L-002,186,186,186,4,16,1.10431e+07,8.4853e+06,1.10441e+07,8.48536e+06,976.0,51.0,1.10436e+07,8.48533e+06,49776.0
Layer:x-Villa5-LP Block$0$LK-SHRB-TRNK,x-Villa5-LP Block$0$LK-SHRB-TRNK,186,186,186,2,10,1.1043e+07,8.48534e+06,1.1043e+07,8.48535e+06,4.0,4.0,1.1043e+07,8.48534e+06,16.0
Layer:x-Villa5-LP Block$0$LK-TREE-TRNK,x-Villa5-LP Block$0$LK-TREE-TRNK,186,186,186,2,10,1.10432e+07,8.48532e+06,1.10432e+07,8.48533e+06,14.0,12.0,1.10432e+07,8.48532e+06,168.0
Layer:x-Villa5-LP Block$0$LK-TREE-TRNK,x-Villa5-LP Block$0$LK-TREE-TRNK,186,186,186,2,10,1.10435e+07,8.48533e+06,1.10436e+07,8.48534e+06,12.0,14.0,1.10436e+07,8.48533e+06,168.0
Layer:x-Villa5-LP Block$0$LK-TREE-050M,x-Villa5-LP Block$0$LK-TREE-050M,186,186,186,1,10,1.10432e+07,8.48528e+06,1.10434e+07,8.4854e+06,118.0,118.0,1.10433e+07,8.48534e+06,13924.0
Layer:x-Villa5-LP Block$0$LK-TREE-025M,x-Villa5-LP Block$0$LK-TREE-025M,186,186,186,1,13,1.10432e+07,8.48528e+06,1.10434e+07,8.4854e+06,114.0,116.0,1.10433e+07,8.48534e+06,13224.0
Layer:x-Villa5-LP Block$0$LK-TREE-TRNK,x-Villa5-LP Block$0$LK-TREE-TRNK,186,186,186,2,10,1.10433e+07,8.48534e+06,1.10433e+07,8.48535e+06,8.0,12.0,1.10433e+07,8.48534e+06,96.0
Layer:x-Villa5-LP Block$0$LK-SHRB-TRNK,x-Villa5-LP Block$0$LK-SHRB-TRNK,186,186,186,2,10,1.10434e+07,8.48536e+06,1.10434e+07,8.48537e+06,2.0,2.0,1.10434e+07,8.48536e+06,4.0
Layer:x-Villa5-LP Block$0$LP-TREE,x-Villa5-LP Block$0$LP-TREE,186,186,186,3,12,1.10433e+07,8.48532e+06,1.10439e+07,8.48544e+06,654.0,126.0,1.10436e+07,8.48538e+06,82404.0
Layer:x-Villa5-LP Block$0$LK-SHRB-TRNK,x-Villa5-LP Block$0$LK-SHRB-TRNK,186,186,186,6,30,1.10433e+07,8.48541e+06,1.10433e+07,8.48542e+06,10.0,10.0,1.10433e+07,8.48542e+06,100.0
Layer:x-Villa5-LP Block$0$LK-TREE-TRNK,x-Villa5-LP Block$0$LK-TREE-TRNK,186,186,186,2,10,1.1044e+07,8.48533e+06,1.1044e+07,8.48534e+06,14.0,12.0,1.1044e+07,8.48533e+06,168.0
Layer:x-Villa5-LP Block$0$LK-SHRB-TRNK,x-Villa5-LP Block$0$LK-SHRB-TRNK,186,186,186,2,10,1.10437e+07,8.48537e+06,1.10437e+07,8.48537e+06,2.0,2.0,1.10437e+07,8.48537e+06,4.0
Layer:x-Villa5-LP Block$0$LK-SHRB-TRNK,x-Villa5-LP Block$0$LK-SHRB-TRNK,186,186,186,2,10,1.10437e+07,8.48537e+06,1.10437e+07,8.48537e+06,2.0,2.0,1.10437e+07,8.48537e+06,4.0
Layer:x-Villa5-LP Block$0$LK-SHRB-TRNK,x-Villa5-LP Block$0$LK-SHRB-TRNK,186,186,186,6,30,1.10439e+07,8.48542e+06,1.10439e+07,8.48543e+06,10.0,10.0,1.10439e+07,8.48542e+06,100.0
Layer:x-Villa5-LP Block$0$LK-TREE-050M,x-Villa5-LP Block$0$LK-TREE-050M,186,186,186,1,10,1.10438e+07,8.48528e+06,1.10439e+07,8.48539e+06,118.0,118.0,1.10439e+07,8.48534e+06,13924.0
Layer:x-Villa5-LP Block$0$LK-TREE-025M,x-Villa5-LP Block$0$LK-TREE-025M,186,186,186,1,13,1.10438e+07,8.48528e+06,1.10439e+07,8.48539e+06,116.0,114.0,1.10438e+07,8.48533e+06,13224.0
Layer:x-Villa5-LP Block$0$LK-TREE-TRNK,x-Villa5-LP Block$0$LK-TREE-TRNK,186,186,186,2,10,1.10438e+07,8.48533e+06,1.10439e+07,8.48534e+06,12.0,8.0,1.10439e+07,8.48534e+06,96.0
Layer:x-Villa5-LP Block$0$LK-SHRB-TRNK,x-Villa5-LP Block$0$LK-SHRB-TRNK,186,186,186,2,10,1.10434e+07,8.48536e+06,1.10435e+07,8.48536e+06,2.0,2.0,1.10435e+07,8.48536e+06,4.0
Layer:x-Villa5-LP Block$0$LK-SHRB-TRNK,x-Villa5-LP Block$0$LK-SHRB-TRNK,186,186,186,2,10,1.10435e+07,8.48536e+06,1.10435e+07,8.48536e+06,2.0,2.0,1.10435e+07,8.48536e+06,4.0
Layer:x-Villa5-LP Block$0$LK-SHRB-TRNK,x-Villa5-LP Block$0$LK-SHRB-TRNK,186,186,186,2,10,1.10437e+07,8.48537e+06,1.10437e+07,8.48537e+06,2.0,2.0,1.10437e+07,8.48537e+06,4.0
Layer:x-Villa5-LP Block$0$LP-SHAR-BRDR-CONT,x-Villa5-LP Block$0$LP-SHAR-BRDR-CONT,186,186,186,7,32,1.10457e+07,8.48533e+06,1.10466e+07,8.48549e+06,978.0,154.0,1.10462e+07,8.48541e+06,150612.0
Layer:x-Villa5-LP Block$0$L-002,x-Villa5-LP Block$0$L-002,186,186,186,4,16,1.10457e+07,8.48532e+06,1.10466e+07,8.48537e+06,976.0,51.0,1.10462e+07,8.48535e+06,49776.0
Layer:x-Villa5-LP Block$0$LK-SHRB-TRNK,x-Villa5-LP Block$0$LK-SHRB-TRNK,186,186,186,2,10,1.10456e+07,8.48536e+06,1.10456e+07,8.48536e+06,4.0,4.0,1.10456e+07,8.48536e+06,16.0
Layer:x-Villa5-LP Block$0$LK-TREE-TRNK,x-Villa5-LP Block$0$LK-TREE-TRNK,186,186,186,2,10,1.10457e+07,8.48533e+06,1.10457e+07,8.48534e+06,14.0,12.0,1.10457e+07,8.48534e+06,168.0
Layer:x-Villa5-LP Block$0$LK-TREE-TRNK,x-Villa5-LP Block$0$LK-TREE-TRNK,186,186,186,2,10,1.10461e+07,8.48534e+06,1.10461e+07,8.48536e+06,12.0,14.0,1.10461e+07,8.48535e+06,168.0
Layer:x-Villa5-LP Block$0$LK-TREE-050M,x-Villa5-LP Block$0$LK-TREE-050M,186,186,186,1,10,1.10458e+07,8.4853e+06,1.10459e+07,8.48542e+06,118.0,118.0,1.10459e+07,8.48536e+06,13924.0
Layer:x-Villa5-LP Block$0$LK-TREE-025M,x-Villa5-LP Block$0$LK-TREE-025M,186,186,186,1,13,1.10458e+07,8.4853e+06,1.10459e+07,8.48541e+06,114.0,116.0,1.10459e+07,8.48536e+06,13224.0
Layer:x-Villa5-LP Block$0$LK-TREE-TRNK,x-Villa5-LP Block$0$LK-TREE-TRNK,186,186,186,2,10,1.10459e+07,8.48535e+06,1.10459e+07,8.48536e+06,8.0,12.0,1.10459e+07,8.48536e+06,96.0
Layer:x-Villa5-LP Block$0$LK-SHRB-TRNK,x-Villa5-LP Block$0$LK-SHRB-TRNK,186,186,186,2,10,1.1046e+07,8.48538e+06,1.1046e+07,8.48538e+06,2.0,2.0,1.1046e+07,8.48538e+06,4.0
Layer:x-Villa5-LP Block$0$LP-TREE,x-Villa5-LP Block$0$LP-TREE,186,186,186,3,12,1.10458e+07,8.48534e+06,1.10465e+07,8.48546e+06,654.0,126.0,1.10462e+07,8.4854e+06,82404.0
Layer:x-Villa5-LP Block$0$LK-SHRB-TRNK,x-Villa5-LP Block$0$LK-SHRB-TRNK,186,186,186,6,30,1.10459e+07,8.48543e+06,1.10459e+07,8.48544e+06,10.0,10.0,1.10459e+07,8.48543e+06,100.0
Layer:x-Villa5-LP Block$0$LK-TREE-TRNK,x-Villa5-LP Block$0$LK-TREE-TRNK,186,186,186,2,10,1.10466e+07,8.48534e+06,1.10466e+07,8.48536e+06,14.0,12.0,1.10466e+07,8.48535e+06,168.0
Layer:x-Villa5-LP Block$0$LK-SHRB-TRNK,x-Villa5-LP Block$0$LK-SHRB-TRNK,186,186,186,2,10,1.10463e+07,8.48538e+06,1.10463e+07,8.48538e+06,2.0,2.0,1.10463e+07,8.48538e+06,4.0
Layer:x-Villa5-LP Block$0$LK-SHRB-TRNK,x-Villa5-LP Block$0$LK-SHRB-TRNK,186,186,186,2,10,1.10463e+07,8.48538e+06,1.10463e+07,8.48538e+06,2.0,2.0,1.10463e+07,8.48538e+06,4.0
Layer:x-Villa5-LP Block$0$LK-SHRB-TRNK,x-Villa5-LP Block$0$LK-SHRB-TRNK,186,186,186,6,30,1.10465e+07,8.48543e+06,1.10465e+07,8.48544e+06,10.0,10.0,1.10465e+07,8.48544e+06,100.0
Layer:x-Villa5-LP Block$0$LK-TREE-050M,x-Villa5-LP Block$0$LK-TREE-050M,186,186,186,1,10,1.10464e+07,8.48529e+06,1.10465e+07,8.48541e+06,118.0,118.0,1.10464e+07,8.48535e+06,13924.0
Layer:x-Villa5-LP Block$0$LK-TREE-025M,x-Villa5-LP Block$0$LK-TREE-025M,186,186,186,1,13,1.10464e+07,8.48529e+06,1.10465e+07,8.48541e+06,116.0,114.0,1.10464e+07,8.48535e+06,13224.0
Layer:x-Villa5-LP Block$0$LK-TREE-TRNK,x-Villa5-LP Block$0$LK-TREE-TRNK,186,186,186,2,10,1.10464e+07,8.48535e+06,1.10464e+07,8.48536e+06,12.0,8.0,1.10464e+07,8.48535e+06,96.0
Layer:x-Villa5-LP Block$0$LK-SHRB-TRNK,x-Villa5-LP Block$0$LK-SHRB-TRNK,186,186,186,2,10,1.1046e+07,8.48538e+06,1.1046e+07,8.48538e+06,2.0,2.0,1.1046e+07,8.48538e+06,4.0
Layer:x-Villa5-LP Block$0$LK-SHRB-TRNK,x-Villa5-LP Block$0$LK-SHRB-TRNK,186,186,186,2,10,1.10461e+07,8.48538e+06,1.10461e+07,8.48538e+06,2.0,2.0,1.10461e+07,8.48538e+06,4.0
Layer:x-Villa5-LP Block$0$LK-SHRB-TRNK,x-Villa5-LP Block$0$LK-SHRB-TRNK,186,186,186,2,10,1.10463e+07,8.48538e+06,1.10463e+07,8.48538e+06,2.0,2.0,1.10463e+07,8.48538e+06,4.0
Layer:x-Villa5-LP Block$0$LP-SHAR-BRDR-CONT,x-Villa5-LP Block$0$LP-SHAR-BRDR-CONT,186,186,186,7,32,1.10476e+07,8.48535e+06,1.10486e+07,8.4855e+06,978.0,154.0,1.10481e+07,8.48542e+06,150612.0
Layer:x-Villa5-LP Block$0$L-002,x-Villa5-LP Block$0$L-002,186,186,186,4,16,1.10476e+07,8.48533e+06,1.10486e+07,8.48538e+06,976.0,51.0,1.10481e+07,8.48536e+06,49776.0
Layer:x-Villa5-LP Block$0$LK-SHRB-TRNK,x-Villa5-LP Block$0$LK-SHRB-TRNK,186,186,186,2,10,1.10476e+07,8.48537e+06,1.10476e+07,8.48538e+06,4.0,4.0,1.10476e+07,8.48537e+06,16.0
Layer:x-Villa5-LP Block$0$LK-TREE-TRNK,x-Villa5-LP Block$0$LK-TREE-TRNK,186,186,186,2,10,1.10477e+07,8.48534e+06,1.10477e+07,8.48536e+06,14.0,12.0,1.10477e+07,8.48535e+06,168.0
Layer:x-Villa5-LP Block$0$LK-TREE-TRNK,x-Villa5-LP Block$0$LK-TREE-TRNK,186,186,186,2,10,1.10481e+07,8.48536e+06,1.10481e+07,8.48537e+06,12.0,14.0,1.10481e+07,8.48536e+06,168.0
Layer:x-Villa5-LP Block$0$LK-TREE-050M,x-Villa5-LP Block$0$LK-TREE-050M,186,186,186,1,10,1.10478e+07,8.48531e+06,1.10479e+07,8.48543e+06,118.0,118.0,1.10478e+07,8.48537e+06,13924.0
Layer:x-Villa5-LP Block$0$LK-TREE-025M,x-Villa5-LP Block$0$LK-TREE-025M,186,186,186,1,13,1.10478e+07,8.48531e+06,1.10479e+07,8.48543e+06,114.0,116.0,1.10478e+07,8.48537e+06,13224.0
Layer:x-Villa5-LP Block$0$LK-TREE-TRNK,x-Villa5-LP Block$0$LK-TREE-TRNK,186,186,186,2,10,1.10478e+07,8.48537e+06,1.10478e+07,8.48538e+06,8.0,12.0,1.10478e+07,8.48537e+06,96.0
Layer:x-Villa5-LP Block$0$LK-SHRB-TRNK,x-Villa5-LP Block$0$LK-SHRB-TRNK,186,186,186,2,10,1.1048e+07,8.48539e+06,1.1048e+07,8.4854e+06,2.0,2.0,1.1048e+07,8.48539e+06,4.0
Layer:x-Villa5-LP Block$0$LP-TREE,x-Villa5-LP Block$0$LP-TREE,186,186,186,3,12,1.10478e+07,8.48535e+06,1.10484e+07,8.48547e+06,654.0,126.0,1.10481e+07,8.48541e+06,82404.0
Layer:x-Villa5-LP Block$0$LK-SHRB-TRNK,x-Villa5-LP Block$0$LK-SHRB-TRNK,186,186,186,6,30,1.10478e+07,8.48544e+06,1.10478e+07,8.48545e+06,10.0,10.0,1.10478e+07,8.48544e+06,100.0
Layer:x-Villa5-LP Block$0$LK-TREE-TRNK,x-Villa5-LP Block$0$LK-TREE-TRNK,186,186,186,2,10,1.10485e+07,8.48536e+06,1.10486e+07,8.48537e+06,14.0,12.0,1.10485e+07,8.48536e+06,168.0
Layer:x-Villa5-LP Block$0$LK-SHRB-TRNK,x-Villa5-LP Block$0$LK-SHRB-TRNK,186,186,186,2,10,1.10482e+07,8.4854e+06,1.10482e+07,8.4854e+06,2.0,2.0,1.10482e+07,8.4854e+06,4.0
Layer:x-Villa5-LP Block$0$LK-SHRB-TRNK,x-Villa5-LP Block$0$LK-SHRB-TRNK,186,186,186,2,10,1.10482e+07,8.4854e+06,1.10483e+07,8.4854e+06,2.0,2.0,1.10482e+07,8.4854e+06,4.0
Layer:x-Villa5-LP Block$0$LK-SHRB-TRNK,x-Villa5-LP Block$0$LK-SHRB-TRNK,186,186,186,6,30,1.10484e+07,8.48545e+06,1.10484e+07,8.48546e+06,10.0,10.0,1.10484e+07,8.48545e+06,100.0
Layer:x-Villa5-LP Block$0$LK-TREE-050M,x-Villa5-LP Block$0$LK-TREE-050M,186,186,186,1,10,1.10483e+07,8.4853e+06,1.10484e+07,8.48542e+06,118.0,118.0,1.10484e+07,8.48536e+06,13924.0
Layer:x-Villa5-LP Block$0$LK-TREE-025M,x-Villa5-LP Block$0$LK-TREE-025M,186,186,186,1,13,1.10483e+07,8.48531e+06,1.10484e+07,8.48542e+06,116.0,114.0,1.10484e+07,8.48536e+06,13224.0
Layer:x-Villa5-LP Block$0$LK-TREE-TRNK,x-Villa5-LP Block$0$LK-TREE-TRNK,186,186,186,2,10,1.10484e+07,8.48536e+06,1.10484e+07,8.48537e+06,12.0,8.0,1.10484e+07,8.48536e+06,96.0
Layer:x-Villa5-LP Block$0$LK-SHRB-TRNK,x-Villa5-LP Block$0$LK-SHRB-TRNK,186,186,186,2,10,1.1048e+07,8.48539e+06,1.1048e+07,8.48539e+06,2.0,2.0,1.1048e+07,8.48539e+06,4.0
Layer:x-Villa5-LP Block$0$LK-SHRB-TRNK,x-Villa5-LP Block$0$LK-SHRB-TRNK,186,186,186,2,10,1.1048e+07,8.48539e+06,1.1048e+07,8.48539e+06,2.0,2.0,1.1048e+07,8.48539e+06,4.0
Layer:x-Villa5-LP Block$0$LK-SHRB-TRNK,x-Villa5-LP Block$0$LK-SHRB-TRNK,186,186,186,2,10,1.10483e+07,8.4854e+06,1.10483e+07,8.4854e+06,2.0,2.0,1.10483e+07,8.4854e+06,4.0
Layer:x-Villa5-LP Block$0$LP-SHAR-BRDR-CONT,x-Villa5-LP Block$0$LP-SHAR-BRDR-CONT,186,186,186,7,32,1.10502e+07,8.48536e+06,1.10512e+07,8.48552e+06,978.0,154.0,1.10507e+07,8.48544e+06,150612.0
Layer:x-Villa5-LP Block$0$L-002,x-Villa5-LP Block$0$L-002,186,186,186,4,16,1.10502e+07,8.48535e+06,1.10512e+07,8.4854e+06,976.0,51.0,1.10507e+07,8.48537e+06,49776.0
Layer:x-Villa5-LP Block$0$LK-SHRB-TRNK,x-Villa5-LP Block$0$LK-SHRB-TRNK,186,186,186,2,10,1.10501e+07,8.48539e+06,1.10501e+07,8.48539e+06,4.0,4.0,1.10501e+07,8.48539e+06,16.0
Layer:x-Villa5-LP Block$0$LK-TREE-TRNK,x-Villa5-LP Block$0$LK-TREE-TRNK,186,186,186,2,10,1.10503e+07,8.48536e+06,1.10503e+07,8.48537e+06,14.0,12.0,1.10503e+07,8.48537e+06,168.0
Layer:x-Villa5-LP Block$0$LK-TREE-TRNK,x-Villa5-LP Block$0$LK-TREE-TRNK,186,186,186,2,10,1.10507e+07,8.48537e+06,1.10507e+07,8.48539e+06,12.0,14.0,1.10507e+07,8.48538e+06,168.0
Layer:x-Villa5-LP Block$0$LK-TREE-050M,x-Villa5-LP Block$0$LK-TREE-050M,186,186,186,1,10,1.10504e+07,8.48533e+06,1.10505e+07,8.48545e+06,118.0,118.0,1.10504e+07,8.48539e+06,13924.0
Layer:x-Villa5-LP Block$0$LK-TREE-025M,x-Villa5-LP Block$0$LK-TREE-025M,186,186,186,1,13,1.10504e+07,8.48533e+06,1.10505e+07,8.48544e+06,114.0,116.0,1.10504e+07,8.48538e+06,13224.0
Layer:x-Villa5-LP Block$0$LK-TREE-TRNK,x-Villa5-LP Block$0$LK-TREE-TRNK,186,186,186,2,10,1.10504e+07,8.48538e+06,1.10504e+07,8.48539e+06,8.0,12.0,1.10504e+07,8.48539e+06,96.0
Layer:x-Villa5-LP Block$0$LK-SHRB-TRNK,x-Villa5-LP Block$0$LK-SHRB-TRNK,186,186,186,2,10,1.10505e+07,8.48541e+06,1.10506e+07,8.48541e+06,2.0,2.0,1.10505e+07,8.48541e+06,4.0
Layer:x-Villa5-LP Block$0$LP-TREE,x-Villa5-LP Block$0$LP-TREE,186,186,186,3,12,1.10504e+07,8.48536e+06,1.1051e+07,8.48549e+06,654.0,126.0,1.10507e+07,8.48543e+06,82404.0
Layer:x-Villa5-LP Block$0$LK-SHRB-TRNK,x-Villa5-LP Block$0$LK-SHRB-TRNK,186,186,186,6,30,1.10504e+07,8.48546e+06,1.10504e+07,8.48547e+06,10.0,10.0,1.10504e+07,8.48546e+06,100.0
Layer:x-Villa5-LP Block$0$LK-TREE-TRNK,x-Villa5-LP Block$0$LK-TREE-TRNK,186,186,186,2,10,1.10511e+07,8.48537e+06,1.10511e+07,8.48538e+06,14.0,12.0,1.10511e+07,8.48538e+06,168.0
Layer:x-Villa5-LP Block$0$LK-SHRB-TRNK,x-Villa5-LP Block$0$LK-SHRB-TRNK,186,186,186,2,10,1.10508e+07,8.48541e+06,1.10508e+07,8.48541e+06,2.0,2.0,1.10508e+07,8.48541e+06,4.0
Layer:x-Villa5-LP Block$0$LK-SHRB-TRNK,x-Villa5-LP Block$0$LK-SHRB-TRNK,186,186,186,2,10,1.10508e+07,8.48541e+06,1.10508e+07,8.48541e+06,2.0,2.0,1.10508e+07,8.48541e+06,4.0
Layer:x-Villa5-LP Block$0$LK-SHRB-TRNK,x-Villa5-LP Block$0$LK-SHRB-TRNK,186,186,186,6,30,1.1051e+07,8.48546e+06,1.1051e+07,8.48547e+06,10.0,10.0,1.1051e+07,8.48547e+06,100.0
Layer:x-Villa5-LP Block$0$LK-TREE-050M,x-Villa5-LP Block$0$LK-TREE-050M,186,186,186,1,10,1.10509e+07,8.48532e+06,1.1051e+07,8.48544e+06,118.0,118.0,1.1051e+07,8.48538e+06,13924.0
Layer:x-Villa5-LP Block$0$LK-TREE-025M,x-Villa5-LP Block$0$LK-TREE-025M,186,186,186,1,13,1.10509e+07,8.48532e+06,1.1051e+07,8.48544e+06,116.0,114.0,1.1051e+07,8.48538e+06,13224.0
Layer:x-Villa5-LP Block$0$LK-TREE-TRNK,x-Villa5-LP Block$0$LK-TREE-TRNK,186,186,186,2,10,1.1051e+07,8.48538e+06,1.1051e+07,8.48538e+06,12.0,8.0,1.1051e+07,8.48538e+06,96.0
Layer:x-Villa5-LP Block$0$LK-SHRB-TRNK,x-Villa5-LP Block$0$LK-SHRB-TRNK,186,186,186,2,10,1.10506e+07,8.48541e+06,1.10506e+07,8.48541e+06,2.0,2.0,1.10506e+07,8.48541e+06,4.0
Layer:x-Villa5-LP Block$0$LK-SHRB-TRNK,x-Villa5-LP Block$0$LK-SHRB-TRNK,186,186,186,2,10,1.10506e+07,8.48541e+06,1.10506e+07,8.48541e+06,2.0,2.0,1.10506e+07,8.48541e+06,4.0
Layer:x-Villa5-LP Block$0$LK-SHRB-TRNK,x-Villa5-LP Block$0$LK-SHRB-TRNK,186,186,186,2,10,1.10509e+07,8.48541e+06,1.10509e+07,8.48541e+06,2.0,2.0,1.10509e+07,8.48541e+06,4.0
Layer:x-Villa5-LP Block$0$LP-SHAR-BRDR-CONT,x-Villa5-LP Block$0$LP-SHAR-BRDR-CONT,186,186,186,7,32,1.10502e+07,8.48691e+06,1.10512e+07,8.48706e+06,978.0,154.0,1.10507e+07,8.48699e+06,150612.0
Layer:x-Villa5-LP Block$0$L-002,x-Villa5-LP Block$0$L-002,186,186,186,4,16,1.10502e+07,8.48703e+06,1.10512e+07,8.48708e+06,976.0,51.0,1.10507e+07,8.48705e+06,49776.0
Layer:x-Villa5-LP Block$0$LK-SHRB-TRNK,x-Villa5-LP Block$0$LK-SHRB-TRNK,186,186,186,2,10,1.10513e+07,8.48704e+06,1.10513e+07,8.48704e+06,4.0,4.0,1.10513e+07,8.48704e+06,16.0
Layer:x-Villa5-LP Block$0$LK-TREE-TRNK,x-Villa5-LP Block$0$LK-TREE-TRNK,186,186,186,2,10,1.10511e+07,8.48706e+06,1.10511e+07,8.48707e+06,14.0,12.0,1.10511e+07,8.48706e+06,168.0
Layer:x-Villa5-LP Block$0$LK-TREE-TRNK,x-Villa5-LP Block$0$LK-TREE-TRNK,186,186,186,2,10,1.10507e+07,8.48704e+06,1.10507e+07,8.48706e+06,12.0,14.0,1.10507e+07,8.48705e+06,168.0
Layer:x-Villa5-LP Block$0$LK-TREE-050M,x-Villa5-LP Block$0$LK-TREE-050M,186,186,186,1,10,1.10509e+07,8.48698e+06,1.1051e+07,8.4871e+06,118.0,118.0,1.1051e+07,8.48704e+06,13924.0
Layer:x-Villa5-LP Block$0$LK-TREE-025M,x-Villa5-LP Block$0$LK-TREE-025M,186,186,186,1,13,1.10509e+07,8.48698e+06,1.1051e+07,8.4871e+06,114.0,116.0,1.1051e+07,8.48704e+06,13224.0
Layer:x-Villa5-LP Block$0$LK-TREE-TRNK,x-Villa5-LP Block$0$LK-TREE-TRNK,186,186,186,2,10,1.1051e+07,8.48703e+06,1.1051e+07,8.48704e+06,8.0,12.0,1.1051e+07,8.48704e+06,96.0
Layer:x-Villa5-LP Block$0$LK-SHRB-TRNK,x-Villa5-LP Block$0$LK-SHRB-TRNK,186,186,186,2,10,1.10508e+07,8.48702e+06,1.10508e+07,8.48702e+06,2.0,2.0,1.10508e+07,8.48702e+06,4.0
Layer:x-Villa5-LP Block$0$LP-TREE,x-Villa5-LP Block$0$LP-TREE,186,186,186,3,12,1.10504e+07,8.48694e+06,1.1051e+07,8.48706e+06,654.0,126.0,1.10507e+07,8.487e+06,82404.0
Layer:x-Villa5-LP Block$0$LK-SHRB-TRNK,x-Villa5-LP Block$0$LK-SHRB-TRNK,186,186,186,6,30,1.1051e+07,8.48696e+06,1.1051e+07,8.48697e+06,10.0,10.0,1.1051e+07,8.48697e+06,100.0
Layer:x-Villa5-LP Block$0$LK-TREE-TRNK,x-Villa5-LP Block$0$LK-TREE-TRNK,186,186,186,2,10,1.10503e+07,8.48704e+06,1.10503e+07,8.48706e+06,14.0,12.0,1.10503e+07,8.48705e+06,168.0
Layer:x-Villa5-LP Block$0$LK-SHRB-TRNK,x-Villa5-LP Block$0$LK-SHRB-TRNK,186,186,186,2,10,1.10506e+07,8.48701e+06,1.10506e+07,8.48702e+06,2.0,2.0,1.10506e+07,8.48702e+06,4.0
Layer:x-Villa5-LP Block$0$LK-SHRB-TRNK,x-Villa5-LP Block$0$LK-SHRB-TRNK,186,186,186,2,10,1.10506e+07,8.48701e+06,1.10506e+07,8.48702e+06,2.0,2.0,1.10506e+07,8.48702e+06,4.0
Layer:x-Villa5-LP Block$0$LK-SHRB-TRNK,x-Villa5-LP Block$0$LK-SHRB-TRNK,186,186,186,6,30,1.10504e+07,8.48696e+06,1.10504e+07,8.48696e+06,10.0,10.0,1.10504e+07,8.48696e+06,100.0
Layer:x-Villa5-LP Block$0$LK-TREE-050M,x-Villa5-LP Block$0$LK-TREE-050M,186,186,186,1,10,1.10504e+07,8.48699e+06,1.10505e+07,8.48711e+06,118.0,118.0,1.10504e+07,8.48705e+06,13924.0
Layer:x-Villa5-LP Block$0$LK-TREE-025M,x-Villa5-LP Block$0$LK-TREE-025M,186,186,186,1,13,1.10504e+07,8.48699e+06,1.10505e+07,8.4871e+06,116.0,114.0,1.10504e+07,8.48705e+06,13224.0
Layer:x-Villa5-LP Block$0$LK-TREE-TRNK,x-Villa5-LP Block$0$LK-TREE-TRNK,186,186,186,2,10,1.10504e+07,8.48704e+06,1.10504e+07,8.48705e+06,12.0,8.0,1.10504e+07,8.48705e+06,96.0
Layer:x-Villa5-LP Block$0$LK-SHRB-TRNK,x-Villa5-LP Block$0$LK-SHRB-TRNK,186,186,186,2,10,1.10508e+07,8.48702e+06,1.10508e+07,8.48702e+06,2.0,2.0,1.10508e+07,8.48702e+06,4.0
Layer:x-Villa5-LP Block$0$LK-SHRB-TRNK,x-Villa5-LP Block$0$LK-SHRB-TRNK,186,186,186,2,10,1.10508e+07,8.48702e+06,1.10508e+07,8.48702e+06,2.0,2.0,1.10508e+07,8.48702e+06,4.0
Layer:x-Villa5-LP Block$0$LK-SHRB-TRNK,x-Villa5-LP Block$0$LK-SHRB-TRNK,186,186,186,2,10,1.10505e+07,8.48701e+06,1.10505e+07,8.48702e+06,2.0,2.0,1.10505e+07,8.48702e+06,4.0
Layer:x-Villa5-LP Block$0$LP-SHAR-BRDR-CONT,x-Villa5-LP Block$0$LP-SHAR-BRDR-CONT,186,186,186,7,32,1.10476e+07,8.48689e+06,1.10486e+07,8.48705e+06,978.0,154.0,1.10481e+07,8.48697e+06,150612.0
Layer:x-Villa5-LP Block$0$L-002,x-Villa5-LP Block$0$L-002,186,186,186,4,16,1.10476e+07,8.48701e+06,1.10486e+07,8.48706e+06,976.0,51.0,1.10481e+07,8.48704e+06,49776.0
Layer:x-Villa5-LP Block$0$LK-SHRB-TRNK,x-Villa5-LP Block$0$LK-SHRB-TRNK,186,186,186,2,10,1.10487e+07,8.48702e+06,1.10487e+07,8.48702e+06,4.0,4.0,1.10487e+07,8.48702e+06,16.0
Layer:x-Villa5-LP Block$0$LK-TREE-TRNK,x-Villa5-LP Block$0$LK-TREE-TRNK,186,186,186,2,10,1.10485e+07,8.48704e+06,1.10485e+07,8.48705e+06,14.0,12.0,1.10485e+07,8.48704e+06,168.0
Layer:x-Villa5-LP Block$0$LK-TREE-TRNK,x-Villa5-LP Block$0$LK-TREE-TRNK,186,186,186,2,10,1.10481e+07,8.48702e+06,1.10481e+07,8.48704e+06,12.0,14.0,1.10481e+07,8.48703e+06,168.0
Layer:x-Villa5-LP Block$0$LK-TREE-050M,x-Villa5-LP Block$0$LK-TREE-050M,186,186,186,1,10,1.10483e+07,8.48696e+06,1.10484e+07,8.48708e+06,118.0,118.0,1.10484e+07,8.48702e+06,13924.0
Layer:x-Villa5-LP Block$0$LK-TREE-025M,x-Villa5-LP Block$0$LK-TREE-025M,186,186,186,1,13,1.10483e+07,8.48697e+06,1.10484e+07,8.48708e+06,114.0,116.0,1.10484e+07,8.48702e+06,13224.0
Layer:x-Villa5-LP Block$0$LK-TREE-TRNK,x-Villa5-LP Block$0$LK-TREE-TRNK,186,186,186,2,10,1.10484e+07,8.48702e+06,1.10484e+07,8.48703e+06,8.0,12.0,1.10484e+07,8.48702e+06,96.0
Layer:x-Villa5-LP Block$0$LK-SHRB-TRNK,x-Villa5-LP Block$0$LK-SHRB-TRNK,186,186,186,2,10,1.10483e+07,8.487e+06,1.10483e+07,8.487e+06,2.0,2.0,1.10483e+07,8.487e+06,4.0
Layer:x-Villa5-LP Block$0$LP-TREE,x-Villa5-LP Block$0$LP-TREE,186,186,186,3,12,1.10478e+07,8.48692e+06,1.10484e+07,8.48705e+06,654.0,126.0,1.10481e+07,8.48698e+06,82404.0
Layer:x-Villa5-LP Block$0$LK-SHRB-TRNK,x-Villa5-LP Block$0$LK-SHRB-TRNK,186,186,186,6,30,1.10484e+07,8.48694e+06,1.10484e+07,8.48695e+06,10.0,10.0,1.10484e+07,8.48695e+06,100.0
Layer:x-Villa5-LP Block$0$LK-TREE-TRNK,x-Villa5-LP Block$0$LK-TREE-TRNK,186,186,186,2,10,1.10477e+07,8.48703e+06,1.10477e+07,8.48704e+06,14.0,12.0,1.10477e+07,8.48703e+06,168.0
Layer:x-Villa5-LP Block$0$LK-SHRB-TRNK,x-Villa5-LP Block$0$LK-SHRB-TRNK,186,186,186,2,10,1.1048e+07,8.487e+06,1.1048e+07,8.487e+06,2.0,2.0,1.1048e+07,8.487e+06,4.0
Layer:x-Villa5-LP Block$0$LK-SHRB-TRNK,x-Villa5-LP Block$0$LK-SHRB-TRNK,186,186,186,2,10,1.1048e+07,8.487e+06,1.1048e+07,8.487e+06,2.0,2.0,1.1048e+07,8.487e+06,4.0
Layer:x-Villa5-LP Block$0$LK-SHRB-TRNK,x-Villa5-LP Block$0$LK-SHRB-TRNK,186,186,186,6,30,1.10478e+07,8.48694e+06,1.10478e+07,8.48695e+06,10.0,10.0,1.10478e+07,8.48694e+06,100.0
Layer:x-Villa5-LP Block$0$LK-TREE-050M,x-Villa5-LP Block$0$LK-TREE-050M,186,186,186,1,10,1.10478e+07,8.48697e+06,1.10479e+07,8.48709e+06,118.0,118.0,1.10478e+07,8.48703e+06,13924.0
Layer:x-Villa5-LP Block$0$LK-TREE-025M,x-Villa5-LP Block$0$LK-TREE-025M,186,186,186,1,13,1.10478e+07,8.48697e+06,1.10479e+07,8.48709e+06,116.0,114.0,1.10478e+07,8.48703e+06,13224.0
Layer:x-Villa5-LP Block$0$LK-TREE-TRNK,x-Villa5-LP Block$0$LK-TREE-TRNK,186,186,186,2,10,1.10478e+07,8.48703e+06,1.10478e+07,8.48703e+06,12.0,8.0,1.10478e+07,8.48703e+06,96.0
Layer:x-Villa5-LP Block$0$LK-SHRB-TRNK,x-Villa5-LP Block$0$LK-SHRB-TRNK,186,186,186,2,10,1.10482e+07,8.487e+06,1.10482e+07,8.487e+06,2.0,2.0,1.10482e+07,8.487e+06,4.0
Layer:x-Villa5-LP Block$0$LK-SHRB-TRNK,x-Villa5-LP Block$0$LK-SHRB-TRNK,186,186,186,2,10,1.10482e+07,8.487e+06,1.10482e+07,8.487e+06,2.0,2.0,1.10482e+07,8.487e+06,4.0
Layer:x-Villa5-LP Block$0$LK-SHRB-TRNK,x-Villa5-LP Block$0$LK-SHRB-TRNK,186,186,186,2,10,1.1048e+07,8.487e+06,1.1048e+07,8.487e+06,2.0,2.0,1.1048e+07,8.487e+06,4.0
Layer:x-Villa5-LP Block$0$LP-SHAR-BRDR-CONT,x-Villa5-LP Block$0$LP-SHAR-BRDR-CONT,186,186,186,7,32,1.10457e+07,8.48688e+06,1.10466e+07,8.48704e+06,978.0,154.0,1.10462e+07,8.48696e+06,150612.0
Layer:x-Villa5-LP Block$0$L-002,x-Villa5-LP Block$0$L-002,186,186,186,4,16,1.10457e+07,8.487e+06,1.10466e+07,8.48705e+06,976.0,51.0,1.10462e+07,8.48702e+06,49776.0
Layer:x-Villa5-LP Block$0$LK-SHRB-TRNK,x-Villa5-LP Block$0$LK-SHRB-TRNK,186,186,186,2,10,1.10467e+07,8.48701e+06,1.10467e+07,8.48701e+06,4.0,4.0,1.10467e+07,8.48701e+06,16.0
Layer:x-Villa5-LP Block$0$LK-TREE-TRNK,x-Villa5-LP Block$0$LK-TREE-TRNK,186,186,186,2,10,1.10466e+07,8.48703e+06,1.10466e+07,8.48704e+06,14.0,12.0,1.10466e+07,8.48703e+06,168.0
Layer:x-Villa5-LP Block$0$LK-TREE-TRNK,x-Villa5-LP Block$0$LK-TREE-TRNK,186,186,186,2,10,1.10462e+07,8.48701e+06,1.10462e+07,8.48703e+06,12.0,14.0,1.10462e+07,8.48702e+06,168.0
Layer:x-Villa5-LP Block$0$LK-TREE-050M,x-Villa5-LP Block$0$LK-TREE-050M,186,186,186,1,10,1.10464e+07,8.48695e+06,1.10465e+07,8.48707e+06,118.0,118.0,1.10464e+07,8.48701e+06,13924.0
Layer:x-Villa5-LP Block$0$LK-TREE-025M,x-Villa5-LP Block$0$LK-TREE-025M,186,186,186,1,13,1.10464e+07,8.48696e+06,1.10465e+07,8.48707e+06,114.0,116.0,1.10464e+07,8.48701e+06,13224.0
Layer:x-Villa5-LP Block$0$LK-TREE-TRNK,x-Villa5-LP Block$0$LK-TREE-TRNK,186,186,186,2,10,1.10464e+07,8.487e+06,1.10464e+07,8.48702e+06,8.0,12.0,1.10464e+07,8.48701e+06,96.0
Layer:x-Villa5-LP Block$0$LK-SHRB-TRNK,x-Villa5-LP Block$0$LK-SHRB-TRNK,186,186,186,2,10,1.10463e+07,8.48699e+06,1.10463e+07,8.48699e+06,2.0,2.0,1.10463e+07,8.48699e+06,4.0
Layer:x-Villa5-LP Block$0$LP-TREE,x-Villa5-LP Block$0$LP-TREE,186,186,186,3,12,1.10458e+07,8.48691e+06,1.10465e+07,8.48703e+06,654.0,126.0,1.10462e+07,8.48697e+06,82404.0
Layer:x-Villa5-LP Block$0$LK-SHRB-TRNK,x-Villa5-LP Block$0$LK-SHRB-TRNK,186,186,186,6,30,1.10465e+07,8.48693e+06,1.10465e+07,8.48694e+06,10.0,10.0,1.10465e+07,8.48694e+06,100.0
Layer:x-Villa5-LP Block$0$LK-TREE-TRNK,x-Villa5-LP Block$0$LK-TREE-TRNK,186,186,186,2,10,1.10457e+07,8.48701e+06,1.10457e+07,8.48703e+06,14.0,12.0,1.10457e+07,8.48702e+06,168.0
Layer:x-Villa5-LP Block$0$LK-SHRB-TRNK,x-Villa5-LP Block$0$LK-SHRB-TRNK,186,186,186,2,10,1.1046e+07,8.48698e+06,1.1046e+07,8.48699e+06,2.0,2.0,1.1046e+07,8.48699e+06,4.0
Layer:x-Villa5-LP Block$0$LK-SHRB-TRNK,x-Villa5-LP Block$0$LK-SHRB-TRNK,186,186,186,2,10,1.1046e+07,8.48698e+06,1.1046e+07,8.48699e+06,2.0,2.0,1.1046e+07,8.48699e+06,4.0
Layer:x-Villa5-LP Block$0$LK-SHRB-TRNK,x-Villa5-LP Block$0$LK-SHRB-TRNK,186,186,186,6,30,1.10458e+07,8.48693e+06,1.10459e+07,8.48694e+06,10.0,10.0,1.10459e+07,8.48693e+06,100.0
Layer:x-Villa5-LP Block$0$LK-TREE-050M,x-Villa5-LP Block$0$LK-TREE-050M,186,186,186,1,10,1.10458e+07,8.48696e+06,1.10459e+07,8.48708e+06,118.0,118.0,1.10459e+07,8.48702e+06,13924.0
Layer:x-Villa5-LP Block$0$LK-TREE-025M,x-Villa5-LP Block$0$LK-TREE-025M,186,186,186,1,13,1.10458e+07,8.48696e+06,1.10459e+07,8.48708e+06,116.0,114.0,1.10459e+07,8.48702e+06,13224.0
Layer:x-Villa5-LP Block$0$LK-TREE-TRNK,x-Villa5-LP Block$0$LK-TREE-TRNK,186,186,186,2,10,1.10459e+07,8.48701e+06,1.10459e+07,8.48702e+06,12.0,8.0,1.10459e+07,8.48702e+06,96.0
Layer:x-Villa5-LP Block$0$LK-SHRB-TRNK,x-Villa5-LP Block$0$LK-SHRB-TRNK,186,186,186,2,10,1.10463e+07,8.48699e+06,1.10463e+07,8.48699e+06,2.0,2.0,1.10463e+07,8.48699e+06,4.0
Layer:x-Villa5-LP Block$0$LK-SHRB-TRNK,x-Villa5-LP Block$0$LK-SHRB-TRNK,186,186,186,2,10,1.10463e+07,8.48699e+06,1.10463e+07,8.48699e+06,2.0,2.0,1.10463e+07,8.48699e+06,4.0
Layer:x-Villa5-LP Block$0$LK-SHRB-TRNK,x-Villa5-LP Block$0$LK-SHRB-TRNK,186,186,186,2,10,1.1046e+07,8.48698e+06,1.1046e+07,8.48699e+06,2.0,2.0,1.1046e+07,8.48699e+06,4.0
Layer:x-Villa5-LP Block$0$LP-SHAR-BRDR-CONT,x-Villa5-LP Block$0$LP-SHAR-BRDR-CONT,186,186,186,7,32,1.10431e+07,8.48686e+06,1.10441e+07,8.48702e+06,978.0,154.0,1.10436e+07,8.48694e+06,150612.0
Layer:x-Villa5-LP Block$0$L-002,x-Villa5-LP Block$0$L-002,186,186,186,4,16,1.10431e+07,8.48698e+06,1.10441e+07,8.48703e+06,976.0,51.0,1.10436e+07,8.48701e+06,49776.0
Layer:x-Villa5-LP Block$0$LK-SHRB-TRNK,x-Villa5-LP Block$0$LK-SHRB-TRNK,186,186,186,2,10,1.10441e+07,8.48699e+06,1.10441e+07,8.487e+06,4.0,4.0,1.10441e+07,8.48699e+06,16.0
Layer:x-Villa5-LP Block$0$LK-TREE-TRNK,x-Villa5-LP Block$0$LK-TREE-TRNK,186,186,186,2,10,1.1044e+07,8.48701e+06,1.1044e+07,8.48702e+06,14.0,12.0,1.1044e+07,8.48702e+06,168.0
Layer:x-Villa5-LP Block$0$LK-TREE-TRNK,x-Villa5-LP Block$0$LK-TREE-TRNK,186,186,186,2,10,1.10436e+07,8.487e+06,1.10436e+07,8.48701e+06,12.0,14.0,1.10436e+07,8.487e+06,168.0
Layer:x-Villa5-LP Block$0$LK-TREE-050M,x-Villa5-LP Block$0$LK-TREE-050M,186,186,186,1,10,1.10438e+07,8.48693e+06,1.10439e+07,8.48705e+06,118.0,118.0,1.10438e+07,8.48699e+06,13924.0
Layer:x-Villa5-LP Block$0$LK-TREE-025M,x-Villa5-LP Block$0$LK-TREE-025M,186,186,186,1,13,1.10438e+07,8.48694e+06,1.10439e+07,8.48706e+06,114.0,116.0,1.10438e+07,8.487e+06,13224.0
Layer:x-Villa5-LP Block$0$LK-TREE-TRNK,x-Villa5-LP Block$0$LK-TREE-TRNK,186,186,186,2,10,1.10438e+07,8.48699e+06,1.10438e+07,8.487e+06,8.0,12.0,1.10438e+07,8.48699e+06,96.0
Layer:x-Villa5-LP Block$0$LK-SHRB-TRNK,x-Villa5-LP Block$0$LK-SHRB-TRNK,186,186,186,2,10,1.10437e+07,8.48697e+06,1.10437e+07,8.48697e+06,2.0,2.0,1.10437e+07,8.48697e+06,4.0
Layer:x-Villa5-LP Block$0$LP-TREE,x-Villa5-LP Block$0$LP-TREE,186,186,186,3,12,1.10432e+07,8.48689e+06,1.10439e+07,8.48702e+06,654.0,126.0,1.10436e+07,8.48696e+06,82404.0
Layer:x-Villa5-LP Block$0$LK-SHRB-TRNK,x-Villa5-LP Block$0$LK-SHRB-TRNK,186,186,186,6,30,1.10439e+07,8.48692e+06,1.10439e+07,8.48693e+06,10.0,10.0,1.10439e+07,8.48692e+06,100.0
Layer:x-Villa5-LP Block$0$LK-TREE-TRNK,x-Villa5-LP Block$0$LK-TREE-TRNK,186,186,186,2,10,1.10431e+07,8.487e+06,1.10431e+07,8.48701e+06,14.0,12.0,1.10431e+07,8.487e+06,168.0
Layer:x-Villa5-LP Block$0$LK-SHRB-TRNK,x-Villa5-LP Block$0$LK-SHRB-TRNK,186,186,186,2,10,1.10435e+07,8.48697e+06,1.10435e+07,8.48697e+06,2.0,2.0,1.10435e+07,8.48697e+06,4.0
Layer:x-Villa5-LP Block$0$LK-SHRB-TRNK,x-Villa5-LP Block$0$LK-SHRB-TRNK,186,186,186,2,10,1.10434e+07,8.48697e+06,1.10434e+07,8.48697e+06,2.0,2.0,1.10434e+07,8.48697e+06,4.0
Layer:x-Villa5-LP Block$0$LK-SHRB-TRNK,x-Villa5-LP Block$0$LK-SHRB-TRNK,186,186,186,6,30,1.10433e+07,8.48691e+06,1.10433e+07,8.48692e+06,10.0,10.0,1.10433e+07,8.48692e+06,100.0
Layer:x-Villa5-LP Block$0$LK-TREE-050M,x-Villa5-LP Block$0$LK-TREE-050M,186,186,186,1,10,1.10432e+07,8.48694e+06,1.10434e+07,8.48706e+06,118.0,118.0,1.10433e+07,8.487e+06,13924.0
Layer:x-Villa5-LP Block$0$LK-TREE-025M,x-Villa5-LP Block$0$LK-TREE-025M,186,186,186,1,13,1.10432e+07,8.48695e+06,1.10434e+07,8.48706e+06,116.0,114.0,1.10433e+07,8.487e+06,13224.0
Layer:x-Villa5-LP Block$0$LK-TREE-TRNK,x-Villa5-LP Block$0$LK-TREE-TRNK,186,186,186,2,10,1.10433e+07,8.487e+06,1.10433e+07,8.48701e+06,12.0,8.0,1.10433e+07,8.487e+06,96.0
Layer:x-Villa5-LP Block$0$LK-SHRB-TRNK,x-Villa5-LP Block$0$LK-SHRB-TRNK,186,186,186,2,10,1.10437e+07,8.48697e+06,1.10437e+07,8.48697e+06,2.0,2.0,1.10437e+07,8.48697e+06,4.0
Layer:x-Villa5-LP Block$0$LK-SHRB-TRNK,x-Villa5-LP Block$0$LK-SHRB-TRNK,186,186,186,2,10,1.10437e+07,8.48697e+06,1.10437e+07,8.48697e+06,2.0,2.0,1.10437e+07,8.48697e+06,4.0
Layer:x-Villa5-LP Block$0$LK-SHRB-TRNK,x-Villa5-LP Block$0$LK-SHRB-TRNK,186,186,186,2,10,1.10434e+07,8.48697e+06,1.10434e+07,8.48697e+06,2.0,2.0,1.10434e+07,8.48697e+06,4.0
Layer:x-Villa6-LP Block$0$LP-SHAR-BRDR-CONT,x-Villa6-LP Block$0$LP-SHAR-BRDR-CONT,186,186,186,7,44,1.10448e+07,8.48813e+06,1.1045e+07,8.48933e+06,158.0,1196.0,1.10449e+07,8.48873e+06,188968.0
Layer:x-Villa6-LP Block$0$L-002,x-Villa6-LP Block$0$L-002,186,186,186,4,19,1.10448e+07,8.48813e+06,1.10449e+07,8.48933e+06,117.0,1194.0,1.10448e+07,8.48873e+06,139698.0
Layer:x-Villa6-LP Block$0$LK-TREE-TRNK,x-Villa6-LP Block$0$LK-TREE-TRNK,186,186,186,2,10,1.10448e+07,8.48886e+06,1.10448e+07,8.48887e+06,14.0,12.0,1.10448e+07,8.48886e+06,168.0
Layer:x-Villa6-LP Block$0$LK-TREE-050M,x-Villa6-LP Block$0$LK-TREE-050M,186,186,186,1,10,1.10448e+07,8.48893e+06,1.10449e+07,8.48904e+06,118.0,118.0,1.10449e+07,8.48899e+06,13924.0
Layer:x-Villa6-LP Block$0$LK-TREE-025M,x-Villa6-LP Block$0$LK-TREE-025M,186,186,186,1,13,1.10448e+07,8.48893e+06,1.10449e+07,8.48904e+06,116.0,114.0,1.10448e+07,8.48898e+06,13224.0
Layer:x-Villa6-LP Block$0$LK-TREE-TRNK,x-Villa6-LP Block$0$LK-TREE-TRNK,186,186,186,2,10,1.10448e+07,8.48898e+06,1.10449e+07,8.48899e+06,12.0,8.0,1.10448e+07,8.48899e+06,96.0
Layer:x-Villa6-LP Block$0$LK-TREE-050M,x-Villa6-LP Block$0$LK-TREE-050M,186,186,186,1,10,1.10448e+07,8.48835e+06,1.10449e+07,8.48846e+06,118.0,118.0,1.10449e+07,8.48841e+06,13924.0
Layer:x-Villa6-LP Block$0$LK-TREE-025M,x-Villa6-LP Block$0$LK-TREE-025M,186,186,186,1,13,1.10448e+07,8.48835e+06,1.10449e+07,8.48847e+06,114.0,116.0,1.10449e+07,8.48841e+06,13224.0
Layer:x-Villa6-LP Block$0$LK-TREE-TRNK,x-Villa6-LP Block$0$LK-TREE-TRNK,186,186,186,2,10,1.10449e+07,8.4884e+06,1.10449e+07,8.48841e+06,8.0,12.0,1.10449e+07,8.48841e+06,96.0
Layer:x-Villa6-LP Block$0$LK-SHRB-TRNK,x-Villa6-LP Block$0$LK-SHRB-TRNK,186,186,186,2,10,1.10449e+07,8.48906e+06,1.10449e+07,8.48906e+06,2.0,2.0,1.10449e+07,8.48906e+06,4.0
Layer:x-Villa6-LP Block$0$LK-SHRB-TRNK,x-Villa6-LP Block$0$LK-SHRB-TRNK,186,186,186,2,10,1.10448e+07,8.4894e+06,1.10448e+07,8.4894e+06,4.0,4.0,1.10448e+07,8.4894e+06,16.0
Layer:x-Villa6-LP Block$0$LK-TREE-TRNK,x-Villa6-LP Block$0$LK-TREE-TRNK,186,186,186,2,10,1.10448e+07,8.48918e+06,1.10448e+07,8.4892e+06,12.0,14.0,1.10448e+07,8.48919e+06,168.0
Layer:x-Villa6-LP Block$0$LK-TREE-050M,x-Villa6-LP Block$0$LK-TREE-050M,186,186,186,1,10,1.10448e+07,8.48854e+06,1.10449e+07,8.48866e+06,118.0,118.0,1.10448e+07,8.4886e+06,13924.0
Layer:x-Villa6-LP Block$0$LK-TREE-025M,x-Villa6-LP Block$0$LK-TREE-025M,186,186,186,1,13,1.10448e+07,8.48855e+06,1.10449e+07,8.48866e+06,116.0,114.0,1.10448e+07,8.4886e+06,13224.0
Layer:x-Villa6-LP Block$0$LK-TREE-TRNK,x-Villa6-LP Block$0$LK-TREE-TRNK,186,186,186,2,10,1.10448e+07,8.4886e+06,1.10448e+07,8.48861e+06,12.0,8.0,1.10448e+07,8.4886e+06,96.0
Layer:x-Villa6-LP Block$0$LK-TREE-TRNK,x-Villa6-LP Block$0$LK-TREE-TRNK,186,186,186,2,10,1.10448e+07,8.4882e+06,1.10448e+07,8.48822e+06,12.0,14.0,1.10448e+07,8.48821e+06,168.0
Layer:x-Villa6-LP Block$0$LK-SHRB-TRNK,x-Villa6-LP Block$0$LK-SHRB-TRNK,186,186,186,2,10,1.10448e+07,8.48859e+06,1.10448e+07,8.48859e+06,2.0,2.0,1.10448e+07,8.48859e+06,4.0
Layer:x-Villa6-LP Block$0$LK-SHRB-TRNK,x-Villa6-LP Block$0$LK-SHRB-TRNK,186,186,186,2,10,1.10449e+07,8.48834e+06,1.10449e+07,8.48834e+06,2.0,2.0,1.10449e+07,8.48834e+06,4.0
Layer:x-Villa6-LP Block$0$LP-TREE,x-Villa6-LP Block$0$LP-TREE,186,186,186,2,8,1.10448e+07,8.48885e+06,1.10449e+07,8.489e+06,58.0,146.0,1.10448e+07,8.48892e+06,8468.0
Layer:x-Villa6-LP Block$0$LP-SHAR-BRDR-CONT,x-Villa6-LP Block$0$LP-SHAR-BRDR-CONT,186,186,186,7,44,1.10476e+07,8.48807e+06,1.10477e+07,8.48926e+06,158.0,1196.0,1.10476e+07,8.48866e+06,188968.0
Layer:x-Villa6-LP Block$0$L-002,x-Villa6-LP Block$0$L-002,186,186,186,4,19,1.10476e+07,8.48807e+06,1.10477e+07,8.48926e+06,117.0,1194.0,1.10476e+07,8.48866e+06,139698.0
Layer:x-Villa6-LP Block$0$LK-TREE-TRNK,x-Villa6-LP Block$0$LK-TREE-TRNK,186,186,186,2,10,1.10476e+07,8.48879e+06,1.10476e+07,8.4888e+06,14.0,12.0,1.10476e+07,8.4888e+06,168.0
Layer:x-Villa6-LP Block$0$LK-TREE-050M,x-Villa6-LP Block$0$LK-TREE-050M,186,186,186,1,10,1.10476e+07,8.48886e+06,1.10477e+07,8.48898e+06,118.0,118.0,1.10476e+07,8.48892e+06,13924.0
Layer:x-Villa6-LP Block$0$LK-TREE-025M,x-Villa6-LP Block$0$LK-TREE-025M,186,186,186,1,13,1.10476e+07,8.48886e+06,1.10477e+07,8.48898e+06,116.0,114.0,1.10476e+07,8.48892e+06,13224.0
Layer:x-Villa6-LP Block$0$LK-TREE-TRNK,x-Villa6-LP Block$0$LK-TREE-TRNK,186,186,186,2,10,1.10476e+07,8.48892e+06,1.10476e+07,8.48892e+06,12.0,8.0,1.10476e+07,8.48892e+06,96.0
Layer:x-Villa6-LP Block$0$LK-TREE-050M,x-Villa6-LP Block$0$LK-TREE-050M,186,186,186,1,10,1.10476e+07,8.48828e+06,1.10477e+07,8.4884e+06,118.0,118.0,1.10476e+07,8.48834e+06,13924.0
Layer:x-Villa6-LP Block$0$LK-TREE-025M,x-Villa6-LP Block$0$LK-TREE-025M,186,186,186,1,13,1.10476e+07,8.48828e+06,1.10477e+07,8.4884e+06,114.0,116.0,1.10476e+07,8.48834e+06,13224.0
Layer:x-Villa6-LP Block$0$LK-TREE-TRNK,x-Villa6-LP Block$0$LK-TREE-TRNK,186,186,186,2,10,1.10476e+07,8.48834e+06,1.10476e+07,8.48835e+06,8.0,12.0,1.10476e+07,8.48834e+06,96.0
Layer:x-Villa6-LP Block$0$LK-SHRB-TRNK,x-Villa6-LP Block$0$LK-SHRB-TRNK,186,186,186,2,10,1.10476e+07,8.489e+06,1.10476e+07,8.489e+06,2.0,2.0,1.10476e+07,8.489e+06,4.0
Layer:x-Villa6-LP Block$0$LK-SHRB-TRNK,x-Villa6-LP Block$0$LK-SHRB-TRNK,186,186,186,2,10,1.10476e+07,8.48933e+06,1.10476e+07,8.48933e+06,4.0,4.0,1.10476e+07,8.48933e+06,16.0
Layer:x-Villa6-LP Block$0$LK-TREE-TRNK,x-Villa6-LP Block$0$LK-TREE-TRNK,186,186,186,2,10,1.10476e+07,8.48912e+06,1.10476e+07,8.48913e+06,12.0,14.0,1.10476e+07,8.48912e+06,168.0
Layer:x-Villa6-LP Block$0$LK-TREE-050M,x-Villa6-LP Block$0$LK-TREE-050M,186,186,186,1,10,1.10475e+07,8.48848e+06,1.10476e+07,8.4886e+06,118.0,118.0,1.10476e+07,8.48854e+06,13924.0
Layer:x-Villa6-LP Block$0$LK-TREE-025M,x-Villa6-LP Block$0$LK-TREE-025M,186,186,186,1,13,1.10475e+07,8.48848e+06,1.10476e+07,8.4886e+06,116.0,114.0,1.10476e+07,8.48854e+06,13224.0
Layer:x-Villa6-LP Block$0$LK-TREE-TRNK,x-Villa6-LP Block$0$LK-TREE-TRNK,186,186,186,2,10,1.10476e+07,8.48853e+06,1.10476e+07,8.48854e+06,12.0,8.0,1.10476e+07,8.48854e+06,96.0
Layer:x-Villa6-LP Block$0$LK-TREE-TRNK,x-Villa6-LP Block$0$LK-TREE-TRNK,186,186,186,2,10,1.10476e+07,8.48814e+06,1.10476e+07,8.48815e+06,12.0,14.0,1.10476e+07,8.48814e+06,168.0
Layer:x-Villa6-LP Block$0$LK-SHRB-TRNK,x-Villa6-LP Block$0$LK-SHRB-TRNK,186,186,186,2,10,1.10476e+07,8.48852e+06,1.10476e+07,8.48852e+06,2.0,2.0,1.10476e+07,8.48852e+06,4.0
Layer:x-Villa6-LP Block$0$LK-SHRB-TRNK,x-Villa6-LP Block$0$LK-SHRB-TRNK,186,186,186,2,10,1.10476e+07,8.48828e+06,1.10476e+07,8.48828e+06,2.0,2.0,1.10476e+07,8.48828e+06,4.0
Layer:x-Villa6-LP Block$0$LP-TREE,x-Villa6-LP Block$0$LP-TREE,186,186,186,2,8,1.10476e+07,8.48879e+06,1.10476e+07,8.48893e+06,58.0,146.0,1.10476e+07,8.48886e+06,8468.0
Layer:x-Villa6-LP Block$0$LP-SHAR-BRDR-CONT,x-Villa6-LP Block$0$LP-SHAR-BRDR-CONT,186,186,186,7,44,1.10503e+07,8.48817e+06,1.10505e+07,8.48937e+06,158.0,1196.0,1.10504e+07,8.48877e+06,188968.0
Layer:x-Villa6-LP Block$0$L-002,x-Villa6-LP Block$0$L-002,186,186,186,4,19,1.10503e+07,8.48817e+06,1.10504e+07,8.48937e+06,117.0,1194.0,1.10504e+07,8.48877e+06,139698.0
Layer:x-Villa6-LP Block$0$LK-TREE-TRNK,x-Villa6-LP Block$0$LK-TREE-TRNK,186,186,186,2,10,1.10503e+07,8.4889e+06,1.10503e+07,8.48891e+06,14.0,12.0,1.10503e+07,8.4889e+06,168.0
Layer:x-Villa6-LP Block$0$LK-TREE-050M,x-Villa6-LP Block$0$LK-TREE-050M,186,186,186,1,10,1.10503e+07,8.48897e+06,1.10504e+07,8.48909e+06,118.0,118.0,1.10504e+07,8.48903e+06,13924.0
Layer:x-Villa6-LP Block$0$LK-TREE-025M,x-Villa6-LP Block$0$LK-TREE-025M,186,186,186,1,13,1.10503e+07,8.48897e+06,1.10504e+07,8.48908e+06,116.0,114.0,1.10504e+07,8.48903e+06,13224.0
Layer:x-Villa6-LP Block$0$LK-TREE-TRNK,x-Villa6-LP Block$0$LK-TREE-TRNK,186,186,186,2,10,1.10504e+07,8.48902e+06,1.10504e+07,8.48903e+06,12.0,8.0,1.10504e+07,8.48903e+06,96.0
Layer:x-Villa6-LP Block$0$LK-TREE-050M,x-Villa6-LP Block$0$LK-TREE-050M,186,186,186,1,10,1.10503e+07,8.48839e+06,1.10504e+07,8.48851e+06,118.0,118.0,1.10504e+07,8.48845e+06,13924.0
Layer:x-Villa6-LP Block$0$LK-TREE-025M,x-Villa6-LP Block$0$LK-TREE-025M,186,186,186,1,13,1.10503e+07,8.48839e+06,1.10504e+07,8.48851e+06,114.0,116.0,1.10504e+07,8.48845e+06,13224.0
Layer:x-Villa6-LP Block$0$LK-TREE-TRNK,x-Villa6-LP Block$0$LK-TREE-TRNK,186,186,186,2,10,1.10504e+07,8.48844e+06,1.10504e+07,8.48845e+06,8.0,12.0,1.10504e+07,8.48845e+06,96.0
Layer:x-Villa6-LP Block$0$LK-SHRB-TRNK,x-Villa6-LP Block$0$LK-SHRB-TRNK,186,186,186,2,10,1.10504e+07,8.4891e+06,1.10504e+07,8.4891e+06,2.0,2.0,1.10504e+07,8.4891e+06,4.0
Layer:x-Villa6-LP Block$0$LK-SHRB-TRNK,x-Villa6-LP Block$0$LK-SHRB-TRNK,186,186,186,2,10,1.10504e+07,8.48944e+06,1.10504e+07,8.48944e+06,4.0,4.0,1.10504e+07,8.48944e+06,16.0
Layer:x-Villa6-LP Block$0$LK-TREE-TRNK,x-Villa6-LP Block$0$LK-TREE-TRNK,186,186,186,2,10,1.10503e+07,8.48922e+06,1.10503e+07,8.48924e+06,12.0,14.0,1.10503e+07,8.48923e+06,168.0
Layer:x-Villa6-LP Block$0$LK-TREE-050M,x-Villa6-LP Block$0$LK-TREE-050M,186,186,186,1,10,1.10503e+07,8.48859e+06,1.10504e+07,8.4887e+06,118.0,118.0,1.10503e+07,8.48864e+06,13924.0
Layer:x-Villa6-LP Block$0$LK-TREE-025M,x-Villa6-LP Block$0$LK-TREE-025M,186,186,186,1,13,1.10503e+07,8.48859e+06,1.10504e+07,8.4887e+06,116.0,114.0,1.10503e+07,8.48865e+06,13224.0
Layer:x-Villa6-LP Block$0$LK-TREE-TRNK,x-Villa6-LP Block$0$LK-TREE-TRNK,186,186,186,2,10,1.10503e+07,8.48864e+06,1.10503e+07,8.48865e+06,12.0,8.0,1.10503e+07,8.48864e+06,96.0
Layer:x-Villa6-LP Block$0$LK-TREE-TRNK,x-Villa6-LP Block$0$LK-TREE-TRNK,186,186,186,2,10,1.10503e+07,8.48824e+06,1.10503e+07,8.48826e+06,12.0,14.0,1.10503e+07,8.48825e+06,168.0
Layer:x-Villa6-LP Block$0$LK-SHRB-TRNK,x-Villa6-LP Block$0$LK-SHRB-TRNK,186,186,186,2,10,1.10503e+07,8.48863e+06,1.10504e+07,8.48863e+06,2.0,2.0,1.10503e+07,8.48863e+06,4.0
Layer:x-Villa6-LP Block$0$LK-SHRB-TRNK,x-Villa6-LP Block$0$LK-SHRB-TRNK,186,186,186,2,10,1.10504e+07,8.48838e+06,1.10504e+07,8.48838e+06,2.0,2.0,1.10504e+07,8.48838e+06,4.0
Layer:x-Villa6-LP Block$0$LP-TREE,x-Villa6-LP Block$0$LP-TREE,186,186,186,2,8,1.10503e+07,8.48889e+06,1.10504e+07,8.48904e+06,58.0,146.0,1.10504e+07,8.48897e+06,8468.0
Layer:x-Villa6-LP Block$0$LP-SHAR-BRDR-CONT,x-Villa6-LP Block$0$LP-SHAR-BRDR-CONT,186,186,186,7,44,1.10492e+07,8.48814e+06,1.10494e+07,8.48934e+06,158.0,1196.0,1.10493e+07,8.48874e+06,188968.0
Layer:x-Villa6-LP Block$0$L-002,x-Villa6-LP Block$0$L-002,186,186,186,4,19,1.10493e+07,8.48815e+06,1.10494e+07,8.48934e+06,117.0,1194.0,1.10493e+07,8.48874e+06,139698.0
Layer:x-Villa6-LP Block$0$LK-TREE-TRNK,x-Villa6-LP Block$0$LK-TREE-TRNK,186,186,186,2,10,1.10494e+07,8.4886e+06,1.10494e+07,8.48862e+06,14.0,12.0,1.10494e+07,8.48861e+06,168.0
Layer:x-Villa6-LP Block$0$LK-TREE-050M,x-Villa6-LP Block$0$LK-TREE-050M,186,186,186,1,10,1.10493e+07,8.48843e+06,1.10494e+07,8.48855e+06,118.0,118.0,1.10493e+07,8.48849e+06,13924.0
Layer:x-Villa6-LP Block$0$LK-TREE-025M,x-Villa6-LP Block$0$LK-TREE-025M,186,186,186,1,13,1.10493e+07,8.48843e+06,1.10494e+07,8.48854e+06,116.0,114.0,1.10493e+07,8.48849e+06,13224.0
Layer:x-Villa6-LP Block$0$LK-TREE-TRNK,x-Villa6-LP Block$0$LK-TREE-TRNK,186,186,186,2,10,1.10493e+07,8.48848e+06,1.10493e+07,8.48849e+06,12.0,8.0,1.10493e+07,8.48849e+06,96.0
Layer:x-Villa6-LP Block$0$LK-TREE-050M,x-Villa6-LP Block$0$LK-TREE-050M,186,186,186,1,10,1.10493e+07,8.48901e+06,1.10494e+07,8.48913e+06,118.0,118.0,1.10493e+07,8.48907e+06,13924.0
Layer:x-Villa6-LP Block$0$LK-TREE-025M,x-Villa6-LP Block$0$LK-TREE-025M,186,186,186,1,13,1.10493e+07,8.48901e+06,1.10494e+07,8.48912e+06,114.0,116.0,1.10493e+07,8.48906e+06,13224.0
Layer:x-Villa6-LP Block$0$LK-TREE-TRNK,x-Villa6-LP Block$0$LK-TREE-TRNK,186,186,186,2,10,1.10493e+07,8.48906e+06,1.10493e+07,8.48907e+06,8.0,12.0,1.10493e+07,8.48907e+06,96.0
Layer:x-Villa6-LP Block$0$LK-SHRB-TRNK,x-Villa6-LP Block$0$LK-SHRB-TRNK,186,186,186,2,10,1.10493e+07,8.48841e+06,1.10493e+07,8.48841e+06,2.0,2.0,1.10493e+07,8.48841e+06,4.0
Layer:x-Villa6-LP Block$0$LK-SHRB-TRNK,x-Villa6-LP Block$0$LK-SHRB-TRNK,186,186,186,2,10,1.10493e+07,8.48807e+06,1.10494e+07,8.48808e+06,4.0,4.0,1.10493e+07,8.48808e+06,16.0
Layer:x-Villa6-LP Block$0$LK-TREE-TRNK,x-Villa6-LP Block$0$LK-TREE-TRNK,186,186,186,2,10,1.10494e+07,8.48828e+06,1.10494e+07,8.48829e+06,12.0,14.0,1.10494e+07,8.48828e+06,168.0
Layer:x-Villa6-LP Block$0$LK-TREE-050M,x-Villa6-LP Block$0$LK-TREE-050M,186,186,186,1,10,1.10493e+07,8.48881e+06,1.10494e+07,8.48893e+06,118.0,118.0,1.10494e+07,8.48887e+06,13924.0
Layer:x-Villa6-LP Block$0$LK-TREE-025M,x-Villa6-LP Block$0$LK-TREE-025M,186,186,186,1,13,1.10493e+07,8.48881e+06,1.10494e+07,8.48892e+06,116.0,114.0,1.10494e+07,8.48887e+06,13224.0
Layer:x-Villa6-LP Block$0$LK-TREE-TRNK,x-Villa6-LP Block$0$LK-TREE-TRNK,186,186,186,2,10,1.10494e+07,8.48886e+06,1.10494e+07,8.48887e+06,12.0,8.0,1.10494e+07,8.48887e+06,96.0
Layer:x-Villa6-LP Block$0$LK-TREE-TRNK,x-Villa6-LP Block$0$LK-TREE-TRNK,186,186,186,2,10,1.10494e+07,8.48926e+06,1.10494e+07,8.48927e+06,12.0,14.0,1.10494e+07,8.48926e+06,168.0
Layer:x-Villa6-LP Block$0$LK-SHRB-TRNK,x-Villa6-LP Block$0$LK-SHRB-TRNK,186,186,186,2,10,1.10494e+07,8.48888e+06,1.10494e+07,8.48889e+06,2.0,2.0,1.10494e+07,8.48888e+06,4.0
Layer:x-Villa6-LP Block$0$LK-SHRB-TRNK,x-Villa6-LP Block$0$LK-SHRB-TRNK,186,186,186,2,10,1.10493e+07,8.48913e+06,1.10493e+07,8.48913e+06,2.0,2.0,1.10493e+07,8.48913e+06,4.0
Layer:x-Villa6-LP Block$0$LP-TREE,x-Villa6-LP Block$0$LP-TREE,186,186,186,2,8,1.10493e+07,8.48848e+06,1.10494e+07,8.48862e+06,58.0,146.0,1.10494e+07,8.48855e+06,8468.0
Layer:x-Villa6-LP Block$0$LP-SHAR-BRDR-CONT,x-Villa6-LP Block$0$LP-SHAR-BRDR-CONT,186,186,186,7,44,1.10465e+07,8.48804e+06,1.10466e+07,8.48924e+06,158.0,1196.0,1.10466e+07,8.48864e+06,188968.0
Layer:x-Villa6-LP Block$0$L-002,x-Villa6-LP Block$0$L-002,186,186,186,4,19,1.10465e+07,8.48804e+06,1.10466e+07,8.48924e+06,117.0,1194.0,1.10466e+07,8.48864e+06,139698.0
Layer:x-Villa6-LP Block$0$LK-TREE-TRNK,x-Villa6-LP Block$0$LK-TREE-TRNK,186,186,186,2,10,1.10466e+07,8.4885e+06,1.10466e+07,8.48851e+06,14.0,12.0,1.10466e+07,8.4885e+06,168.0
Layer:x-Villa6-LP Block$0$LK-TREE-050M,x-Villa6-LP Block$0$LK-TREE-050M,186,186,186,1,10,1.10465e+07,8.48832e+06,1.10466e+07,8.48844e+06,118.0,118.0,1.10466e+07,8.48838e+06,13924.0
Layer:x-Villa6-LP Block$0$LK-TREE-025M,x-Villa6-LP Block$0$LK-TREE-025M,186,186,186,1,13,1.10465e+07,8.48833e+06,1.10466e+07,8.48844e+06,116.0,114.0,1.10466e+07,8.48838e+06,13224.0
Layer:x-Villa6-LP Block$0$LK-TREE-TRNK,x-Villa6-LP Block$0$LK-TREE-TRNK,186,186,186,2,10,1.10466e+07,8.48838e+06,1.10466e+07,8.48839e+06,12.0,8.0,1.10466e+07,8.48838e+06,96.0
Layer:x-Villa6-LP Block$0$LK-TREE-050M,x-Villa6-LP Block$0$LK-TREE-050M,186,186,186,1,10,1.10465e+07,8.4889e+06,1.10466e+07,8.48902e+06,118.0,118.0,1.10466e+07,8.48896e+06,13924.0
Layer:x-Villa6-LP Block$0$LK-TREE-025M,x-Villa6-LP Block$0$LK-TREE-025M,186,186,186,1,13,1.10465e+07,8.4889e+06,1.10466e+07,8.48902e+06,114.0,116.0,1.10466e+07,8.48896e+06,13224.0
Layer:x-Villa6-LP Block$0$LK-TREE-TRNK,x-Villa6-LP Block$0$LK-TREE-TRNK,186,186,186,2,10,1.10466e+07,8.48896e+06,1.10466e+07,8.48897e+06,8.0,12.0,1.10466e+07,8.48896e+06,96.0
Layer:x-Villa6-LP Block$0$LK-SHRB-TRNK,x-Villa6-LP Block$0$LK-SHRB-TRNK,186,186,186,2,10,1.10466e+07,8.4883e+06,1.10466e+07,8.48831e+06,2.0,2.0,1.10466e+07,8.4883e+06,4.0
Layer:x-Villa6-LP Block$0$LK-SHRB-TRNK,x-Villa6-LP Block$0$LK-SHRB-TRNK,186,186,186,2,10,1.10466e+07,8.48797e+06,1.10466e+07,8.48797e+06,4.0,4.0,1.10466e+07,8.48797e+06,16.0
Layer:x-Villa6-LP Block$0$LK-TREE-TRNK,x-Villa6-LP Block$0$LK-TREE-TRNK,186,186,186,2,10,1.10466e+07,8.48817e+06,1.10466e+07,8.48819e+06,12.0,14.0,1.10466e+07,8.48818e+06,168.0
Layer:x-Villa6-LP Block$0$LK-TREE-050M,x-Villa6-LP Block$0$LK-TREE-050M,186,186,186,1,10,1.10466e+07,8.4887e+06,1.10467e+07,8.48882e+06,118.0,118.0,1.10466e+07,8.48876e+06,13924.0
Layer:x-Villa6-LP Block$0$LK-TREE-025M,x-Villa6-LP Block$0$LK-TREE-025M,186,186,186,1,13,1.10466e+07,8.48871e+06,1.10467e+07,8.48882e+06,116.0,114.0,1.10466e+07,8.48876e+06,13224.0
Layer:x-Villa6-LP Block$0$LK-TREE-TRNK,x-Villa6-LP Block$0$LK-TREE-TRNK,186,186,186,2,10,1.10466e+07,8.48876e+06,1.10466e+07,8.48877e+06,12.0,8.0,1.10466e+07,8.48876e+06,96.0
Layer:x-Villa6-LP Block$0$LK-TREE-TRNK,x-Villa6-LP Block$0$LK-TREE-TRNK,186,186,186,2,10,1.10466e+07,8.48915e+06,1.10466e+07,8.48917e+06,12.0,14.0,1.10466e+07,8.48916e+06,168.0
Layer:x-Villa6-LP Block$0$LK-SHRB-TRNK,x-Villa6-LP Block$0$LK-SHRB-TRNK,186,186,186,2,10,1.10466e+07,8.48878e+06,1.10466e+07,8.48878e+06,2.0,2.0,1.10466e+07,8.48878e+06,4.0
Layer:x-Villa6-LP Block$0$LK-SHRB-TRNK,x-Villa6-LP Block$0$LK-SHRB-TRNK,186,186,186,2,10,1.10466e+07,8.48902e+06,1.10466e+07,8.48903e+06,2.0,2.0,1.10466e+07,8.48902e+06,4.0
Layer:x-Villa6-LP Block$0$LP-TREE,x-Villa6-LP Block$0$LP-TREE,186,186,186,2,8,1.10466e+07,8.48837e+06,1.10466e+07,8.48852e+06,58.0,146.0,1.10466e+07,8.48844e+06,8468.0
Layer:x-Villa6-LP Block$0$LP-SHAR-BRDR-CONT,x-Villa6-LP Block$0$LP-SHAR-BRDR-CONT,186,186,186,7,44,1.10437e+07,8.4881e+06,1.10439e+07,8.4893e+06,158.0,1196.0,1.10438e+07,8.4887e+06,188968.0
Layer:x-Villa6-LP Block$0$L-002,x-Villa6-LP Block$0$L-002,186,186,186,4,19,1.10438e+07,8.48811e+06,1.10439e+07,8.4893e+06,117.0,1194.0,1.10438e+07,8.4887e+06,139698.0
Layer:x-Villa6-LP Block$0$LK-TREE-TRNK,x-Villa6-LP Block$0$LK-TREE-TRNK,186,186,186,2,10,1.10438e+07,8.48856e+06,1.10439e+07,8.48857e+06,14.0,12.0,1.10438e+07,8.48857e+06,168.0
Layer:x-Villa6-LP Block$0$LK-TREE-050M,x-Villa6-LP Block$0$LK-TREE-050M,186,186,186,1,10,1.10438e+07,8.48839e+06,1.10439e+07,8.4885e+06,118.0,118.0,1.10438e+07,8.48845e+06,13924.0
Layer:x-Villa6-LP Block$0$LK-TREE-025M,x-Villa6-LP Block$0$LK-TREE-025M,186,186,186,1,13,1.10438e+07,8.48839e+06,1.10439e+07,8.4885e+06,116.0,114.0,1.10438e+07,8.48845e+06,13224.0
Layer:x-Villa6-LP Block$0$LK-TREE-TRNK,x-Villa6-LP Block$0$LK-TREE-TRNK,186,186,186,2,10,1.10438e+07,8.48844e+06,1.10438e+07,8.48845e+06,12.0,8.0,1.10438e+07,8.48845e+06,96.0
Layer:x-Villa6-LP Block$0$LK-TREE-050M,x-Villa6-LP Block$0$LK-TREE-050M,186,186,186,1,10,1.10438e+07,8.48897e+06,1.10439e+07,8.48908e+06,118.0,118.0,1.10438e+07,8.48903e+06,13924.0
Layer:x-Villa6-LP Block$0$LK-TREE-025M,x-Villa6-LP Block$0$LK-TREE-025M,186,186,186,1,13,1.10438e+07,8.48896e+06,1.10439e+07,8.48908e+06,114.0,116.0,1.10438e+07,8.48902e+06,13224.0
Layer:x-Villa6-LP Block$0$LK-TREE-TRNK,x-Villa6-LP Block$0$LK-TREE-TRNK,186,186,186,2,10,1.10438e+07,8.48902e+06,1.10438e+07,8.48903e+06,8.0,12.0,1.10438e+07,8.48902e+06,96.0
Layer:x-Villa6-LP Block$0$LK-SHRB-TRNK,x-Villa6-LP Block$0$LK-SHRB-TRNK,186,186,186,2,10,1.10438e+07,8.48837e+06,1.10438e+07,8.48837e+06,2.0,2.0,1.10438e+07,8.48837e+06,4.0
Layer:x-Villa6-LP Block$0$LK-SHRB-TRNK,x-Villa6-LP Block$0$LK-SHRB-TRNK,186,186,186,2,10,1.10438e+07,8.48803e+06,1.10438e+07,8.48804e+06,4.0,4.0,1.10438e+07,8.48804e+06,16.0
Layer:x-Villa6-LP Block$0$LK-TREE-TRNK,x-Villa6-LP Block$0$LK-TREE-TRNK,186,186,186,2,10,1.10439e+07,8.48824e+06,1.10439e+07,8.48825e+06,12.0,14.0,1.10439e+07,8.48824e+06,168.0
Layer:x-Villa6-LP Block$0$LK-TREE-050M,x-Villa6-LP Block$0$LK-TREE-050M,186,186,186,1,10,1.10438e+07,8.48877e+06,1.10439e+07,8.48889e+06,118.0,118.0,1.10439e+07,8.48883e+06,13924.0
Layer:x-Villa6-LP Block$0$LK-TREE-025M,x-Villa6-LP Block$0$LK-TREE-025M,186,186,186,1,13,1.10438e+07,8.48877e+06,1.10439e+07,8.48888e+06,116.0,114.0,1.10439e+07,8.48883e+06,13224.0
Layer:x-Villa6-LP Block$0$LK-TREE-TRNK,x-Villa6-LP Block$0$LK-TREE-TRNK,186,186,186,2,10,1.10438e+07,8.48882e+06,1.10439e+07,8.48883e+06,12.0,8.0,1.10439e+07,8.48883e+06,96.0
Layer:x-Villa6-LP Block$0$LK-TREE-TRNK,x-Villa6-LP Block$0$LK-TREE-TRNK,186,186,186,2,10,1.10439e+07,8.48922e+06,1.10439e+07,8.48923e+06,12.0,14.0,1.10439e+07,8.48922e+06,168.0
Layer:x-Villa6-LP Block$0$LK-SHRB-TRNK,x-Villa6-LP Block$0$LK-SHRB-TRNK,186,186,186,2,10,1.10438e+07,8.48884e+06,1.10438e+07,8.48884e+06,2.0,2.0,1.10438e+07,8.48884e+06,4.0
Layer:x-Villa6-LP Block$0$LK-SHRB-TRNK,x-Villa6-LP Block$0$LK-SHRB-TRNK,186,186,186,2,10,1.10438e+07,8.48909e+06,1.10438e+07,8.48909e+06,2.0,2.0,1.10438e+07,8.48909e+06,4.0
Layer:x-Villa6-LP Block$0$LP-TREE,x-Villa6-LP Block$0$LP-TREE,186,186,186,2,8,1.10438e+07,8.48843e+06,1.10439e+07,8.48858e+06,58.0,146.0,1.10438e+07,8.48851e+06,8468.0
Layer:LK-TREE-050M,LK-TREE-050M,255,255,0,1,30,1.10356e+07,8.49141e+06,1.10358e+07,8.49157e+06,152.0,160.0,1.10357e+07,8.49149e+06,24320.0
Layer:LK-TREE-TRNK,LK-TREE-TRNK,165,82,0,2,10,1.10357e+07,8.49148e+06,1.10357e+07,8.4915e+06,12.0,16.0,1.10357e+07,8.49149e+06,192.0
Layer:LK-TREE-050M,LK-TREE-050M,255,255,0,1,102,1.10356e+07,8.4912e+06,1.10358e+07,8.49134e+06,146.0,142.0,1.10357e+07,8.49127e+06,20732.0
Layer:LK-TREE-TRNK,LK-TREE-TRNK,165,82,0,2,10,1.10357e+07,8.49126e+06,1.10357e+07,8.49128e+06,10.0,14.0,1.10357e+07,8.49127e+06,140.0
Layer:LK-TREE-TRNK,LK-TREE-TRNK,165,82,0,1,4,1.10357e+07,8.49105e+06,1.10357e+07,8.49107e+06,16.0,16.0,1.10357e+07,8.49106e+06,256.0
Layer:LK-TREE-TRNK,LK-TREE-TRNK,165,82,0,2,10,1.10357e+07,8.49083e+06,1.10357e+07,8.49085e+06,12.0,16.0,1.10357e+07,8.49084e+06,192.0
Layer:LK-TREE-050M,LK-TREE-050M,255,255,0,1,102,1.10357e+07,8.49057e+06,1.10358e+07,8.49069e+06,128.0,126.0,1.10357e+07,8.49063e+06,16128.0
Layer:LK-TREE-TRNK,LK-TREE-TRNK,165,82,0,2,10,1.10357e+07,8.49043e+06,1.10357e+07,8.49044e+06,16.0,14.0,1.10357e+07,8.49044e+06,224.0
Layer:LK-TREE-TRNK,LK-TREE-TRNK,165,82,0,2,10,1.10357e+07,8.49023e+06,1.10357e+07,8.49023e+06,2.0,2.0,1.10357e+07,8.49023e+06,4.0
Layer:LK-TREE-TRNK,LK-TREE-TRNK,165,82,0,2,10,1.10357e+07,8.49001e+06,1.10357e+07,8.49002e+06,10.0,12.0,1.10357e+07,8.49002e+06,120.0
Layer:LK-TREE-050M,LK-TREE-050M,255,255,0,1,102,1.10356e+07,8.48973e+06,1.10358e+07,8.48988e+06,152.0,148.0,1.10357e+07,8.48981e+06,22496.0
Layer:LK-TREE-TRNK,LK-TREE-TRNK,165,82,0,6,30,1.10357e+07,8.4898e+06,1.10357e+07,8.48983e+06,30.0,32.0,1.10357e+07,8.48981e+06,960.0
Layer:LK-TREE-TRNK,LK-TREE-TRNK,165,82,0,2,10,1.10357e+07,8.48959e+06,1.10357e+07,8.4896e+06,8.0,12.0,1.10357e+07,8.4896e+06,96.0
Layer:LK-TREE-050M,LK-TREE-050M,255,255,0,1,30,1.10356e+07,8.48931e+06,1.10358e+07,8.48947e+06,146.0,154.0,1.10357e+07,8.48939e+06,22484.0
Layer:LK-TREE-TRNK,LK-TREE-TRNK,165,82,0,2,10,1.10357e+07,8.48938e+06,1.10357e+07,8.4894e+06,10.0,14.0,1.10357e+07,8.48939e+06,140.0
Layer:LK-TREE-TRNK,LK-TREE-TRNK,165,82,0,2,10,1.10357e+07,8.48909e+06,1.10357e+07,8.4891e+06,14.0,10.0,1.10357e+07,8.48909e+06,140.0
Layer:LK-TREE-TRNK,LK-TREE-TRNK,165,82,0,2,10,1.10357e+07,8.48887e+06,1.10357e+07,8.4889e+06,28.0,30.0,1.10357e+07,8.48888e+06,840.0
Layer:LK-TREE-TRNK,LK-TREE-TRNK,165,82,0,2,10,1.10357e+07,8.48867e+06,1.10357e+07,8.48868e+06,8.0,12.0,1.10357e+07,8.48868e+06,96.0
Layer:LK-SHRB-TRNK,LK-SHRB-TRNK,0,255,0,6,30,1.10357e+07,8.48842e+06,1.10357e+07,8.48844e+06,22.0,22.0,1.10357e+07,8.48843e+06,484.0
Layer:LK-SHRB-TRNK,LK-SHRB-TRNK,0,255,0,2,10,1.10357e+07,8.48827e+06,1.10357e+07,8.48828e+06,10.0,10.0,1.10357e+07,8.48828e+06,100.0
Layer:LK-SHRB-TRNK,LK-SHRB-TRNK,0,255,0,2,10,1.10357e+07,8.48812e+06,1.10357e+07,8.48813e+06,6.0,8.0,1.10357e+07,8.48813e+06,48.0
Layer:L-SCHD-TEXT-035M,L-SCHD-TEXT-035M,255,255,255,23,92,1.10356e+07,8.48427e+06,1.10358e+07,8.48798e+06,218.0,3708.0,1.10357e+07,8.48612e+06,808344.0
Layer:LK-TREE-050M,LK-TREE-050M,255,255,0,1,30,1.10381e+07,8.49141e+06,1.10382e+07,8.49157e+06,152.0,160.0,1.10381e+07,8.49149e+06,24320.0
Layer:LK-TREE-TRNK,LK-TREE-TRNK,165,82,0,2,10,1.10381e+07,8.49148e+06,1.10381e+07,8.4915e+06,12.0,16.0,1.10381e+07,8.49149e+06,192.0
Layer:LK-TREE-050M,LK-TREE-050M,255,255,0,1,102,1.10381e+07,8.4912e+06,1.10382e+07,8.49134e+06,146.0,142.0,1.10381e+07,8.49127e+06,20732.0
Layer:LK-TREE-TRNK,LK-TREE-TRNK,165,82,0,2,10,1.10381e+07,8.49127e+06,1.10381e+07,8.49128e+06,10.0,14.0,1.10381e+07,8.49127e+06,140.0
Layer:LK-TREE-TRNK,LK-TREE-TRNK,165,82,0,1,4,1.10381e+07,8.49105e+06,1.10381e+07,8.49107e+06,16.0,16.0,1.10381e+07,8.49106e+06,256.0
Layer:LK-TREE-TRNK,LK-TREE-TRNK,165,82,0,2,10,1.10381e+07,8.49083e+06,1.10381e+07,8.49085e+06,12.0,16.0,1.10381e+07,8.49084e+06,192.0
Layer:LK-TREE-050M,LK-TREE-050M,255,255,0,1,102,1.10381e+07,8.49057e+06,1.10382e+07,8.49069e+06,128.0,126.0,1.10381e+07,8.49063e+06,16128.0
Layer:LK-TREE-TRNK,LK-TREE-TRNK,165,82,0,2,10,1.10381e+07,8.49043e+06,1.10381e+07,8.49045e+06,16.0,14.0,1.10381e+07,8.49044e+06,224.0
Layer:LK-TREE-TRNK,LK-TREE-TRNK,165,82,0,2,10,1.10381e+07,8.49023e+06,1.10381e+07,8.49023e+06,2.0,2.0,1.10381e+07,8.49023e+06,4.0
Layer:LK-TREE-TRNK,LK-TREE-TRNK,165,82,0,2,10,1.10381e+07,8.49001e+06,1.10381e+07,8.49002e+06,10.0,12.0,1.10381e+07,8.49002e+06,120.0
Layer:LK-TREE-050M,LK-TREE-050M,255,255,0,1,102,1.10381e+07,8.48974e+06,1.10382e+07,8.48988e+06,152.0,148.0,1.10381e+07,8.48981e+06,22496.0
Layer:LK-TREE-TRNK,LK-TREE-TRNK,165,82,0,6,30,1.10381e+07,8.4898e+06,1.10382e+07,8.48983e+06,30.0,32.0,1.10381e+07,8.48981e+06,960.0
Layer:LK-TREE-TRNK,LK-TREE-TRNK,165,82,0,2,10,1.10381e+07,8.48959e+06,1.10381e+07,8.4896e+06,8.0,12.0,1.10381e+07,8.4896e+06,96.0
Layer:LK-TREE-050M,LK-TREE-050M,255,255,0,1,30,1.10381e+07,8.48931e+06,1.10382e+07,8.48947e+06,146.0,154.0,1.10381e+07,8.48939e+06,22484.0
Layer:LK-TREE-TRNK,LK-TREE-TRNK,165,82,0,2,10,1.10381e+07,8.48938e+06,1.10381e+07,8.4894e+06,10.0,14.0,1.10381e+07,8.48939e+06,140.0
Layer:LK-TREE-TRNK,LK-TREE-TRNK,165,82,0,2,10,1.10381e+07,8.48909e+06,1.10381e+07,8.4891e+06,14.0,10.0,1.10381e+07,8.48909e+06,140.0
Layer:LK-TREE-TRNK,LK-TREE-TRNK,165,82,0,2,10,1.10381e+07,8.48887e+06,1.10381e+07,8.4889e+06,28.0,30.0,1.10381e+07,8.48888e+06,840.0
Layer:LK-TREE-TRNK,LK-TREE-TRNK,165,82,0,2,10,1.10381e+07,8.48867e+06,1.10381e+07,8.48869e+06,8.0,12.0,1.10381e+07,8.48868e+06,96.0
Layer:LK-SHRB-TRNK,LK-SHRB-TRNK,0,255,0,6,30,1.10381e+07,8.48842e+06,1.10381e+07,8.48844e+06,22.0,22.0,1.10381e+07,8.48843e+06,484.0
Layer:LK-SHRB-TRNK,LK-SHRB-TRNK,0,255,0,2,10,1.10381e+07,8.48828e+06,1.10381e+07,8.48828e+06,10.0,10.0,1.10381e+07,8.48828e+06,100.0
Layer:LK-SHRB-TRNK,LK-SHRB-TRNK,0,255,0,2,10,1.10381e+07,8.48812e+06,1.10381e+07,8.48813e+06,6.0,8.0,1.10381e+07,8.48813e+06,48.0
Layer:L-SCHD-TEXT-035M,L-SCHD-TEXT-035M,255,255,255,23,92,1.1038e+07,8.48427e+06,1.10382e+07,8.48798e+06,218.0,3708.0,1.10381e+07,8.48612e+06,808344.0
Layer:LK-TREE-TRNK,LK-TREE-TRNK,165,82,0,2,10,1.1047e+07,8.4868e+06,1.1047e+07,8.48682e+06,16.0,20.0,1.1047e+07,8.48681e+06,320.0
Layer:LK-TREE-050M,LK-TREE-050M,255,255,0,1,102,1.10473e+07,8.48689e+06,1.10475e+07,8.48706e+06,170.0,168.0,1.10474e+07,8.48697e+06,28560.0
Layer:LK-TREE-TRNK,LK-TREE-TRNK,165,82,0,6,30,1.10474e+07,8.48696e+06,1.10474e+07,8.48699e+06,34.0,36.0,1.10474e+07,8.48698e+06,1224.0
Layer:LK-TREE-050M,LK-TREE-050M,255,255,0,1,102,1.10512e+07,8.49104e+06,1.10514e+07,8.4912e+06,170.0,168.0,1.10513e+07,8.49112e+06,28560.0
Layer:LK-TREE-TRNK,LK-TREE-TRNK,165,82,0,6,30,1.10513e+07,8.4911e+06,1.10513e+07,8.49114e+06,34.0,36.0,1.10513e+07,8.49112e+06,1224.0
Layer:LK-TREE-050M,LK-TREE-050M,255,255,0,1,102,1.10525e+07,8.49045e+06,1.10526e+07,8.49062e+06,170.0,168.0,1.10526e+07,8.49053e+06,28560.0
Layer:LK-TREE-TRNK,LK-TREE-TRNK,165,82,0,6,30,1.10525e+07,8.49052e+06,1.10526e+07,8.49055e+06,34.0,36.0,1.10526e+07,8.49053e+06,1224.0
Layer:LK-TREE-050M,LK-TREE-050M,255,255,0,1,102,1.10527e+07,8.49045e+06,1.10529e+07,8.49062e+06,170.0,168.0,1.10528e+07,8.49053e+06,28560.0
Layer:LK-TREE-TRNK,LK-TREE-TRNK,165,82,0,6,30,1.10528e+07,8.49052e+06,1.10528e+07,8.49055e+06,34.0,36.0,1.10528e+07,8.49054e+06,1224.0
Layer:LK-TREE-TRNK,LK-TREE-TRNK,165,82,0,2,10,1.10522e+07,8.48509e+06,1.10522e+07,8.48511e+06,16.0,20.0,1.10522e+07,8.4851e+06,320.0
Layer:LK-TREE-TRNK,LK-TREE-TRNK,165,82,0,2,10,1.10503e+07,8.48954e+06,1.10504e+07,8.48956e+06,16.0,20.0,1.10503e+07,8.48955e+06,320.0
Layer:LK-TREE-050M,LK-TREE-050M,255,255,0,1,30,1.10467e+07,8.48603e+06,1.10469e+07,8.48626e+06,220.0,232.0,1.10468e+07,8.48614e+06,51040.0
Layer:LK-TREE-TRNK,LK-TREE-TRNK,165,82,0,2,10,1.10468e+07,8.48613e+06,1.10468e+07,8.48616e+06,16.0,22.0,1.10468e+07,8.48614e+06,352.0
Layer:LK-TREE-050M,LK-TREE-050M,255,255,0,1,30,1.10474e+07,8.48612e+06,1.10476e+07,8.48635e+06,220.0,232.0,1.10475e+07,8.48624e+06,51040.0
Layer:LK-TREE-TRNK,LK-TREE-TRNK,165,82,0,2,10,1.10475e+07,8.48622e+06,1.10475e+07,8.48625e+06,16.0,22.0,1.10475e+07,8.48624e+06,352.0
Layer:LK-TREE-TRNK,LK-TREE-TRNK,165,82,0,2,10,1.10493e+07,8.49051e+06,1.10493e+07,8.49053e+06,16.0,20.0,1.10493e+07,8.49052e+06,320.0
Layer:LK-TREE-TRNK,LK-TREE-TRNK,165,82,0,2,10,1.10444e+07,8.49046e+06,1.10444e+07,8.49048e+06,16.0,20.0,1.10444e+07,8.49046e+06,320.0
Layer:LK-TREE-TRNK,LK-TREE-TRNK,165,82,0,2,10,1.10471e+07,8.48643e+06,1.10471e+07,8.48644e+06,4.0,4.0,1.10471e+07,8.48643e+06,16.0
Layer:LK-TREE-TRNK,LK-TREE-TRNK,165,82,0,2,10,1.10471e+07,8.48594e+06,1.10471e+07,8.48594e+06,4.0,4.0,1.10471e+07,8.48594e+06,16.0
Layer:LK-TREE-050M,LK-TREE-050M,255,255,0,1,102,1.10451e+07,8.48459e+06,1.10452e+07,8.48471e+06,122.0,120.0,1.10452e+07,8.48465e+06,14640.0
Layer:LK-TREE-TRNK,LK-TREE-TRNK,165,82,0,2,10,1.10465e+07,8.48612e+06,1.10465e+07,8.48614e+06,16.0,20.0,1.10465e+07,8.48613e+06,320.0
Layer:LK-TREE-TRNK,LK-TREE-TRNK,165,82,0,2,10,1.10463e+07,8.48624e+06,1.10463e+07,8.48626e+06,16.0,20.0,1.10463e+07,8.48625e+06,320.0
Layer:LK-TREE-TRNK,LK-TREE-TRNK,165,82,0,2,10,1.10461e+07,8.48612e+06,1.10461e+07,8.48614e+06,16.0,20.0,1.10461e+07,8.48612e+06,320.0
Layer:LK-TREE-TRNK,LK-TREE-TRNK,165,82,0,2,10,1.1046e+07,8.48623e+06,1.1046e+07,8.48625e+06,16.0,20.0,1.1046e+07,8.48624e+06,320.0
Layer:LK-TREE-TRNK,LK-TREE-TRNK,165,82,0,2,10,1.10458e+07,8.48611e+06,1.10458e+07,8.48613e+06,16.0,20.0,1.10458e+07,8.48612e+06,320.0
Layer:LK-TREE-050M,LK-TREE-050M,255,255,0,1,30,1.10454e+07,8.48606e+06,1.10456e+07,8.4863e+06,228.0,240.0,1.10455e+07,8.48618e+06,54720.0
Layer:LK-TREE-TRNK,LK-TREE-TRNK,165,82,0,2,10,1.10455e+07,8.48617e+06,1.10455e+07,8.48619e+06,18.0,22.0,1.10455e+07,8.48618e+06,396.0
Layer:LK-TREE-050M,LK-TREE-050M,255,255,0,1,30,1.10442e+07,8.48605e+06,1.10444e+07,8.48629e+06,228.0,240.0,1.10443e+07,8.48617e+06,54720.0
Layer:LK-TREE-TRNK,LK-TREE-TRNK,165,82,0,2,10,1.10443e+07,8.48616e+06,1.10443e+07,8.48618e+06,18.0,22.0,1.10443e+07,8.48617e+06,396.0
Layer:LK-TREE-TRNK,LK-TREE-TRNK,165,82,0,2,10,1.1044e+07,8.4861e+06,1.1044e+07,8.48612e+06,16.0,20.0,1.1044e+07,8.48611e+06,320.0
Layer:LK-TREE-TRNK,LK-TREE-TRNK,165,82,0,2,10,1.10438e+07,8.48622e+06,1.10438e+07,8.48624e+06,16.0,20.0,1.10438e+07,8.48623e+06,320.0
Layer:LK-TREE-TRNK,LK-TREE-TRNK,165,82,0,2,10,1.10436e+07,8.4861e+06,1.10437e+07,8.48612e+06,16.0,20.0,1.10436e+07,8.48611e+06,320.0
Layer:LK-TREE-TRNK,LK-TREE-TRNK,165,82,0,2,10,1.10435e+07,8.48622e+06,1.10435e+07,8.48624e+06,16.0,20.0,1.10435e+07,8.48623e+06,320.0
Layer:LK-TREE-TRNK,LK-TREE-TRNK,165,82,0,2,10,1.10433e+07,8.4861e+06,1.10433e+07,8.48612e+06,16.0,20.0,1.10433e+07,8.48611e+06,320.0
Layer:LK-TREE-050M,LK-TREE-050M,255,255,0,1,102,1.10428e+07,8.48567e+06,1.1043e+07,8.48582e+06,146.0,142.0,1.10429e+07,8.48574e+06,20732.0
Layer:LK-TREE-TRNK,LK-TREE-TRNK,165,82,0,2,10,1.10429e+07,8.48574e+06,1.10429e+07,8.48575e+06,10.0,14.0,1.10429e+07,8.48575e+06,140.0
Layer:LK-TREE-050M,LK-TREE-050M,255,255,0,1,30,1.10428e+07,8.48537e+06,1.1043e+07,8.4856e+06,220.0,232.0,1.10429e+07,8.48549e+06,51040.0
Layer:LK-TREE-TRNK,LK-TREE-TRNK,165,82,0,2,10,1.10429e+07,8.48548e+06,1.10429e+07,8.4855e+06,16.0,22.0,1.10429e+07,8.48549e+06,352.0
Layer:LK-TREE-050M,LK-TREE-050M,255,255,0,1,30,1.10428e+07,8.48671e+06,1.1043e+07,8.48694e+06,220.0,232.0,1.10429e+07,8.48683e+06,51040.0
Layer:LK-TREE-TRNK,LK-TREE-TRNK,165,82,0,2,10,1.10429e+07,8.48682e+06,1.10429e+07,8.48684e+06,16.0,22.0,1.10429e+07,8.48683e+06,352.0
Layer:LK-TREE-050M,LK-TREE-050M,255,255,0,1,102,1.10428e+07,8.48654e+06,1.1043e+07,8.48668e+06,146.0,142.0,1.10429e+07,8.48661e+06,20732.0
Layer:LK-TREE-TRNK,LK-TREE-TRNK,165,82,0,2,10,1.10429e+07,8.4866e+06,1.10429e+07,8.48662e+06,10.0,14.0,1.10429e+07,8.48661e+06,140.0
Layer:LK-TREE-050M,LK-TREE-050M,255,255,0,1,102,1.10428e+07,8.48636e+06,1.1043e+07,8.4865e+06,146.0,142.0,1.10429e+07,8.48643e+06,20732.0
Layer:LK-TREE-TRNK,LK-TREE-TRNK,165,82,0,2,10,1.10429e+07,8.48642e+06,1.10429e+07,8.48644e+06,10.0,14.0,1.10429e+07,8.48643e+06,140.0
Layer:LK-TREE-050M,LK-TREE-050M,255,255,0,1,30,1.10429e+07,8.48604e+06,1.10431e+07,8.48628e+06,220.0,232.0,1.1043e+07,8.48616e+06,51040.0
Layer:LK-TREE-TRNK,LK-TREE-TRNK,165,82,0,2,10,1.1043e+07,8.48615e+06,1.1043e+07,8.48617e+06,16.0,22.0,1.1043e+07,8.48616e+06,352.0
Layer:SP-BUILDING-FOOTPRINT,SP-BUILDING-FOOTPRINT,255,0,0,33,1090,1.10414e+07,8.48518e+06,1.10529e+07,8.49106e+06,11485.0,5877.0,1.10471e+07,8.48812e+06,6.74973e+07
Layer:LK-TREE-050M,LK-TREE-050M,255,255,0,1,30,1.10487e+07,8.48608e+06,1.10489e+07,8.48632e+06,228.0,240.0,1.10488e+07,8.4862e+06,54720.0
Layer:LK-TREE-TRNK,LK-TREE-TRNK,165,82,0,2,10,1.10488e+07,8.48619e+06,1.10488e+07,8.48622e+06,18.0,22.0,1.10488e+07,8.4862e+06,396.0
Layer:LK-TREE-050M,LK-TREE-050M,255,255,0,1,30,1.10499e+07,8.48609e+06,1.10501e+07,8.48633e+06,228.0,240.0,1.105e+07,8.48621e+06,54720.0
Layer:LK-TREE-TRNK,LK-TREE-TRNK,165,82,0,2,10,1.105e+07,8.4862e+06,1.105e+07,8.48622e+06,18.0,22.0,1.105e+07,8.48621e+06,396.0
Layer:LK-TREE-TRNK,LK-TREE-TRNK,165,82,0,2,10,1.1051e+07,8.48614e+06,1.1051e+07,8.48616e+06,16.0,20.0,1.1051e+07,8.48616e+06,320.0
Layer:LK-TREE-TRNK,LK-TREE-TRNK,165,82,0,2,10,1.10508e+07,8.48626e+06,1.10508e+07,8.48628e+06,16.0,20.0,1.10508e+07,8.48627e+06,320.0
Layer:LK-TREE-TRNK,LK-TREE-TRNK,165,82,0,2,10,1.10506e+07,8.48614e+06,1.10507e+07,8.48616e+06,16.0,20.0,1.10507e+07,8.48615e+06,320.0
Layer:LK-TREE-TRNK,LK-TREE-TRNK,165,82,0,2,10,1.10505e+07,8.48626e+06,1.10505e+07,8.48628e+06,16.0,20.0,1.10505e+07,8.48627e+06,320.0
Layer:LK-TREE-TRNK,LK-TREE-TRNK,165,82,0,2,10,1.10503e+07,8.48614e+06,1.10503e+07,8.48616e+06,16.0,20.0,1.10503e+07,8.48615e+06,320.0
Layer:LK-TREE-050M,LK-TREE-050M,255,255,0,1,102,1.10468e+07,8.4856e+06,1.10469e+07,8.48572e+06,122.0,120.0,1.10468e+07,8.48566e+06,14640.0
Layer:LK-TREE-050M,LK-TREE-050M,255,255,0,1,102,1.10474e+07,8.48561e+06,1.10475e+07,8.48573e+06,122.0,120.0,1.10475e+07,8.48567e+06,14640.0
Layer:LK-TREE-050M,LK-TREE-050M,255,255,0,1,102,1.10468e+07,8.48504e+06,1.10469e+07,8.48521e+06,170.0,168.0,1.10469e+07,8.48512e+06,28560.0
Layer:LK-TREE-TRNK,LK-TREE-TRNK,165,82,0,6,30,1.10468e+07,8.48511e+06,1.10469e+07,8.48514e+06,34.0,36.0,1.10469e+07,8.48512e+06,1224.0
Layer:LK-TREE-050M,LK-TREE-050M,255,255,0,1,102,1.10474e+07,8.48505e+06,1.10475e+07,8.48521e+06,170.0,168.0,1.10474e+07,8.48513e+06,28560.0
Layer:LK-TREE-TRNK,LK-TREE-TRNK,165,82,0,6,30,1.10474e+07,8.48512e+06,1.10475e+07,8.48515e+06,34.0,36.0,1.10474e+07,8.48513e+06,1224.0
Layer:LK-SHRB-TRNK,LK-SHRB-TRNK,0,255,0,2,10,1.10473e+07,8.48519e+06,1.10473e+07,8.4852e+06,6.0,6.0,1.10473e+07,8.48519e+06,36.0
Layer:LK-SHRB-TRNK,LK-SHRB-TRNK,0,255,0,2,10,1.10473e+07,8.48518e+06,1.10473e+07,8.48519e+06,6.0,6.0,1.10473e+07,8.48518e+06,36.0
Layer:LK-SHRB-TRNK,LK-SHRB-TRNK,0,255,0,2,10,1.1047e+07,8.48518e+06,1.1047e+07,8.48518e+06,6.0,6.0,1.1047e+07,8.48518e+06,36.0
Layer:LK-SHRB-TRNK,LK-SHRB-TRNK,0,255,0,2,10,1.1047e+07,8.48519e+06,1.1047e+07,8.4852e+06,6.0,6.0,1.1047e+07,8.48519e+06,36.0
Layer:LK-TREE-050M,LK-TREE-050M,255,255,0,1,30,1.10516e+07,8.48453e+06,1.10518e+07,8.48476e+06,220.0,232.0,1.10517e+07,8.48464e+06,51040.0
Layer:LK-TREE-TRNK,LK-TREE-TRNK,165,82,0,2,10,1.10517e+07,8.48463e+06,1.10517e+07,8.48465e+06,16.0,22.0,1.10517e+07,8.48464e+06,352.0
Layer:LK-TREE-050M,LK-TREE-050M,255,255,0,1,30,1.10512e+07,8.48453e+06,1.10514e+07,8.48476e+06,220.0,232.0,1.10513e+07,8.48464e+06,51040.0
Layer:LK-TREE-TRNK,LK-TREE-TRNK,165,82,0,2,10,1.10513e+07,8.48463e+06,1.10514e+07,8.48466e+06,16.0,22.0,1.10513e+07,8.48464e+06,352.0
Layer:LK-TREE-050M,LK-TREE-050M,255,255,0,1,30,1.10502e+07,8.48452e+06,1.10504e+07,8.48475e+06,220.0,232.0,1.10503e+07,8.48463e+06,51040.0
Layer:LK-TREE-TRNK,LK-TREE-TRNK,165,82,0,2,10,1.10503e+07,8.48462e+06,1.10503e+07,8.48464e+06,16.0,22.0,1.10503e+07,8.48463e+06,352.0
Layer:LK-TREE-050M,LK-TREE-050M,255,255,0,1,30,1.1049e+07,8.48451e+06,1.10492e+07,8.48474e+06,220.0,232.0,1.10491e+07,8.48463e+06,51040.0
Layer:LK-TREE-TRNK,LK-TREE-TRNK,165,82,0,2,10,1.10491e+07,8.48462e+06,1.10491e+07,8.48464e+06,16.0,22.0,1.10491e+07,8.48463e+06,352.0
Layer:LK-TREE-050M,LK-TREE-050M,255,255,0,1,30,1.10487e+07,8.48451e+06,1.10489e+07,8.48474e+06,220.0,232.0,1.10488e+07,8.48463e+06,51040.0
Layer:LK-TREE-TRNK,LK-TREE-TRNK,165,82,0,2,10,1.10488e+07,8.48462e+06,1.10488e+07,8.48464e+06,16.0,22.0,1.10488e+07,8.48463e+06,352.0
Layer:LK-TREE-050M,LK-TREE-050M,255,255,0,1,30,1.10484e+07,8.48451e+06,1.10486e+07,8.48474e+06,220.0,232.0,1.10485e+07,8.48463e+06,51040.0
Layer:LK-TREE-TRNK,LK-TREE-TRNK,165,82,0,2,10,1.10485e+07,8.48462e+06,1.10485e+07,8.48464e+06,16.0,22.0,1.10485e+07,8.48463e+06,352.0
Layer:LK-TREE-050M,LK-TREE-050M,255,255,0,1,30,1.10477e+07,8.4845e+06,1.10479e+07,8.48474e+06,228.0,240.0,1.10478e+07,8.48462e+06,54720.0
Layer:LK-TREE-TRNK,LK-TREE-TRNK,165,82,0,2,10,1.10478e+07,8.48461e+06,1.10478e+07,8.48463e+06,18.0,22.0,1.10478e+07,8.48462e+06,396.0
Layer:LK-TREE-050M,LK-TREE-050M,255,255,0,1,30,1.10462e+07,8.48448e+06,1.10465e+07,8.48472e+06,228.0,240.0,1.10464e+07,8.4846e+06,54720.0
Layer:LK-TREE-TRNK,LK-TREE-TRNK,165,82,0,2,10,1.10463e+07,8.48459e+06,1.10464e+07,8.48461e+06,18.0,22.0,1.10464e+07,8.4846e+06,396.0
Layer:LK-TREE-050M,LK-TREE-050M,255,255,0,1,30,1.10509e+07,8.48454e+06,1.10511e+07,8.48477e+06,220.0,232.0,1.1051e+07,8.48465e+06,51040.0
Layer:LK-TREE-TRNK,LK-TREE-TRNK,165,82,0,2,10,1.1051e+07,8.48464e+06,1.1051e+07,8.48466e+06,16.0,22.0,1.1051e+07,8.48465e+06,352.0
Layer:LK-TREE-050M,LK-TREE-050M,255,255,0,1,30,1.10499e+07,8.48451e+06,1.10501e+07,8.48475e+06,220.0,232.0,1.105e+07,8.48463e+06,51040.0
Layer:LK-TREE-TRNK,LK-TREE-TRNK,165,82,0,2,10,1.105e+07,8.48462e+06,1.105e+07,8.48464e+06,16.0,22.0,1.105e+07,8.48463e+06,352.0
Layer:LK-TREE-050M,LK-TREE-050M,255,255,0,1,30,1.10496e+07,8.48451e+06,1.10498e+07,8.48474e+06,220.0,232.0,1.10497e+07,8.48463e+06,51040.0
Layer:LK-TREE-TRNK,LK-TREE-TRNK,165,82,0,2,10,1.10497e+07,8.48462e+06,1.10497e+07,8.48464e+06,16.0,22.0,1.10497e+07,8.48463e+06,352.0
Layer:LK-TREE-TRNK,LK-TREE-TRNK,165,82,0,2,10,1.10469e+07,8.4846e+06,1.10469e+07,8.48463e+06,28.0,30.0,1.10469e+07,8.48461e+06,840.0
Layer:LK-TREE-TRNK,LK-TREE-TRNK,165,82,0,2,10,1.10474e+07,8.4846e+06,1.10474e+07,8.48462e+06,28.0,30.0,1.10474e+07,8.48461e+06,840.0
Layer:LK-TREE-TRNK,LK-TREE-TRNK,165,82,0,2,10,1.10468e+07,8.4858e+06,1.10468e+07,8.4858e+06,6.0,6.0,1.10468e+07,8.4858e+06,36.0
Layer:LK-TREE-TRNK,LK-TREE-TRNK,165,82,0,2,10,1.10468e+07,8.48584e+06,1.10468e+07,8.48584e+06,6.0,6.0,1.10468e+07,8.48584e+06,36.0
Layer:LK-TREE-TRNK,LK-TREE-TRNK,165,82,0,2,10,1.10468e+07,8.48578e+06,1.10468e+07,8.48578e+06,6.0,6.0,1.10468e+07,8.48578e+06,36.0
Layer:LK-TREE-TRNK,LK-TREE-TRNK,165,82,0,2,10,1.10475e+07,8.4858e+06,1.10475e+07,8.4858e+06,6.0,6.0,1.10475e+07,8.4858e+06,36.0
Layer:LK-TREE-TRNK,LK-TREE-TRNK,165,82,0,2,10,1.10474e+07,8.48582e+06,1.10474e+07,8.48583e+06,6.0,6.0,1.10474e+07,8.48583e+06,36.0
Layer:LK-TREE-TRNK,LK-TREE-TRNK,165,82,0,2,10,1.10474e+07,8.48576e+06,1.10474e+07,8.48577e+06,6.0,6.0,1.10474e+07,8.48577e+06,36.0
Layer:LK-TREE-050M,LK-TREE-050M,255,255,0,1,102,1.10474e+07,8.48657e+06,1.10475e+07,8.48669e+06,122.0,120.0,1.10474e+07,8.48663e+06,14640.0
Layer:LK-TREE-050M,LK-TREE-050M,255,255,0,1,102,1.10468e+07,8.48655e+06,1.10469e+07,8.48667e+06,122.0,120.0,1.10468e+07,8.48661e+06,14640.0
Layer:LK-TREE-TRNK,LK-TREE-TRNK,165,82,0,2,10,1.10454e+07,8.48466e+06,1.10454e+07,8.48466e+06,6.0,6.0,1.10454e+07,8.48466e+06,36.0
Layer:LK-TREE-TRNK,LK-TREE-TRNK,165,82,0,2,10,1.10455e+07,8.48466e+06,1.10455e+07,8.48466e+06,6.0,6.0,1.10455e+07,8.48466e+06,36.0
Layer:LK-TREE-TRNK,LK-TREE-TRNK,165,82,0,2,10,1.10456e+07,8.48465e+06,1.10456e+07,8.48466e+06,6.0,6.0,1.10456e+07,8.48466e+06,36.0
Layer:LK-TREE-050M,LK-TREE-050M,255,255,0,1,102,1.10448e+07,8.48459e+06,1.10449e+07,8.48471e+06,122.0,120.0,1.10449e+07,8.48465e+06,14640.0
Layer:LK-TREE-050M,LK-TREE-050M,255,255,0,1,30,1.10414e+07,8.48503e+06,1.10417e+07,8.48527e+06,228.0,240.0,1.10416e+07,8.48515e+06,54720.0
Layer:LK-TREE-TRNK,LK-TREE-TRNK,165,82,0,2,10,1.10415e+07,8.48514e+06,1.10416e+07,8.48516e+06,18.0,22.0,1.10416e+07,8.48515e+06,396.0
Layer:LK-TREE-050M,LK-TREE-050M,255,255,0,1,102,1.10421e+07,8.48509e+06,1.10423e+07,8.48526e+06,170.0,168.0,1.10422e+07,8.48517e+06,28560.0
Layer:LK-TREE-TRNK,LK-TREE-TRNK,165,82,0,6,30,1.10422e+07,8.48516e+06,1.10422e+07,8.48519e+06,34.0,36.0,1.10422e+07,8.48518e+06,1224.0
Layer:LK-TREE-050M,LK-TREE-050M,255,255,0,1,102,1.10418e+07,8.48509e+06,1.10419e+07,8.48526e+06,170.0,168.0,1.10419e+07,8.48517e+06,28560.0
Layer:LK-TREE-TRNK,LK-TREE-TRNK,165,82,0,6,30,1.10418e+07,8.48516e+06,1.10419e+07,8.48519e+06,34.0,36.0,1.10419e+07,8.48518e+06,1224.0
Layer:LK-TREE-050M,LK-TREE-050M,255,255,0,1,30,1.1042e+07,8.48445e+06,1.10422e+07,8.48469e+06,228.0,240.0,1.10421e+07,8.48457e+06,54720.0
Layer:LK-TREE-TRNK,LK-TREE-TRNK,165,82,0,2,10,1.10421e+07,8.48456e+06,1.10421e+07,8.48458e+06,18.0,22.0,1.10421e+07,8.48457e+06,396.0
Layer:LK-SHRB-TRNK,LK-SHRB-TRNK,0,255,0,2,10,1.10414e+07,8.49097e+06,1.10414e+07,8.49098e+06,2.0,2.0,1.10414e+07,8.49097e+06,4.0
Layer:LK-SHRB-TRNK,LK-SHRB-TRNK,0,255,0,2,10,1.10414e+07,8.49097e+06,1.10414e+07,8.49098e+06,2.0,2.0,1.10414e+07,8.49098e+06,4.0
Layer:LK-SHRB-TRNK,LK-SHRB-TRNK,0,255,0,2,10,1.10415e+07,8.49097e+06,1.10415e+07,8.49098e+06,2.0,2.0,1.10415e+07,8.49098e+06,4.0
Layer:LK-SHRB-TRNK,LK-SHRB-TRNK,0,255,0,2,10,1.10415e+07,8.49097e+06,1.10415e+07,8.49098e+06,2.0,2.0,1.10415e+07,8.49098e+06,4.0
Layer:LK-SHRB-TRNK,LK-SHRB-TRNK,0,255,0,2,10,1.10415e+07,8.49098e+06,1.10415e+07,8.49098e+06,2.0,2.0,1.10415e+07,8.49098e+06,4.0
Layer:LK-SHRB-TRNK,LK-SHRB-TRNK,0,255,0,2,10,1.10415e+07,8.49098e+06,1.10415e+07,8.49098e+06,2.0,2.0,1.10415e+07,8.49098e+06,4.0
Layer:LK-SHRB-TRNK,LK-SHRB-TRNK,0,255,0,2,10,1.10415e+07,8.49098e+06,1.10415e+07,8.49098e+06,2.0,2.0,1.10415e+07,8.49098e+06,4.0
Layer:LK-SHRB-TRNK,LK-SHRB-TRNK,0,255,0,2,10,1.10415e+07,8.49098e+06,1.10415e+07,8.49098e+06,2.0,2.0,1.10415e+07,8.49098e+06,4.0
Layer:LK-SHRB-TRNK,LK-SHRB-TRNK,0,255,0,2,10,1.10416e+07,8.49098e+06,1.10416e+07,8.49098e+06,2.0,2.0,1.10416e+07,8.49098e+06,4.0
Layer:LK-SHRB-TRNK,LK-SHRB-TRNK,0,255,0,2,10,1.10416e+07,8.49098e+06,1.10416e+07,8.49098e+06,2.0,2.0,1.10416e+07,8.49098e+06,4.0
Layer:LK-SHRB-TRNK,LK-SHRB-TRNK,0,255,0,2,10,1.10416e+07,8.49098e+06,1.10416e+07,8.49098e+06,2.0,2.0,1.10416e+07,8.49098e+06,4.0
Layer:LK-TREE-050M,LK-TREE-050M,255,255,0,1,102,1.10414e+07,8.49097e+06,1.10416e+07,8.49114e+06,170.0,168.0,1.10415e+07,8.49105e+06,28560.0
Layer:LK-TREE-TRNK,LK-TREE-TRNK,165,82,0,6,30,1.10415e+07,8.49104e+06,1.10415e+07,8.49108e+06,34.0,36.0,1.10415e+07,8.49106e+06,1224.0
Layer:LK-TREE-050M,LK-TREE-050M,255,255,0,1,30,1.10429e+07,8.48837e+06,1.10431e+07,8.4886e+06,220.0,232.0,1.1043e+07,8.48848e+06,51040.0
Layer:LK-TREE-TRNK,LK-TREE-TRNK,165,82,0,2,10,1.1043e+07,8.48847e+06,1.1043e+07,8.4885e+06,16.0,22.0,1.1043e+07,8.48848e+06,352.0
Layer:LK-TREE-050M,LK-TREE-050M,255,255,0,1,30,1.10429e+07,8.48861e+06,1.10431e+07,8.48884e+06,220.0,232.0,1.1043e+07,8.48872e+06,51040.0
Layer:LK-TREE-TRNK,LK-TREE-TRNK,165,82,0,2,10,1.1043e+07,8.48871e+06,1.1043e+07,8.48874e+06,16.0,22.0,1.1043e+07,8.48872e+06,352.0
Layer:LK-TREE-050M,LK-TREE-050M,255,255,0,1,30,1.10429e+07,8.48885e+06,1.10431e+07,8.48908e+06,220.0,232.0,1.1043e+07,8.48896e+06,51040.0
Layer:LK-TREE-TRNK,LK-TREE-TRNK,165,82,0,2,10,1.1043e+07,8.48895e+06,1.1043e+07,8.48898e+06,16.0,22.0,1.1043e+07,8.48896e+06,352.0
Layer:LK-TREE-TRNK,LK-TREE-TRNK,165,82,0,2,10,1.10433e+07,8.48796e+06,1.10433e+07,8.48797e+06,8.0,12.0,1.10433e+07,8.48796e+06,96.0
Layer:LK-TREE-TRNK,LK-TREE-TRNK,165,82,0,2,10,1.10435e+07,8.48796e+06,1.10435e+07,8.48797e+06,8.0,12.0,1.10435e+07,8.48796e+06,96.0
Layer:LK-TREE-TRNK,LK-TREE-TRNK,165,82,0,2,10,1.10437e+07,8.48796e+06,1.10437e+07,8.48797e+06,8.0,12.0,1.10437e+07,8.48797e+06,96.0
Layer:LK-TREE-TRNK,LK-TREE-TRNK,165,82,0,2,10,1.10431e+07,8.48796e+06,1.10431e+07,8.48797e+06,8.0,12.0,1.10431e+07,8.48796e+06,96.0
Layer:LK-TREE-TRNK,LK-TREE-TRNK,165,82,0,2,10,1.1043e+07,8.48931e+06,1.1043e+07,8.48933e+06,16.0,20.0,1.1043e+07,8.48932e+06,320.0
Layer:LK-TREE-TRNK,LK-TREE-TRNK,165,82,0,2,10,1.10431e+07,8.48824e+06,1.10431e+07,8.48826e+06,16.0,20.0,1.10431e+07,8.48825e+06,320.0
Layer:LK-TREE-050M,LK-TREE-050M,255,255,0,1,30,1.10456e+07,8.48818e+06,1.10458e+07,8.48841e+06,220.0,232.0,1.10457e+07,8.4883e+06,51040.0
Layer:LK-TREE-TRNK,LK-TREE-TRNK,165,82,0,2,10,1.10457e+07,8.48828e+06,1.10457e+07,8.4883e+06,16.0,22.0,1.10457e+07,8.48829e+06,352.0
Layer:LK-TREE-050M,LK-TREE-050M,255,255,0,1,30,1.10456e+07,8.48848e+06,1.10458e+07,8.48871e+06,220.0,232.0,1.10457e+07,8.4886e+06,51040.0
Layer:LK-TREE-TRNK,LK-TREE-TRNK,165,82,0,2,10,1.10457e+07,8.48858e+06,1.10457e+07,8.4886e+06,16.0,22.0,1.10457e+07,8.48859e+06,352.0
Layer:LK-TREE-050M,LK-TREE-050M,255,255,0,1,30,1.10456e+07,8.48878e+06,1.10458e+07,8.48901e+06,220.0,232.0,1.10457e+07,8.4889e+06,51040.0
Layer:LK-TREE-TRNK,LK-TREE-TRNK,165,82,0,2,10,1.10457e+07,8.48888e+06,1.10457e+07,8.4889e+06,16.0,22.0,1.10457e+07,8.48889e+06,352.0
Layer:LK-TREE-050M,LK-TREE-050M,255,255,0,1,30,1.10484e+07,8.48807e+06,1.10486e+07,8.48831e+06,220.0,232.0,1.10485e+07,8.48819e+06,51040.0
Layer:LK-TREE-TRNK,LK-TREE-TRNK,165,82,0,2,10,1.10485e+07,8.48818e+06,1.10485e+07,8.4882e+06,16.0,22.0,1.10485e+07,8.48819e+06,352.0
Layer:LK-TREE-TRNK,LK-TREE-TRNK,165,82,0,2,10,1.10486e+07,8.48936e+06,1.10486e+07,8.48938e+06,16.0,20.0,1.10486e+07,8.48937e+06,320.0
Layer:LK-TREE-050M,LK-TREE-050M,255,255,0,1,30,1.10484e+07,8.48837e+06,1.10486e+07,8.48861e+06,220.0,232.0,1.10485e+07,8.48849e+06,51040.0
Layer:LK-TREE-TRNK,LK-TREE-TRNK,165,82,0,2,10,1.10485e+07,8.48848e+06,1.10485e+07,8.4885e+06,16.0,22.0,1.10485e+07,8.48849e+06,352.0
Layer:LK-TREE-050M,LK-TREE-050M,255,255,0,1,30,1.10484e+07,8.48867e+06,1.10486e+07,8.48891e+06,220.0,232.0,1.10485e+07,8.48879e+06,51040.0
Layer:LK-TREE-TRNK,LK-TREE-TRNK,165,82,0,2,10,1.10485e+07,8.48878e+06,1.10485e+07,8.4888e+06,16.0,22.0,1.10485e+07,8.48879e+06,352.0
Layer:LK-TREE-050M,LK-TREE-050M,255,255,0,1,30,1.10484e+07,8.48897e+06,1.10486e+07,8.48921e+06,220.0,232.0,1.10485e+07,8.48909e+06,51040.0
Layer:LK-TREE-TRNK,LK-TREE-TRNK,165,82,0,2,10,1.10485e+07,8.48908e+06,1.10485e+07,8.4891e+06,16.0,22.0,1.10485e+07,8.48909e+06,352.0
Layer:LK-TREE-050M,LK-TREE-050M,255,255,0,1,102,1.10482e+07,8.48952e+06,1.10483e+07,8.48969e+06,170.0,168.0,1.10482e+07,8.48961e+06,28560.0
Layer:LK-TREE-TRNK,LK-TREE-TRNK,165,82,0,6,30,1.10482e+07,8.48959e+06,1.10483e+07,8.48963e+06,34.0,36.0,1.10482e+07,8.48961e+06,1224.0
Layer:LK-TREE-050M,LK-TREE-050M,255,255,0,1,102,1.10484e+07,8.48952e+06,1.10486e+07,8.48969e+06,170.0,168.0,1.10485e+07,8.4896e+06,28560.0
Layer:LK-TREE-TRNK,LK-TREE-TRNK,165,82,0,6,30,1.10485e+07,8.48959e+06,1.10485e+07,8.48962e+06,34.0,36.0,1.10485e+07,8.48961e+06,1224.0
Layer:LK-TREE-TRNK,LK-TREE-TRNK,165,82,0,1,4,1.10503e+07,8.488e+06,1.10504e+07,8.48802e+06,16.0,16.0,1.10503e+07,8.48801e+06,256.0
Layer:LK-TREE-050M,LK-TREE-050M,255,255,0,1,102,1.10513e+07,8.48721e+06,1.10514e+07,8.48735e+06,146.0,142.0,1.10513e+07,8.48728e+06,20732.0
Layer:LK-TREE-TRNK,LK-TREE-TRNK,165,82,0,2,10,1.10513e+07,8.48727e+06,1.10514e+07,8.48729e+06,10.0,14.0,1.10513e+07,8.48728e+06,140.0
Layer:LK-TREE-TRNK,LK-TREE-TRNK,165,82,0,2,10,1.10523e+07,8.48514e+06,1.10523e+07,8.48515e+06,8.0,12.0,1.10523e+07,8.48515e+06,96.0
Layer:LK-TREE-TRNK,LK-TREE-TRNK,165,82,0,2,10,1.1052e+07,8.48515e+06,1.1052e+07,8.48517e+06,8.0,12.0,1.1052e+07,8.48516e+06,96.0
Layer:LK-TREE-050M,LK-TREE-050M,255,255,0,1,102,1.10505e+07,8.48795e+06,1.10506e+07,8.48807e+06,122.0,120.0,1.10505e+07,8.48801e+06,14640.0
Layer:LK-TREE-050M,LK-TREE-050M,255,255,0,1,102,1.10506e+07,8.48795e+06,1.10508e+07,8.48807e+06,122.0,120.0,1.10507e+07,8.48801e+06,14640.0
Layer:LK-TREE-050M,LK-TREE-050M,255,255,0,1,102,1.1049e+07,8.48794e+06,1.10491e+07,8.48806e+06,122.0,120.0,1.1049e+07,8.488e+06,14640.0
Layer:LK-TREE-050M,LK-TREE-050M,255,255,0,1,102,1.10491e+07,8.48794e+06,1.10493e+07,8.48806e+06,122.0,120.0,1.10492e+07,8.488e+06,14640.0
Layer:LK-TREE-TRNK,LK-TREE-TRNK,165,82,0,1,4,1.10494e+07,8.488e+06,1.10494e+07,8.48802e+06,16.0,16.0,1.10494e+07,8.48801e+06,256.0
Layer:LK-TREE-TRNK,LK-TREE-TRNK,165,82,0,2,10,1.10488e+07,8.48802e+06,1.10488e+07,8.48802e+06,6.0,6.0,1.10488e+07,8.48802e+06,36.0
Layer:LK-TREE-TRNK,LK-TREE-TRNK,165,82,0,2,10,1.10487e+07,8.48802e+06,1.10487e+07,8.48802e+06,6.0,6.0,1.10487e+07,8.48802e+06,36.0
Layer:LK-TREE-TRNK,LK-TREE-TRNK,165,82,0,2,10,1.10486e+07,8.48802e+06,1.10487e+07,8.48802e+06,6.0,6.0,1.10487e+07,8.48802e+06,36.0
Layer:LK-TREE-050M,LK-TREE-050M,255,255,0,1,102,1.10464e+07,8.48784e+06,1.10465e+07,8.48796e+06,122.0,120.0,1.10464e+07,8.4879e+06,14640.0
Layer:LK-TREE-050M,LK-TREE-050M,255,255,0,1,102,1.10489e+07,8.48948e+06,1.1049e+07,8.48963e+06,146.0,142.0,1.10489e+07,8.48956e+06,20732.0
Layer:LK-TREE-TRNK,LK-TREE-TRNK,165,82,0,2,10,1.10489e+07,8.48955e+06,1.10489e+07,8.48956e+06,10.0,14.0,1.10489e+07,8.48956e+06,140.0
Layer:LK-TREE-050M,LK-TREE-050M,255,255,0,1,30,1.10458e+07,8.48925e+06,1.1046e+07,8.48949e+06,228.0,240.0,1.10459e+07,8.48937e+06,54720.0
Layer:LK-TREE-TRNK,LK-TREE-TRNK,165,82,0,2,10,1.10459e+07,8.48936e+06,1.10459e+07,8.48938e+06,18.0,22.0,1.10459e+07,8.48937e+06,396.0
Layer:LK-SHRB-TRNK,LK-SHRB-TRNK,0,255,0,6,30,1.10512e+07,8.48472e+06,1.10512e+07,8.48473e+06,10.0,10.0,1.10512e+07,8.48472e+06,100.0
Layer:LK-SHRB-TRNK,LK-SHRB-TRNK,0,255,0,6,30,1.10511e+07,8.48472e+06,1.10512e+07,8.48473e+06,10.0,10.0,1.10511e+07,8.48472e+06,100.0
Layer:LK-SHRB-TRNK,LK-SHRB-TRNK,0,255,0,6,30,1.10512e+07,8.48472e+06,1.10512e+07,8.48473e+06,10.0,10.0,1.10512e+07,8.48472e+06,100.0
Layer:LK-SHRB-TRNK,LK-SHRB-TRNK,0,255,0,6,30,1.10509e+07,8.48471e+06,1.10509e+07,8.48472e+06,10.0,10.0,1.10509e+07,8.48472e+06,100.0
Layer:LK-SHRB-TRNK,LK-SHRB-TRNK,0,255,0,6,30,1.10508e+07,8.48472e+06,1.10509e+07,8.48473e+06,10.0,10.0,1.10508e+07,8.48472e+06,100.0
Layer:LK-SHRB-TRNK,LK-SHRB-TRNK,0,255,0,6,30,1.10509e+07,8.48472e+06,1.10509e+07,8.48473e+06,10.0,10.0,1.10509e+07,8.48472e+06,100.0
Layer:LK-SHRB-TRNK,LK-SHRB-TRNK,0,255,0,6,30,1.10506e+07,8.48471e+06,1.10506e+07,8.48472e+06,10.0,10.0,1.10506e+07,8.48472e+06,100.0
Layer:LK-SHRB-TRNK,LK-SHRB-TRNK,0,255,0,6,30,1.10505e+07,8.48472e+06,1.10506e+07,8.48472e+06,10.0,10.0,1.10505e+07,8.48472e+06,100.0
Layer:LK-SHRB-TRNK,LK-SHRB-TRNK,0,255,0,6,30,1.10506e+07,8.48472e+06,1.10506e+07,8.48473e+06,10.0,10.0,1.10506e+07,8.48472e+06,100.0
Layer:LK-TREE-050M,LK-TREE-050M,255,255,0,1,102,1.1045e+07,8.48459e+06,1.10451e+07,8.48471e+06,122.0,120.0,1.1045e+07,8.48465e+06,14640.0
Layer:LK-SHRB-TRNK,LK-SHRB-TRNK,0,255,0,6,30,1.10495e+07,8.48471e+06,1.10495e+07,8.48472e+06,10.0,10.0,1.10495e+07,8.48471e+06,100.0
Layer:LK-SHRB-TRNK,LK-SHRB-TRNK,0,255,0,6,30,1.10495e+07,8.48471e+06,1.10495e+07,8.48472e+06,10.0,10.0,1.10495e+07,8.48471e+06,100.0
Layer:LK-SHRB-TRNK,LK-SHRB-TRNK,0,255,0,6,30,1.10495e+07,8.48471e+06,1.10495e+07,8.48472e+06,10.0,10.0,1.10495e+07,8.48471e+06,100.0
Layer:LK-SHRB-TRNK,LK-SHRB-TRNK,0,255,0,6,30,1.10492e+07,8.4847e+06,1.10492e+07,8.48471e+06,10.0,10.0,1.10492e+07,8.48471e+06,100.0
Layer:LK-SHRB-TRNK,LK-SHRB-TRNK,0,255,0,6,30,1.10492e+07,8.48471e+06,1.10492e+07,8.48472e+06,10.0,10.0,1.10492e+07,8.48471e+06,100.0
Layer:LK-SHRB-TRNK,LK-SHRB-TRNK,0,255,0,6,30,1.10492e+07,8.48471e+06,1.10492e+07,8.48472e+06,10.0,10.0,1.10492e+07,8.48471e+06,100.0
Layer:LK-TREE-TRNK,LK-TREE-TRNK,165,82,0,2,10,1.10442e+07,8.48466e+06,1.10442e+07,8.48466e+06,6.0,6.0,1.10442e+07,8.48466e+06,36.0
Layer:LK-TREE-TRNK,LK-TREE-TRNK,165,82,0,2,10,1.10443e+07,8.48466e+06,1.10443e+07,8.48466e+06,6.0,6.0,1.10443e+07,8.48466e+06,36.0
Layer:LK-TREE-TRNK,LK-TREE-TRNK,165,82,0,2,10,1.10443e+07,8.48465e+06,1.10444e+07,8.48466e+06,6.0,6.0,1.10443e+07,8.48466e+06,36.0
Layer:LK-TREE-TRNK,LK-TREE-TRNK,165,82,0,2,10,1.10438e+07,8.48459e+06,1.10439e+07,8.48461e+06,16.0,20.0,1.10438e+07,8.4846e+06,320.0
Layer:LK-TREE-TRNK,LK-TREE-TRNK,165,82,0,2,10,1.10441e+07,8.48459e+06,1.10441e+07,8.48461e+06,16.0,20.0,1.10441e+07,8.4846e+06,320.0
Layer:LK-TREE-TRNK,LK-TREE-TRNK,165,82,0,2,10,1.10445e+07,8.48459e+06,1.10445e+07,8.48461e+06,16.0,20.0,1.10445e+07,8.4846e+06,320.0
Layer:LK-TREE-TRNK,LK-TREE-TRNK,165,82,0,2,10,1.10447e+07,8.48459e+06,1.10447e+07,8.48461e+06,16.0,20.0,1.10447e+07,8.4846e+06,320.0
Layer:LK-TREE-050M,LK-TREE-050M,255,255,0,1,102,1.10433e+07,8.48459e+06,1.10434e+07,8.48471e+06,122.0,120.0,1.10433e+07,8.48465e+06,14640.0
Layer:LK-TREE-050M,LK-TREE-050M,255,255,0,1,102,1.1043e+07,8.48458e+06,1.10431e+07,8.4847e+06,122.0,120.0,1.1043e+07,8.48464e+06,14640.0
Layer:LK-TREE-050M,LK-TREE-050M,255,255,0,1,102,1.10431e+07,8.48459e+06,1.10432e+07,8.48471e+06,122.0,120.0,1.10432e+07,8.48465e+06,14640.0
Layer:LK-SHRB-TRNK,LK-SHRB-TRNK,0,255,0,6,30,1.1045e+07,8.48468e+06,1.1045e+07,8.48469e+06,10.0,10.0,1.1045e+07,8.48468e+06,100.0
Layer:LK-SHRB-TRNK,LK-SHRB-TRNK,0,255,0,6,30,1.1045e+07,8.48468e+06,1.1045e+07,8.48469e+06,10.0,10.0,1.1045e+07,8.48469e+06,100.0
Layer:LK-SHRB-TRNK,LK-SHRB-TRNK,0,255,0,6,30,1.10451e+07,8.48468e+06,1.10451e+07,8.48469e+06,10.0,10.0,1.10451e+07,8.48469e+06,100.0
Layer:LK-SHRB-TRNK,LK-SHRB-TRNK,0,255,0,6,30,1.10447e+07,8.48468e+06,1.10447e+07,8.48469e+06,10.0,10.0,1.10447e+07,8.48468e+06,100.0
Layer:LK-SHRB-TRNK,LK-SHRB-TRNK,0,255,0,6,30,1.10447e+07,8.48468e+06,1.10447e+07,8.48469e+06,10.0,10.0,1.10447e+07,8.48468e+06,100.0
Layer:LK-SHRB-TRNK,LK-SHRB-TRNK,0,255,0,6,30,1.10448e+07,8.48468e+06,1.10448e+07,8.48469e+06,10.0,10.0,1.10448e+07,8.48468e+06,100.0
Layer:LK-SHRB-TRNK,LK-SHRB-TRNK,0,255,0,6,30,1.10438e+07,8.48467e+06,1.10438e+07,8.48468e+06,10.0,10.0,1.10438e+07,8.48468e+06,100.0
Layer:LK-SHRB-TRNK,LK-SHRB-TRNK,0,255,0,6,30,1.10437e+07,8.48467e+06,1.10437e+07,8.48468e+06,10.0,10.0,1.10437e+07,8.48468e+06,100.0
Layer:LK-SHRB-TRNK,LK-SHRB-TRNK,0,255,0,6,30,1.10438e+07,8.48467e+06,1.10438e+07,8.48468e+06,10.0,10.0,1.10438e+07,8.48468e+06,100.0
Layer:LK-SHRB-TRNK,LK-SHRB-TRNK,0,255,0,6,30,1.10435e+07,8.48467e+06,1.10435e+07,8.48468e+06,10.0,10.0,1.10435e+07,8.48467e+06,100.0
Layer:LK-SHRB-TRNK,LK-SHRB-TRNK,0,255,0,6,30,1.10434e+07,8.48467e+06,1.10434e+07,8.48468e+06,10.0,10.0,1.10434e+07,8.48468e+06,100.0
Layer:LK-SHRB-TRNK,LK-SHRB-TRNK,0,255,0,6,30,1.10435e+07,8.48467e+06,1.10435e+07,8.48468e+06,10.0,10.0,1.10435e+07,8.48468e+06,100.0
Layer:LK-SHRB-TRNK,LK-SHRB-TRNK,0,255,0,6,30,1.10432e+07,8.48467e+06,1.10432e+07,8.48468e+06,10.0,10.0,1.10432e+07,8.48467e+06,100.0
Layer:LK-SHRB-TRNK,LK-SHRB-TRNK,0,255,0,6,30,1.10431e+07,8.48467e+06,1.10431e+07,8.48468e+06,10.0,10.0,1.10431e+07,8.48467e+06,100.0
Layer:LK-SHRB-TRNK,LK-SHRB-TRNK,0,255,0,6,30,1.10432e+07,8.48467e+06,1.10432e+07,8.48468e+06,10.0,10.0,1.10432e+07,8.48468e+06,100.0
Layer:LK-TREE-TRNK,LK-TREE-TRNK,165,82,0,2,10,1.1042e+07,8.48518e+06,1.1042e+07,8.48518e+06,14.0,10.0,1.1042e+07,8.48518e+06,140.0
Layer:LK-TREE-TRNK,LK-TREE-TRNK,165,82,0,2,10,1.10417e+07,8.4852e+06,1.10417e+07,8.48521e+06,14.0,10.0,1.10417e+07,8.48521e+06,140.0
Layer:LK-TREE-TRNK,LK-TREE-TRNK,165,82,0,2,10,1.10423e+07,8.48523e+06,1.10423e+07,8.48524e+06,14.0,10.0,1.10423e+07,8.48523e+06,140.0
Layer:LK-TREE-050M,LK-TREE-050M,255,255,0,1,30,1.10472e+07,8.48546e+06,1.10474e+07,8.4857e+06,228.0,240.0,1.10473e+07,8.48558e+06,54720.0
Layer:LK-TREE-TRNK,LK-TREE-TRNK,165,82,0,2,10,1.10473e+07,8.48557e+06,1.10473e+07,8.48559e+06,18.0,22.0,1.10473e+07,8.48558e+06,396.0
Layer:LK-TREE-050M,LK-TREE-050M,255,255,0,1,102,1.1049e+07,8.48949e+06,1.10492e+07,8.48963e+06,146.0,142.0,1.10491e+07,8.48956e+06,20732.0
Layer:LK-TREE-TRNK,LK-TREE-TRNK,165,82,0,2,10,1.10491e+07,8.48955e+06,1.10491e+07,8.48956e+06,10.0,14.0,1.10491e+07,8.48956e+06,140.0
Layer:LK-TREE-050M,LK-TREE-050M,255,255,0,1,102,1.10492e+07,8.48949e+06,1.10494e+07,8.48963e+06,146.0,142.0,1.10493e+07,8.48956e+06,20732.0
Layer:LK-TREE-TRNK,LK-TREE-TRNK,165,82,0,2,10,1.10493e+07,8.48955e+06,1.10493e+07,8.48956e+06,10.0,14.0,1.10493e+07,8.48956e+06,140.0
Layer:LK-TREE-050M,LK-TREE-050M,255,255,0,1,102,1.10477e+07,8.48934e+06,1.10478e+07,8.48948e+06,146.0,142.0,1.10478e+07,8.48941e+06,20732.0
Layer:LK-TREE-TRNK,LK-TREE-TRNK,165,82,0,2,10,1.10478e+07,8.4894e+06,1.10478e+07,8.48942e+06,10.0,14.0,1.10478e+07,8.48941e+06,140.0
Layer:LK-TREE-TRNK,LK-TREE-TRNK,165,82,0,2,10,1.10484e+07,8.48965e+06,1.10484e+07,8.48966e+06,8.0,12.0,1.10484e+07,8.48966e+06,96.0
Layer:LK-TREE-TRNK,LK-TREE-TRNK,165,82,0,2,10,1.10476e+07,8.48939e+06,1.10476e+07,8.4894e+06,8.0,12.0,1.10476e+07,8.48939e+06,96.0
Layer:LK-TREE-TRNK,LK-TREE-TRNK,165,82,0,2,10,1.10457e+07,8.48965e+06,1.10457e+07,8.48966e+06,8.0,12.0,1.10457e+07,8.48965e+06,96.0
Layer:LK-TREE-TRNK,LK-TREE-TRNK,165,82,0,2,10,1.10459e+07,8.48957e+06,1.10459e+07,8.48958e+06,8.0,12.0,1.10459e+07,8.48958e+06,96.0
Layer:LK-TREE-TRNK,LK-TREE-TRNK,165,82,0,2,10,1.10482e+07,8.48939e+06,1.10482e+07,8.4894e+06,6.0,6.0,1.10482e+07,8.48939e+06,36.0
Layer:LK-TREE-TRNK,LK-TREE-TRNK,165,82,0,2,10,1.10483e+07,8.48937e+06,1.10483e+07,8.48938e+06,6.0,6.0,1.10483e+07,8.48937e+06,36.0
Layer:LK-TREE-TRNK,LK-TREE-TRNK,165,82,0,2,10,1.10482e+07,8.48937e+06,1.10482e+07,8.48938e+06,6.0,6.0,1.10482e+07,8.48937e+06,36.0
Layer:LK-TREE-TRNK,LK-TREE-TRNK,165,82,0,2,10,1.10465e+07,8.48939e+06,1.10465e+07,8.4894e+06,8.0,12.0,1.10465e+07,8.4894e+06,96.0
Layer:LK-TREE-050M,LK-TREE-050M,255,255,0,1,102,1.10463e+07,8.48933e+06,1.10465e+07,8.48947e+06,146.0,142.0,1.10464e+07,8.4894e+06,20732.0
Layer:LK-TREE-TRNK,LK-TREE-TRNK,165,82,0,2,10,1.10464e+07,8.4894e+06,1.10464e+07,8.48941e+06,10.0,14.0,1.10464e+07,8.4894e+06,140.0
Layer:LK-TREE-050M,LK-TREE-050M,255,255,0,1,102,1.1044e+07,8.48941e+06,1.10441e+07,8.48956e+06,146.0,142.0,1.10441e+07,8.48948e+06,20732.0
Layer:LK-TREE-TRNK,LK-TREE-TRNK,165,82,0,2,10,1.10441e+07,8.48948e+06,1.10441e+07,8.48949e+06,10.0,14.0,1.10441e+07,8.48949e+06,140.0
Layer:LK-TREE-050M,LK-TREE-050M,255,255,0,1,102,1.10445e+07,8.48941e+06,1.10447e+07,8.48955e+06,146.0,142.0,1.10446e+07,8.48948e+06,20732.0
Layer:LK-TREE-TRNK,LK-TREE-TRNK,165,82,0,2,10,1.10446e+07,8.48948e+06,1.10446e+07,8.48949e+06,10.0,14.0,1.10446e+07,8.48948e+06,140.0
Layer:LK-TREE-TRNK,LK-TREE-TRNK,165,82,0,1,4,1.10429e+07,8.48785e+06,1.1043e+07,8.48787e+06,16.0,16.0,1.1043e+07,8.48786e+06,256.0
Layer:LK-TREE-TRNK,LK-TREE-TRNK,165,82,0,2,10,1.10447e+07,8.48965e+06,1.10447e+07,8.48966e+06,8.0,12.0,1.10447e+07,8.48966e+06,96.0
Layer:LK-TREE-TRNK,LK-TREE-TRNK,165,82,0,2,10,1.10433e+07,8.48945e+06,1.10433e+07,8.48946e+06,8.0,12.0,1.10433e+07,8.48946e+06,96.0
Layer:LK-TREE-TRNK,LK-TREE-TRNK,165,82,0,2,10,1.10435e+07,8.48945e+06,1.10435e+07,8.48946e+06,8.0,12.0,1.10435e+07,8.48946e+06,96.0
Layer:LK-TREE-TRNK,LK-TREE-TRNK,165,82,0,2,10,1.10437e+07,8.48945e+06,1.10437e+07,8.48946e+06,8.0,12.0,1.10437e+07,8.48946e+06,96.0
Layer:LK-TREE-TRNK,LK-TREE-TRNK,165,82,0,2,10,1.10453e+07,8.48946e+06,1.10454e+07,8.48948e+06,8.0,12.0,1.10453e+07,8.48947e+06,96.0
Layer:LK-TREE-TRNK,LK-TREE-TRNK,165,82,0,2,10,1.10463e+07,8.48939e+06,1.10463e+07,8.4894e+06,8.0,12.0,1.10463e+07,8.4894e+06,96.0
Layer:LK-TREE-TRNK,LK-TREE-TRNK,165,82,0,2,10,1.10479e+07,8.48939e+06,1.10479e+07,8.4894e+06,8.0,12.0,1.10479e+07,8.4894e+06,96.0
Layer:LK-TREE-TRNK,LK-TREE-TRNK,165,82,0,2,10,1.10513e+07,8.49053e+06,1.10513e+07,8.49055e+06,14.0,12.0,1.10513e+07,8.49054e+06,168.0
Layer:LK-TREE-TRNK,LK-TREE-TRNK,165,82,0,2,10,1.10513e+07,8.49042e+06,1.10513e+07,8.49042e+06,6.0,6.0,1.10513e+07,8.49042e+06,36.0
Layer:LK-TREE-TRNK,LK-TREE-TRNK,165,82,0,2,10,1.10513e+07,8.4903e+06,1.10513e+07,8.49031e+06,6.0,6.0,1.10513e+07,8.4903e+06,36.0
Layer:LK-TREE-TRNK,LK-TREE-TRNK,165,82,0,2,10,1.10513e+07,8.49036e+06,1.10513e+07,8.49037e+06,6.0,6.0,1.10513e+07,8.49036e+06,36.0
Layer:LK-TREE-050M,LK-TREE-050M,255,255,0,1,30,1.10511e+07,8.48951e+06,1.10514e+07,8.48975e+06,228.0,240.0,1.10512e+07,8.48963e+06,54720.0
Layer:LK-TREE-TRNK,LK-TREE-TRNK,165,82,0,2,10,1.10512e+07,8.48962e+06,1.10513e+07,8.48964e+06,18.0,22.0,1.10512e+07,8.48963e+06,396.0
Layer:LK-TREE-050M,LK-TREE-050M,255,255,0,1,30,1.10511e+07,8.48801e+06,1.10514e+07,8.48825e+06,228.0,240.0,1.10512e+07,8.48813e+06,54720.0
Layer:LK-TREE-TRNK,LK-TREE-TRNK,165,82,0,2,10,1.10512e+07,8.48812e+06,1.10513e+07,8.48814e+06,18.0,22.0,1.10512e+07,8.48813e+06,396.0
Layer:LK-TREE-050M,LK-TREE-050M,255,255,0,1,30,1.10512e+07,8.48863e+06,1.10514e+07,8.48886e+06,220.0,232.0,1.10513e+07,8.48874e+06,51040.0
Layer:LK-TREE-TRNK,LK-TREE-TRNK,165,82,0,2,10,1.10513e+07,8.48873e+06,1.10513e+07,8.48875e+06,16.0,22.0,1.10513e+07,8.48874e+06,352.0
Layer:LK-TREE-TRNK,LK-TREE-TRNK,165,82,0,2,10,1.10514e+07,8.48841e+06,1.10514e+07,8.48842e+06,6.0,6.0,1.10514e+07,8.48842e+06,36.0
Layer:LK-TREE-TRNK,LK-TREE-TRNK,165,82,0,2,10,1.10515e+07,8.48952e+06,1.10515e+07,8.48952e+06,6.0,6.0,1.10515e+07,8.48952e+06,36.0
Layer:LK-TREE-TRNK,LK-TREE-TRNK,165,82,0,2,10,1.10514e+07,8.48952e+06,1.10514e+07,8.48952e+06,6.0,6.0,1.10514e+07,8.48952e+06,36.0
Layer:LK-TREE-TRNK,LK-TREE-TRNK,165,82,0,2,10,1.10514e+07,8.48946e+06,1.10514e+07,8.48946e+06,6.0,6.0,1.10514e+07,8.48946e+06,36.0
Layer:LK-TREE-050M,LK-TREE-050M,255,255,0,1,30,1.10512e+07,8.48833e+06,1.10514e+07,8.48856e+06,220.0,232.0,1.10513e+07,8.48844e+06,51040.0
Layer:LK-TREE-TRNK,LK-TREE-TRNK,165,82,0,2,10,1.10513e+07,8.48843e+06,1.10513e+07,8.48845e+06,16.0,22.0,1.10513e+07,8.48844e+06,352.0
Layer:LK-TREE-050M,LK-TREE-050M,255,255,0,1,30,1.10511e+07,8.48893e+06,1.10514e+07,8.48916e+06,220.0,232.0,1.10513e+07,8.48904e+06,51040.0
Layer:LK-TREE-TRNK,LK-TREE-TRNK,165,82,0,2,10,1.10513e+07,8.48903e+06,1.10513e+07,8.48905e+06,16.0,22.0,1.10513e+07,8.48904e+06,352.0
Layer:LK-TREE-TRNK,LK-TREE-TRNK,165,82,0,2,10,1.10449e+07,8.4877e+06,1.10449e+07,8.48771e+06,6.0,6.0,1.10449e+07,8.48771e+06,36.0
Layer:LK-TREE-TRNK,LK-TREE-TRNK,165,82,0,2,10,1.10448e+07,8.4877e+06,1.10449e+07,8.48771e+06,6.0,6.0,1.10449e+07,8.48771e+06,36.0
Layer:LK-TREE-TRNK,LK-TREE-TRNK,165,82,0,2,10,1.10448e+07,8.4877e+06,1.10448e+07,8.48771e+06,6.0,6.0,1.10448e+07,8.48771e+06,36.0
Layer:LK-TREE-TRNK,LK-TREE-TRNK,165,82,0,2,10,1.10466e+07,8.48771e+06,1.10466e+07,8.48772e+06,6.0,6.0,1.10466e+07,8.48772e+06,36.0
Layer:LK-TREE-TRNK,LK-TREE-TRNK,165,82,0,2,10,1.10465e+07,8.48771e+06,1.10466e+07,8.48772e+06,6.0,6.0,1.10466e+07,8.48772e+06,36.0
Layer:LK-TREE-TRNK,LK-TREE-TRNK,165,82,0,2,10,1.10465e+07,8.48771e+06,1.10465e+07,8.48772e+06,6.0,6.0,1.10465e+07,8.48772e+06,36.0
Layer:LK-TREE-050M,LK-TREE-050M,255,255,0,1,102,1.10458e+07,8.48785e+06,1.10459e+07,8.48802e+06,170.0,168.0,1.10458e+07,8.48793e+06,28560.0
Layer:LK-TREE-TRNK,LK-TREE-TRNK,165,82,0,6,30,1.10458e+07,8.48792e+06,1.10459e+07,8.48795e+06,34.0,36.0,1.10458e+07,8.48794e+06,1224.0
Layer:LK-SHRB-TRNK,LK-SHRB-TRNK,0,255,0,2,10,1.10427e+07,8.48841e+06,1.10428e+07,8.48842e+06,6.0,6.0,1.10428e+07,8.48842e+06,36.0
Layer:LK-SHRB-TRNK,LK-SHRB-TRNK,0,255,0,2,10,1.10427e+07,8.48846e+06,1.10427e+07,8.48846e+06,6.0,6.0,1.10427e+07,8.48846e+06,36.0
Layer:LK-SHRB-TRNK,LK-SHRB-TRNK,0,255,0,2,10,1.10428e+07,8.48836e+06,1.10428e+07,8.48837e+06,6.0,6.0,1.10428e+07,8.48837e+06,36.0
Layer:LK-TREE-050M,LK-TREE-050M,255,255,0,1,102,1.10429e+07,8.49084e+06,1.1043e+07,8.49101e+06,170.0,168.0,1.10429e+07,8.49093e+06,28560.0
Layer:LK-TREE-TRNK,LK-TREE-TRNK,165,82,0,6,30,1.10429e+07,8.49091e+06,1.1043e+07,8.49095e+06,34.0,36.0,1.10429e+07,8.49093e+06,1224.0
Layer:LK-TREE-050M,LK-TREE-050M,255,255,0,1,102,1.10416e+07,8.49098e+06,1.10418e+07,8.4911e+06,122.0,120.0,1.10417e+07,8.49104e+06,14640.0
Layer:LK-TREE-050M,LK-TREE-050M,255,255,0,1,102,1.10418e+07,8.49098e+06,1.10419e+07,8.4911e+06,122.0,120.0,1.10419e+07,8.49104e+06,14640.0
Layer:LK-TREE-050M,LK-TREE-050M,255,255,0,1,102,1.1042e+07,8.49098e+06,1.10421e+07,8.4911e+06,122.0,120.0,1.10421e+07,8.49104e+06,14640.0
Layer:LK-TREE-050M,LK-TREE-050M,255,255,0,1,102,1.10422e+07,8.49098e+06,1.10423e+07,8.4911e+06,122.0,120.0,1.10422e+07,8.49104e+06,14640.0
Layer:LK-TREE-050M,LK-TREE-050M,255,255,0,1,102,1.10424e+07,8.49098e+06,1.10425e+07,8.4911e+06,122.0,120.0,1.10424e+07,8.49104e+06,14640.0
Layer:LK-TREE-TRNK,LK-TREE-TRNK,165,82,0,2,10,1.10418e+07,8.49104e+06,1.10418e+07,8.49105e+06,14.0,10.0,1.10418e+07,8.49104e+06,140.0
Layer:LK-TREE-TRNK,LK-TREE-TRNK,165,82,0,2,10,1.1042e+07,8.49104e+06,1.1042e+07,8.49105e+06,14.0,10.0,1.1042e+07,8.49105e+06,140.0
Layer:LK-TREE-TRNK,LK-TREE-TRNK,165,82,0,2,10,1.10422e+07,8.49104e+06,1.10422e+07,8.49105e+06,14.0,10.0,1.10422e+07,8.49105e+06,140.0
Layer:LK-TREE-TRNK,LK-TREE-TRNK,165,82,0,2,10,1.10423e+07,8.49104e+06,1.10423e+07,8.49105e+06,14.0,10.0,1.10423e+07,8.49105e+06,140.0
Layer:LK-TREE-050M,LK-TREE-050M,255,255,0,1,102,1.10425e+07,8.49098e+06,1.10427e+07,8.49115e+06,170.0,168.0,1.10426e+07,8.49107e+06,28560.0
Layer:LK-TREE-TRNK,LK-TREE-TRNK,165,82,0,6,30,1.10426e+07,8.49105e+06,1.10426e+07,8.49109e+06,34.0,36.0,1.10426e+07,8.49107e+06,1224.0
Layer:LK-TREE-050M,LK-TREE-050M,255,255,0,1,30,1.10511e+07,8.48926e+06,1.10514e+07,8.4895e+06,228.0,240.0,1.10512e+07,8.48938e+06,54720.0
Layer:LK-TREE-TRNK,LK-TREE-TRNK,165,82,0,2,10,1.10512e+07,8.48937e+06,1.10512e+07,8.4894e+06,18.0,22.0,1.10512e+07,8.48938e+06,396.0
Layer:LK-TREE-TRNK,LK-TREE-TRNK,165,82,0,2,10,1.10484e+07,8.48613e+06,1.10485e+07,8.48615e+06,16.0,20.0,1.10485e+07,8.48614e+06,320.0
Layer:LK-TREE-TRNK,LK-TREE-TRNK,165,82,0,2,10,1.10483e+07,8.48625e+06,1.10483e+07,8.48627e+06,16.0,20.0,1.10483e+07,8.48626e+06,320.0
Layer:LK-TREE-TRNK,LK-TREE-TRNK,165,82,0,2,10,1.10481e+07,8.48613e+06,1.10481e+07,8.48615e+06,16.0,20.0,1.10481e+07,8.48614e+06,320.0
Layer:LK-TREE-TRNK,LK-TREE-TRNK,165,82,0,2,10,1.10479e+07,8.48624e+06,1.10479e+07,8.48626e+06,16.0,20.0,1.10479e+07,8.48626e+06,320.0
Layer:LK-TREE-TRNK,LK-TREE-TRNK,165,82,0,2,10,1.10477e+07,8.48612e+06,1.10477e+07,8.48614e+06,16.0,20.0,1.10477e+07,8.48613e+06,320.0
Layer:LK-TREE-050M,LK-TREE-050M,255,255,0,1,30,1.1049e+07,8.48609e+06,1.10492e+07,8.48632e+06,220.0,232.0,1.10491e+07,8.4862e+06,51040.0
Layer:LK-TREE-TRNK,LK-TREE-TRNK,165,82,0,2,10,1.10491e+07,8.48619e+06,1.10491e+07,8.48621e+06,16.0,22.0,1.10491e+07,8.4862e+06,352.0
Layer:LK-TREE-050M,LK-TREE-050M,255,255,0,1,30,1.10493e+07,8.48609e+06,1.10495e+07,8.48632e+06,220.0,232.0,1.10494e+07,8.48621e+06,51040.0
Layer:LK-TREE-TRNK,LK-TREE-TRNK,165,82,0,2,10,1.10494e+07,8.48619e+06,1.10494e+07,8.48622e+06,16.0,22.0,1.10494e+07,8.4862e+06,352.0
Layer:LK-TREE-050M,LK-TREE-050M,255,255,0,1,30,1.10496e+07,8.48609e+06,1.10498e+07,8.48632e+06,220.0,232.0,1.10497e+07,8.48621e+06,51040.0
Layer:LK-TREE-TRNK,LK-TREE-TRNK,165,82,0,2,10,1.10497e+07,8.4862e+06,1.10497e+07,8.48622e+06,16.0,22.0,1.10497e+07,8.48621e+06,352.0
Layer:LK-TREE-050M,LK-TREE-050M,255,255,0,1,30,1.10445e+07,8.48606e+06,1.10447e+07,8.48629e+06,220.0,232.0,1.10446e+07,8.48618e+06,51040.0
Layer:LK-TREE-TRNK,LK-TREE-TRNK,165,82,0,2,10,1.10446e+07,8.48616e+06,1.10446e+07,8.48618e+06,16.0,22.0,1.10446e+07,8.48617e+06,352.0
Layer:LK-TREE-050M,LK-TREE-050M,255,255,0,1,30,1.10448e+07,8.48606e+06,1.1045e+07,8.48629e+06,220.0,232.0,1.10449e+07,8.48618e+06,51040.0
Layer:LK-TREE-TRNK,LK-TREE-TRNK,165,82,0,2,10,1.10449e+07,8.48616e+06,1.10449e+07,8.48619e+06,16.0,22.0,1.10449e+07,8.48618e+06,352.0
Layer:LK-TREE-050M,LK-TREE-050M,255,255,0,1,30,1.10451e+07,8.48606e+06,1.10453e+07,8.4863e+06,220.0,232.0,1.10452e+07,8.48618e+06,51040.0
Layer:LK-TREE-TRNK,LK-TREE-TRNK,165,82,0,2,10,1.10452e+07,8.48617e+06,1.10452e+07,8.48619e+06,16.0,22.0,1.10452e+07,8.48618e+06,352.0
Layer:LK-TREE-TRNK,LK-TREE-TRNK,165,82,0,2,10,1.10485e+07,8.48782e+06,1.10485e+07,8.48784e+06,16.0,20.0,1.10485e+07,8.48783e+06,320.0
Layer:LK-TREE-TRNK,LK-TREE-TRNK,165,82,0,2,10,1.10482e+07,8.48782e+06,1.10482e+07,8.48784e+06,16.0,20.0,1.10482e+07,8.48783e+06,320.0
Layer:LK-TREE-TRNK,LK-TREE-TRNK,165,82,0,2,10,1.10479e+07,8.48782e+06,1.1048e+07,8.48784e+06,16.0,20.0,1.10479e+07,8.48783e+06,320.0
Layer:LK-TREE-TRNK,LK-TREE-TRNK,165,82,0,2,10,1.10484e+07,8.48802e+06,1.10484e+07,8.48802e+06,6.0,6.0,1.10484e+07,8.48802e+06,36.0
Layer:LK-TREE-TRNK,LK-TREE-TRNK,165,82,0,2,10,1.10484e+07,8.48796e+06,1.10484e+07,8.48797e+06,6.0,6.0,1.10484e+07,8.48797e+06,36.0
Layer:LK-TREE-TRNK,LK-TREE-TRNK,165,82,0,2,10,1.10484e+07,8.48806e+06,1.10484e+07,8.48807e+06,6.0,6.0,1.10484e+07,8.48806e+06,36.0
Layer:LK-TREE-050M,LK-TREE-050M,255,255,0,1,102,1.10468e+07,8.48688e+06,1.10469e+07,8.48705e+06,170.0,168.0,1.10468e+07,8.48697e+06,28560.0
Layer:LK-TREE-TRNK,LK-TREE-TRNK,165,82,0,6,30,1.10468e+07,8.48695e+06,1.10469e+07,8.48699e+06,34.0,36.0,1.10468e+07,8.48697e+06,1224.0
Layer:LK-TREE-050M,LK-TREE-050M,255,255,0,1,102,1.10468e+07,8.48669e+06,1.10469e+07,8.48681e+06,122.0,120.0,1.10468e+07,8.48675e+06,14640.0
Layer:LK-TREE-050M,LK-TREE-050M,255,255,0,1,30,1.10412e+07,8.48714e+06,1.10415e+07,8.48738e+06,228.0,240.0,1.10414e+07,8.48726e+06,54720.0
Layer:LK-TREE-TRNK,LK-TREE-TRNK,165,82,0,2,10,1.10413e+07,8.48725e+06,1.10414e+07,8.48728e+06,18.0,22.0,1.10414e+07,8.48726e+06,396.0
Layer:LK-TREE-050M,LK-TREE-050M,255,255,0,1,30,1.10415e+07,8.48715e+06,1.10417e+07,8.48739e+06,228.0,240.0,1.10416e+07,8.48727e+06,54720.0
Layer:LK-TREE-TRNK,LK-TREE-TRNK,165,82,0,2,10,1.10416e+07,8.48726e+06,1.10416e+07,8.48728e+06,18.0,22.0,1.10416e+07,8.48727e+06,396.0
Layer:LK-TREE-050M,LK-TREE-050M,255,255,0,1,102,1.10422e+07,8.4871e+06,1.10423e+07,8.48727e+06,170.0,168.0,1.10423e+07,8.48719e+06,28560.0
Layer:LK-TREE-TRNK,LK-TREE-TRNK,165,82,0,6,30,1.10422e+07,8.48717e+06,1.10423e+07,8.48721e+06,34.0,36.0,1.10423e+07,8.48719e+06,1224.0
Layer:LK-TREE-TRNK,LK-TREE-TRNK,165,82,0,2,10,1.10421e+07,8.4872e+06,1.10421e+07,8.48721e+06,8.0,12.0,1.10421e+07,8.4872e+06,96.0
Layer:LK-SHRB-TRNK,LK-SHRB-TRNK,0,255,0,2,10,1.10413e+07,8.48746e+06,1.10413e+07,8.48747e+06,6.0,6.0,1.10413e+07,8.48747e+06,36.0
Layer:LK-SHRB-TRNK,LK-SHRB-TRNK,0,255,0,2,10,1.10413e+07,8.48748e+06,1.10414e+07,8.48748e+06,6.0,6.0,1.10414e+07,8.48748e+06,36.0
Layer:LK-SHRB-TRNK,LK-SHRB-TRNK,0,255,0,2,10,1.10414e+07,8.48746e+06,1.10414e+07,8.48747e+06,6.0,6.0,1.10414e+07,8.48747e+06,36.0
Layer:LK-TREE-TRNK,LK-TREE-TRNK,165,82,0,2,10,1.10421e+07,8.48892e+06,1.10421e+07,8.48894e+06,16.0,20.0,1.10421e+07,8.48893e+06,320.0
Layer:LK-TREE-050M,LK-TREE-050M,255,255,0,1,30,1.10487e+07,8.48584e+06,1.10489e+07,8.48608e+06,228.0,240.0,1.10488e+07,8.48596e+06,54720.0
Layer:LK-TREE-TRNK,LK-TREE-TRNK,165,82,0,2,10,1.10488e+07,8.48595e+06,1.10488e+07,8.48598e+06,18.0,22.0,1.10488e+07,8.48596e+06,396.0
Layer:LK-TREE-050M,LK-TREE-050M,255,255,0,1,30,1.10487e+07,8.48632e+06,1.10489e+07,8.48656e+06,228.0,240.0,1.10488e+07,8.48644e+06,54720.0
Layer:LK-TREE-TRNK,LK-TREE-TRNK,165,82,0,2,10,1.10488e+07,8.48643e+06,1.10488e+07,8.48646e+06,18.0,22.0,1.10488e+07,8.48644e+06,396.0
Layer:LK-TREE-TRNK,LK-TREE-TRNK,165,82,0,2,10,1.10488e+07,8.48671e+06,1.10488e+07,8.48672e+06,14.0,12.0,1.10488e+07,8.48672e+06,168.0
Layer:LK-SHRB-TRNK,LK-SHRB-TRNK,0,255,0,2,10,1.10512e+07,8.49116e+06,1.10512e+07,8.49117e+06,2.0,2.0,1.10512e+07,8.49117e+06,4.0
Layer:LK-SHRB-TRNK,LK-SHRB-TRNK,0,255,0,2,10,1.10512e+07,8.49115e+06,1.10512e+07,8.49115e+06,2.0,2.0,1.10512e+07,8.49115e+06,4.0
Layer:LK-SHRB-TRNK,LK-SHRB-TRNK,0,255,0,2,10,1.10512e+07,8.49113e+06,1.10512e+07,8.49113e+06,2.0,2.0,1.10512e+07,8.49113e+06,4.0
Layer:LK-SHRB-TRNK,LK-SHRB-TRNK,0,255,0,2,10,1.10512e+07,8.49111e+06,1.10512e+07,8.49112e+06,2.0,2.0,1.10512e+07,8.49111e+06,4.0
Layer:LK-SHRB-TRNK,LK-SHRB-TRNK,0,255,0,2,10,1.10512e+07,8.4911e+06,1.10512e+07,8.4911e+06,2.0,2.0,1.10512e+07,8.4911e+06,4.0
Layer:LK-SHRB-TRNK,LK-SHRB-TRNK,0,255,0,2,10,1.10512e+07,8.49108e+06,1.10512e+07,8.49108e+06,2.0,2.0,1.10512e+07,8.49108e+06,4.0
Layer:LK-SHRB-TRNK,LK-SHRB-TRNK,0,255,0,2,10,1.10512e+07,8.49106e+06,1.10512e+07,8.49106e+06,2.0,2.0,1.10512e+07,8.49106e+06,4.0
Layer:LK-SHRB-TRNK,LK-SHRB-TRNK,0,255,0,2,10,1.10512e+07,8.49104e+06,1.10512e+07,8.49105e+06,2.0,2.0,1.10512e+07,8.49105e+06,4.0
Layer:LK-SHRB-TRNK,LK-SHRB-TRNK,0,255,0,2,10,1.10512e+07,8.49103e+06,1.10512e+07,8.49103e+06,2.0,2.0,1.10512e+07,8.49103e+06,4.0
Layer:LK-SHRB-TRNK,LK-SHRB-TRNK,0,255,0,2,10,1.10512e+07,8.49101e+06,1.10512e+07,8.49101e+06,2.0,2.0,1.10512e+07,8.49101e+06,4.0
Layer:LK-SHRB-TRNK,LK-SHRB-TRNK,0,255,0,2,10,1.10512e+07,8.49099e+06,1.10512e+07,8.491e+06,2.0,2.0,1.10512e+07,8.49099e+06,4.0
Layer:LK-TREE-050M,LK-TREE-050M,255,255,0,1,30,1.10499e+07,8.48585e+06,1.10501e+07,8.48609e+06,228.0,240.0,1.105e+07,8.48597e+06,54720.0
Layer:LK-TREE-TRNK,LK-TREE-TRNK,165,82,0,2,10,1.105e+07,8.48596e+06,1.105e+07,8.48598e+06,18.0,22.0,1.105e+07,8.48597e+06,396.0
Layer:LK-TREE-050M,LK-TREE-050M,255,255,0,1,30,1.10499e+07,8.48633e+06,1.10501e+07,8.48657e+06,228.0,240.0,1.105e+07,8.48645e+06,54720.0
Layer:LK-TREE-TRNK,LK-TREE-TRNK,165,82,0,2,10,1.105e+07,8.48644e+06,1.105e+07,8.48646e+06,18.0,22.0,1.105e+07,8.48645e+06,396.0
Layer:LK-TREE-TRNK,LK-TREE-TRNK,165,82,0,2,10,1.105e+07,8.48568e+06,1.105e+07,8.48569e+06,14.0,12.0,1.105e+07,8.48569e+06,168.0
Layer:LK-TREE-TRNK,LK-TREE-TRNK,165,82,0,2,10,1.10488e+07,8.4857e+06,1.10488e+07,8.4857e+06,6.0,6.0,1.10488e+07,8.4857e+06,36.0
Layer:LK-TREE-TRNK,LK-TREE-TRNK,165,82,0,2,10,1.10488e+07,8.48575e+06,1.10488e+07,8.48576e+06,6.0,6.0,1.10488e+07,8.48575e+06,36.0
Layer:LK-TREE-TRNK,LK-TREE-TRNK,165,82,0,2,10,1.10488e+07,8.48564e+06,1.10488e+07,8.48565e+06,6.0,6.0,1.10488e+07,8.48564e+06,36.0
Layer:LK-TREE-TRNK,LK-TREE-TRNK,165,82,0,2,10,1.105e+07,8.48669e+06,1.105e+07,8.48669e+06,6.0,6.0,1.105e+07,8.48669e+06,36.0
Layer:LK-TREE-TRNK,LK-TREE-TRNK,165,82,0,2,10,1.105e+07,8.48674e+06,1.105e+07,8.48675e+06,6.0,6.0,1.105e+07,8.48674e+06,36.0
Layer:LK-TREE-TRNK,LK-TREE-TRNK,165,82,0,2,10,1.105e+07,8.48663e+06,1.105e+07,8.48664e+06,6.0,6.0,1.105e+07,8.48664e+06,36.0
Layer:LK-TREE-050M,LK-TREE-050M,255,255,0,1,30,1.10454e+07,8.4863e+06,1.10456e+07,8.48654e+06,228.0,240.0,1.10455e+07,8.48642e+06,54720.0
Layer:LK-TREE-TRNK,LK-TREE-TRNK,165,82,0,2,10,1.10455e+07,8.48641e+06,1.10455e+07,8.48644e+06,18.0,22.0,1.10455e+07,8.48642e+06,396.0
Layer:LK-TREE-TRNK,LK-TREE-TRNK,165,82,0,2,10,1.10455e+07,8.48669e+06,1.10455e+07,8.4867e+06,14.0,12.0,1.10455e+07,8.4867e+06,168.0
Layer:LK-TREE-050M,LK-TREE-050M,255,255,0,1,30,1.10442e+07,8.4863e+06,1.10444e+07,8.48654e+06,228.0,240.0,1.10443e+07,8.48642e+06,54720.0
Layer:LK-TREE-TRNK,LK-TREE-TRNK,165,82,0,2,10,1.10443e+07,8.4864e+06,1.10443e+07,8.48643e+06,18.0,22.0,1.10443e+07,8.48642e+06,396.0
Layer:LK-TREE-TRNK,LK-TREE-TRNK,165,82,0,2,10,1.10443e+07,8.48665e+06,1.10443e+07,8.48666e+06,6.0,6.0,1.10443e+07,8.48665e+06,36.0
Layer:LK-TREE-TRNK,LK-TREE-TRNK,165,82,0,2,10,1.10442e+07,8.4867e+06,1.10442e+07,8.48671e+06,6.0,6.0,1.10442e+07,8.48671e+06,36.0
Layer:LK-TREE-TRNK,LK-TREE-TRNK,165,82,0,2,10,1.10442e+07,8.4866e+06,1.10442e+07,8.4866e+06,6.0,6.0,1.10442e+07,8.4866e+06,36.0
Layer:LK-TREE-050M,LK-TREE-050M,255,255,0,1,30,1.10454e+07,8.48582e+06,1.10456e+07,8.48606e+06,228.0,240.0,1.10455e+07,8.48594e+06,54720.0
Layer:LK-TREE-TRNK,LK-TREE-TRNK,165,82,0,2,10,1.10455e+07,8.48593e+06,1.10455e+07,8.48595e+06,18.0,22.0,1.10455e+07,8.48594e+06,396.0
Layer:LK-TREE-TRNK,LK-TREE-TRNK,165,82,0,2,10,1.10455e+07,8.48571e+06,1.10455e+07,8.48572e+06,6.0,6.0,1.10455e+07,8.48572e+06,36.0
Layer:LK-TREE-TRNK,LK-TREE-TRNK,165,82,0,2,10,1.10454e+07,8.48577e+06,1.10455e+07,8.48577e+06,6.0,6.0,1.10455e+07,8.48577e+06,36.0
Layer:LK-TREE-TRNK,LK-TREE-TRNK,165,82,0,2,10,1.10454e+07,8.48566e+06,1.10455e+07,8.48566e+06,6.0,6.0,1.10454e+07,8.48566e+06,36.0
Layer:LK-TREE-050M,LK-TREE-050M,255,255,0,1,30,1.10442e+07,8.48579e+06,1.10444e+07,8.48603e+06,228.0,240.0,1.10443e+07,8.48591e+06,54720.0
Layer:LK-TREE-TRNK,LK-TREE-TRNK,165,82,0,2,10,1.10443e+07,8.4859e+06,1.10443e+07,8.48592e+06,18.0,22.0,1.10443e+07,8.48591e+06,396.0
Layer:LK-TREE-TRNK,LK-TREE-TRNK,165,82,0,2,10,1.10443e+07,8.48571e+06,1.10443e+07,8.48572e+06,14.0,12.0,1.10443e+07,8.48572e+06,168.0
Layer:LK-TREE-TRNK,LK-TREE-TRNK,165,82,0,2,10,1.10469e+07,8.48725e+06,1.10469e+07,8.48727e+06,16.0,20.0,1.10469e+07,8.48726e+06,320.0
Layer:LK-TREE-TRNK,LK-TREE-TRNK,165,82,0,2,10,1.10474e+07,8.48725e+06,1.10474e+07,8.48727e+06,16.0,20.0,1.10474e+07,8.48726e+06,320.0
Layer:LK-TREE-TRNK,LK-TREE-TRNK,165,82,0,2,10,1.10513e+07,8.48571e+06,1.10513e+07,8.48572e+06,8.0,12.0,1.10513e+07,8.48572e+06,96.0
Layer:LK-TREE-050M,LK-TREE-050M,255,255,0,1,30,1.10513e+07,8.48544e+06,1.10515e+07,8.48568e+06,228.0,240.0,1.10514e+07,8.48556e+06,54720.0
Layer:LK-TREE-TRNK,LK-TREE-TRNK,165,82,0,2,10,1.10514e+07,8.48555e+06,1.10514e+07,8.48558e+06,18.0,22.0,1.10514e+07,8.48556e+06,396.0
Layer:LK-TREE-TRNK,LK-TREE-TRNK,165,82,0,2,10,1.10513e+07,8.48542e+06,1.10513e+07,8.48543e+06,8.0,12.0,1.10513e+07,8.48542e+06,96.0
Layer:LK-TREE-TRNK,LK-TREE-TRNK,165,82,0,2,10,1.10513e+07,8.4867e+06,1.10514e+07,8.48672e+06,8.0,12.0,1.10513e+07,8.48671e+06,96.0
Layer:LK-TREE-050M,LK-TREE-050M,255,255,0,1,30,1.10513e+07,8.48674e+06,1.10515e+07,8.48698e+06,228.0,240.0,1.10514e+07,8.48686e+06,54720.0
Layer:LK-TREE-TRNK,LK-TREE-TRNK,165,82,0,2,10,1.10514e+07,8.48685e+06,1.10514e+07,8.48688e+06,18.0,22.0,1.10514e+07,8.48686e+06,396.0
Layer:LK-TREE-TRNK,LK-TREE-TRNK,165,82,0,2,10,1.10513e+07,8.487e+06,1.10513e+07,8.48701e+06,8.0,12.0,1.10513e+07,8.48701e+06,96.0
Layer:LK-TREE-TRNK,LK-TREE-TRNK,165,82,0,2,10,1.1051e+07,8.48954e+06,1.1051e+07,8.48955e+06,8.0,12.0,1.1051e+07,8.48954e+06,96.0
Layer:LK-TREE-TRNK,LK-TREE-TRNK,165,82,0,2,10,1.10476e+07,8.48794e+06,1.10476e+07,8.48794e+06,6.0,6.0,1.10476e+07,8.48794e+06,36.0
Layer:LK-TREE-TRNK,LK-TREE-TRNK,165,82,0,2,10,1.10477e+07,8.48794e+06,1.10477e+07,8.48794e+06,6.0,6.0,1.10477e+07,8.48794e+06,36.0
Layer:LK-TREE-TRNK,LK-TREE-TRNK,165,82,0,2,10,1.10477e+07,8.48792e+06,1.10477e+07,8.48793e+06,6.0,6.0,1.10477e+07,8.48793e+06,36.0
Layer:LK-TREE-050M,LK-TREE-050M,255,255,0,1,102,1.10429e+07,8.49045e+06,1.1043e+07,8.49057e+06,122.0,120.0,1.10429e+07,8.49051e+06,14640.0
Layer:LK-TREE-050M,LK-TREE-050M,255,255,0,1,102,1.10429e+07,8.49067e+06,1.1043e+07,8.49079e+06,122.0,120.0,1.10429e+07,8.49073e+06,14640.0
Layer:LK-TREE-050M,LK-TREE-050M,255,255,0,1,102,1.10429e+07,8.49024e+06,1.1043e+07,8.49036e+06,122.0,120.0,1.10429e+07,8.4903e+06,14640.0
Layer:LK-TREE-050M,LK-TREE-050M,255,255,0,1,102,1.10513e+07,8.49067e+06,1.10514e+07,8.49084e+06,170.0,168.0,1.10513e+07,8.49076e+06,28560.0
Layer:LK-TREE-TRNK,LK-TREE-TRNK,165,82,0,6,30,1.10513e+07,8.49074e+06,1.10514e+07,8.49078e+06,34.0,36.0,1.10513e+07,8.49076e+06,1224.0
Layer:LK-TREE-050M,LK-TREE-050M,255,255,0,1,30,1.10521e+07,8.48676e+06,1.10523e+07,8.487e+06,228.0,240.0,1.10522e+07,8.48688e+06,54720.0
Layer:LK-TREE-TRNK,LK-TREE-TRNK,165,82,0,2,10,1.10522e+07,8.48687e+06,1.10522e+07,8.4869e+06,18.0,22.0,1.10522e+07,8.48688e+06,396.0
Layer:LK-TREE-TRNK,LK-TREE-TRNK,165,82,0,2,10,1.10526e+07,8.48819e+06,1.10526e+07,8.4882e+06,14.0,12.0,1.10526e+07,8.4882e+06,168.0
Layer:LK-TREE-TRNK,LK-TREE-TRNK,165,82,0,2,10,1.10524e+07,8.48819e+06,1.10525e+07,8.4882e+06,14.0,12.0,1.10525e+07,8.4882e+06,168.0
Layer:LK-TREE-TRNK,LK-TREE-TRNK,165,82,0,2,10,1.10462e+07,8.49001e+06,1.10463e+07,8.49002e+06,8.0,12.0,1.10463e+07,8.49002e+06,96.0
Layer:LK-TREE-TRNK,LK-TREE-TRNK,165,82,0,2,10,1.10464e+07,8.4901e+06,1.10464e+07,8.49012e+06,8.0,12.0,1.10464e+07,8.49011e+06,96.0
Layer:LK-TREE-TRNK,LK-TREE-TRNK,165,82,0,2,10,1.10504e+07,8.48779e+06,1.10504e+07,8.48779e+06,6.0,6.0,1.10504e+07,8.48779e+06,36.0
Layer:LK-TREE-TRNK,LK-TREE-TRNK,165,82,0,2,10,1.10504e+07,8.48784e+06,1.10504e+07,8.48784e+06,6.0,6.0,1.10504e+07,8.48784e+06,36.0
Layer:LK-TREE-TRNK,LK-TREE-TRNK,165,82,0,2,10,1.10504e+07,8.48774e+06,1.10504e+07,8.48774e+06,6.0,6.0,1.10504e+07,8.48774e+06,36.0
Layer:LK-TREE-TRNK,LK-TREE-TRNK,165,82,0,2,10,1.10503e+07,8.48778e+06,1.10503e+07,8.48779e+06,8.0,12.0,1.10503e+07,8.48779e+06,96.0
Layer:LK-TREE-TRNK,LK-TREE-TRNK,165,82,0,2,10,1.10513e+07,8.48786e+06,1.10513e+07,8.48786e+06,6.0,6.0,1.10513e+07,8.48786e+06,36.0
Layer:LK-TREE-TRNK,LK-TREE-TRNK,165,82,0,2,10,1.10514e+07,8.4879e+06,1.10514e+07,8.48791e+06,6.0,6.0,1.10514e+07,8.48791e+06,36.0
Layer:LK-TREE-TRNK,LK-TREE-TRNK,165,82,0,2,10,1.10514e+07,8.48783e+06,1.10514e+07,8.48783e+06,6.0,6.0,1.10514e+07,8.48783e+06,36.0
Layer:LK-TREE-TRNK,LK-TREE-TRNK,165,82,0,2,10,1.10514e+07,8.48787e+06,1.10514e+07,8.48788e+06,8.0,12.0,1.10514e+07,8.48787e+06,96.0
Layer:LK-TREE-050M,LK-TREE-050M,255,255,0,1,102,1.10437e+07,8.48948e+06,1.10438e+07,8.4896e+06,122.0,120.0,1.10437e+07,8.48954e+06,14640.0
Layer:LK-TREE-050M,LK-TREE-050M,255,255,0,1,102,1.10435e+07,8.48948e+06,1.10436e+07,8.4896e+06,122.0,120.0,1.10436e+07,8.48954e+06,14640.0
Layer:LK-TREE-050M,LK-TREE-050M,255,255,0,1,102,1.10433e+07,8.48948e+06,1.10434e+07,8.4896e+06,122.0,120.0,1.10434e+07,8.48954e+06,14640.0
Layer:LK-TREE-050M,LK-TREE-050M,255,255,0,1,102,1.10431e+07,8.48948e+06,1.10433e+07,8.4896e+06,122.0,120.0,1.10432e+07,8.48954e+06,14640.0
Layer:LK-TREE-050M,LK-TREE-050M,255,255,0,1,102,1.10454e+07,8.48949e+06,1.10455e+07,8.48961e+06,122.0,120.0,1.10454e+07,8.48955e+06,14640.0
Layer:LK-TREE-050M,LK-TREE-050M,255,255,0,1,102,1.10452e+07,8.48949e+06,1.10453e+07,8.48961e+06,122.0,120.0,1.10452e+07,8.48955e+06,14640.0
Layer:LK-TREE-050M,LK-TREE-050M,255,255,0,1,102,1.1045e+07,8.48949e+06,1.10451e+07,8.48961e+06,122.0,120.0,1.10451e+07,8.48955e+06,14640.0
Layer:LK-TREE-050M,LK-TREE-050M,255,255,0,1,102,1.10448e+07,8.48949e+06,1.10449e+07,8.48961e+06,122.0,120.0,1.10449e+07,8.48955e+06,14640.0
Layer:LK-TREE-TRNK,LK-TREE-TRNK,165,82,0,2,10,1.10428e+07,8.48712e+06,1.10428e+07,8.48713e+06,6.0,6.0,1.10428e+07,8.48713e+06,36.0
Layer:LK-TREE-TRNK,LK-TREE-TRNK,165,82,0,2,10,1.10429e+07,8.48719e+06,1.10429e+07,8.48719e+06,6.0,6.0,1.10429e+07,8.48719e+06,36.0
Layer:LK-TREE-TRNK,LK-TREE-TRNK,165,82,0,2,10,1.10429e+07,8.48712e+06,1.10429e+07,8.48713e+06,6.0,6.0,1.10429e+07,8.48712e+06,36.0
Layer:LK-TREE-050M,LK-TREE-050M,255,255,0,1,30,1.10417e+07,8.48715e+06,1.1042e+07,8.48739e+06,228.0,240.0,1.10418e+07,8.48727e+06,54720.0
Layer:LK-TREE-TRNK,LK-TREE-TRNK,165,82,0,2,10,1.10418e+07,8.48726e+06,1.10418e+07,8.48728e+06,18.0,22.0,1.10418e+07,8.48727e+06,396.0
Layer:LK-TREE-TRNK,LK-TREE-TRNK,165,82,0,2,10,1.1042e+07,8.48745e+06,1.1042e+07,8.48746e+06,8.0,12.0,1.1042e+07,8.48746e+06,96.0
Layer:LK-TREE-TRNK,LK-TREE-TRNK,165,82,0,2,10,1.10415e+07,8.48748e+06,1.10415e+07,8.48749e+06,14.0,10.0,1.10415e+07,8.48748e+06,140.0
Layer:LK-TREE-TRNK,LK-TREE-TRNK,165,82,0,2,10,1.10417e+07,8.48748e+06,1.10417e+07,8.48748e+06,14.0,10.0,1.10417e+07,8.48748e+06,140.0
Layer:LK-TREE-TRNK,LK-TREE-TRNK,165,82,0,2,10,1.10416e+07,8.48748e+06,1.10416e+07,8.48749e+06,14.0,10.0,1.10416e+07,8.48748e+06,140.0
Layer:LK-TREE-TRNK,LK-TREE-TRNK,165,82,0,2,10,1.10429e+07,8.48515e+06,1.10429e+07,8.48515e+06,6.0,6.0,1.10429e+07,8.48515e+06,36.0
Layer:LK-TREE-TRNK,LK-TREE-TRNK,165,82,0,2,10,1.10429e+07,8.48523e+06,1.10429e+07,8.48524e+06,6.0,6.0,1.10429e+07,8.48524e+06,36.0
Layer:LK-TREE-TRNK,LK-TREE-TRNK,165,82,0,2,10,1.10428e+07,8.4852e+06,1.10428e+07,8.4852e+06,6.0,6.0,1.10428e+07,8.4852e+06,36.0
Layer:LK-TREE-TRNK,LK-TREE-TRNK,165,82,0,2,10,1.10466e+07,8.49042e+06,1.10467e+07,8.49044e+06,28.0,30.0,1.10466e+07,8.49043e+06,840.0
Layer:LK-TREE-TRNK,LK-TREE-TRNK,165,82,0,2,10,1.10466e+07,8.49062e+06,1.10466e+07,8.49065e+06,28.0,30.0,1.10466e+07,8.49063e+06,840.0
Layer:LK-TREE-TRNK,LK-TREE-TRNK,165,82,0,2,10,1.10466e+07,8.49082e+06,1.10466e+07,8.49085e+06,28.0,30.0,1.10466e+07,8.49084e+06,840.0
Layer:LK-TREE-050M,LK-TREE-050M,255,255,0,1,102,1.10513e+07,8.48589e+06,1.10514e+07,8.48606e+06,170.0,168.0,1.10514e+07,8.48597e+06,28560.0
Layer:LK-TREE-TRNK,LK-TREE-TRNK,165,82,0,6,30,1.10513e+07,8.48596e+06,1.10514e+07,8.48599e+06,34.0,36.0,1.10514e+07,8.48598e+06,1224.0
Layer:LK-TREE-050M,LK-TREE-050M,255,255,0,1,102,1.10513e+07,8.48634e+06,1.10514e+07,8.48651e+06,170.0,168.0,1.10514e+07,8.48643e+06,28560.0
Layer:LK-TREE-TRNK,LK-TREE-TRNK,165,82,0,6,30,1.10513e+07,8.48641e+06,1.10514e+07,8.48645e+06,34.0,36.0,1.10514e+07,8.48643e+06,1224.0
Layer:LK-TREE-050M,LK-TREE-050M,255,255,0,1,102,1.10511e+07,8.48613e+06,1.10513e+07,8.4863e+06,170.0,168.0,1.10512e+07,8.48621e+06,28560.0
Layer:LK-TREE-TRNK,LK-TREE-TRNK,165,82,0,6,30,1.10512e+07,8.4862e+06,1.10512e+07,8.48624e+06,34.0,36.0,1.10512e+07,8.48622e+06,1224.0
Layer:PDF2_SP-GRASS,PDF2_SP-GRASS,186,186,186,313,685,1.11473e+07,8.49615e+06,1.11473e+07,8.49621e+06,24.0,62.0,1.11473e+07,8.49618e+06,1488.0
Layer:PDF2_SP-WATER METER-PARTS,PDF2_SP-WATER METER-PARTS,255,255,255,117,277,1.11473e+07,8.49614e+06,1.11473e+07,8.49617e+06,14.0,31.0,1.11473e+07,8.49616e+06,434.0
Layer:-u-site-propline,-u-site-propline,165,0,0,2,22,1.10412e+07,8.48462e+06,1.1053e+07,8.49122e+06,11802.0,6600.0,1.10471e+07,8.48792e+06,7.78932e+07
Layer:X-SYMB-025M,X-SYMB-025M,255,255,0,1,8,1.1051e+07,8.48465e+06,1.1051e+07,8.48469e+06,16.0,42.0,1.1051e+07,8.48467e+06,672.0
