old_name,new_name,block_prefix_used
TREE_SIMP_027_001,CE_001,TREE_SIMP_027
TREE_DCID_109_001,BU_001,TREE_DCID_109
SHRUB_LRG_421_001,CES_001,SHRUB_LRG_421
SHRUB_LRG_421_002,CES_002,SHRUB_LRG_421
SHRUB_LRG_421_003,CES_003,SHRUB_LRG_421
SHRUB_LRG_421_004,CES_004,SHRUB_LRG_421
SHRUB_LRG_121_001,CHR_001,SHRUB_LRG_121
TREE_DCID_003_001,ED_001,TREE_DCID_003
TREE_SIMP_021_001,LJ_001,TREE_SIMP_021
TREE_DCID_003_002,ED_002,TREE_DCID_003
SHRUB_LRG_121_002,CHR_002,SHRUB_LRG_121
TREE_SIMP_021_002,LJ_002,TREE_SIMP_021
SHRUB_LRG_241_001,PSY_001,SHRUB_LRG_241
SHRUB_LRG_241_002,PSY_002,SHRUB_LRG_241
SHRUB_LRG_241_003,PSY_003,SHRUB_LRG_241
SHRUB_LRG_241_004,PSY_004,SHRUB_LRG_241
SHRUB_LRG_003_001,HAM_001,SHRUB_LRG_003
SHRUB_LRG_003_002,HAM_002,SHRUB_LRG_003
SHRUB_LRG_003_003,HAM_003,SHRUB_LRG_003
SHRUB_LRG_003_004,HAM_004,SHRUB_LRG_003
SHRUB_LRG_003_005,HAM_005,SHRUB_LRG_003
SHRUB_LRG_003_006,HAM_006,SHRUB_LRG_003
SHRUB_LRG_003_007,HAM_007,SHRUB_LRG_003
SHRUB_LRG_003_008,HAM_008,SHRUB_LRG_003
SHRUB_LRG_003_009,HAM_009,SHRUB_LRG_003
SHRUB_LRG_003_010,HAM_010,SHRUB_LRG_003
SHRUB_LRG_003_011,HAM_011,SHRUB_LRG_003
SHRUB_LRG_003_012,HAM_012,SHRUB_LRG_003
SHRUB_LRG_003_013,HAM_013,SHRUB_LRG_003
SHRUB_LRG_003_014,HAM_014,SHRUB_LRG_003
SHRUB_LRG_241_005,PSY_005,SHRUB_LRG_241
SHRUB_LRG_241_006,PSY_006,SHRUB_LRG_241
SHRUB_LRG_241_007,PSY_007,SHRUB_LRG_241
SHRUB_LRG_241_008,PSY_008,SHRUB_LRG_241
SHRUB_LRG_241_009,PSY_009,SHRUB_LRG_241
SHRUB_LRG_241_010,PSY_010,SHRUB_LRG_241
SHRUB_LRG_241_011,PSY_011,SHRUB_LRG_241
SHRUB_LRG_241_012,PSY_012,SHRUB_LRG_241
SHRUB_LRG_241_013,PSY_013,SHRUB_LRG_241
SHRUB_LRG_241_014,PSY_014,SHRUB_LRG_241
SHRUB_LRG_241_015,PSY_015,SHRUB_LRG_241
SHRUB_LRG_241_016,PSY_016,SHRUB_LRG_241
SHRUB_LRG_241_017,PSY_017,SHRUB_LRG_241
SHRUB_LRG_241_018,PSY_018,SHRUB_LRG_241
SHRUB_LRG_241_019,PSY_019,SHRUB_LRG_241
SHRUB_LRG_241_020,PSY_020,SHRUB_LRG_241
SHRUB_LRG_241_021,PSY_021,SHRUB_LRG_241
SHRUB_LRG_241_022,PSY_022,SHRUB_LRG_241
SHRUB_LRG_241_023,PSY_023,SHRUB_LRG_241
SHRUB_LRG_241_024,PSY_024,SHRUB_LRG_241
SHRUB_LRG_241_025,PSY_025,SHRUB_LRG_241
SHRUB_LRG_241_026,PSY_026,SHRUB_LRG_241
SHRUB_LRG_241_027,PSY_027,SHRUB_LRG_241
SHRUB_LRG_241_028,PSY_028,SHRUB_LRG_241
SHRUB_LRG_241_029,PSY_029,SHRUB_LRG_241
SHRUB_LRG_241_030,PSY_030,SHRUB_LRG_241
SHRUB_LRG_241_031,PSY_031,SHRUB_LRG_241
SHRUB_LRG_241_032,PSY_032,SHRUB_LRG_241
SHRUB_LRG_241_033,PSY_033,SHRUB_LRG_241
SHRUB_LRG_241_034,PSY_034,SHRUB_LRG_241
SHRUB_LRG_241_035,PSY_035,SHRUB_LRG_241
SHRUB_LRG_241_036,PSY_036,SHRUB_LRG_241
SHRUB_LRG_003_015,HAM_015,SHRUB_LRG_003
SHRUB_LRG_003_016,HAM_016,SHRUB_LRG_003
TREE_SIMP_021_003,LJ_003,TREE_SIMP_021
SHRUB_LRG_121_003,CHR_003,SHRUB_LRG_121
TREE_SIMP_024_001,CG_001,TREE_SIMP_024
SHRUB_LRG_121_004,CHR_004,SHRUB_LRG_121
TREE_SIMP_024_002,CG_002,TREE_SIMP_024
SHRUB_LRG_421_005,CES_005,SHRUB_LRG_421
SHRUB_LRG_421_006,CES_006,SHRUB_LRG_421
TREE_DCID_003_003,ED_003,TREE_DCID_003
TREE_SIMP_021_004,LJ_004,TREE_SIMP_021
SHRUB_LRG_241_037,PSY_037,SHRUB_LRG_241
SHRUB_LRG_241_038,PSY_038,SHRUB_LRG_241
SHRUB_LRG_241_039,PSY_039,SHRUB_LRG_241
SHRUB_LRG_241_040,PSY_040,SHRUB_LRG_241
SHRUB_LRG_003_017,HAM_017,SHRUB_LRG_003
SHRUB_LRG_003_018,HAM_018,SHRUB_LRG_003
SHRUB_LRG_003_019,HAM_019,SHRUB_LRG_003
SHRUB_LRG_003_020,HAM_020,SHRUB_LRG_003
SHRUB_LRG_003_021,HAM_021,SHRUB_LRG_003
SHRUB_LRG_241_041,PSY_041,SHRUB_LRG_241
SHRUB_LRG_003_022,HAM_022,SHRUB_LRG_003
SHRUB_LRG_003_023,HAM_023,SHRUB_LRG_003
SHRUB_LRG_003_024,HAM_024,SHRUB_LRG_003
SHRUB_LRG_003_025,HAM_025,SHRUB_LRG_003
SHRUB_LRG_003_026,HAM_026,SHRUB_LRG_003
SHRUB_LRG_003_027,HAM_027,SHRUB_LRG_003
SHRUB_LRG_003_028,HAM_028,SHRUB_LRG_003
SHRUB_LRG_003_029,HAM_029,SHRUB_LRG_003
SHRUB_LRG_003_030,HAM_030,SHRUB_LRG_003
SHRUB_LRG_003_031,HAM_031,SHRUB_LRG_003
SHRUB_LRG_241_042,PSY_042,SHRUB_LRG_241
SHRUB_LRG_241_043,PSY_043,SHRUB_LRG_241
SHRUB_LRG_241_044,PSY_044,SHRUB_LRG_241
SHRUB_LRG_241_045,PSY_045,SHRUB_LRG_241
SHRUB_LRG_241_046,PSY_046,SHRUB_LRG_241
SHRUB_LRG_241_047,PSY_047,SHRUB_LRG_241
SHRUB_LRG_241_048,PSY_048,SHRUB_LRG_241
SHRUB_LRG_241_049,PSY_049,SHRUB_LRG_241
SHRUB_LRG_241_050,PSY_050,SHRUB_LRG_241
SHRUB_LRG_241_051,PSY_051,SHRUB_LRG_241
SHRUB_LRG_241_052,PSY_052,SHRUB_LRG_241
SHRUB_LRG_241_053,PSY_053,SHRUB_LRG_241
SHRUB_LRG_241_054,PSY_054,SHRUB_LRG_241
SHRUB_LRG_241_055,PSY_055,SHRUB_LRG_241
SHRUB_LRG_241_056,PSY_056,SHRUB_LRG_241
SHRUB_LRG_241_057,PSY_057,SHRUB_LRG_241
SHRUB_LRG_241_058,PSY_058,SHRUB_LRG_241
SHRUB_LRG_241_059,PSY_059,SHRUB_LRG_241
SHRUB_LRG_241_060,PSY_060,SHRUB_LRG_241
SHRUB_LRG_241_061,PSY_061,SHRUB_LRG_241
SHRUB_LRG_241_062,PSY_062,SHRUB_LRG_241
SHRUB_LRG_241_063,PSY_063,SHRUB_LRG_241
SHRUB_LRG_241_064,PSY_064,SHRUB_LRG_241
SHRUB_LRG_241_065,PSY_065,SHRUB_LRG_241
SHRUB_LRG_241_066,PSY_066,SHRUB_LRG_241
SHRUB_LRG_241_067,PSY_067,SHRUB_LRG_241
SHRUB_LRG_241_068,PSY_068,SHRUB_LRG_241
SHRUB_LRG_241_069,PSY_069,SHRUB_LRG_241
SHRUB_LRG_241_070,PSY_070,SHRUB_LRG_241
SHRUB_LRG_241_071,PSY_071,SHRUB_LRG_241
SHRUB_LRG_241_072,PSY_072,SHRUB_LRG_241
SHRUB_LRG_241_073,PSY_073,SHRUB_LRG_241
SHRUB_LRG_241_074,PSY_074,SHRUB_LRG_241
SHRUB_LRG_241_075,PSY_075,SHRUB_LRG_241
SHRUB_LRG_241_076,PSY_076,SHRUB_LRG_241
SHRUB_LRG_241_077,PSY_077,SHRUB_LRG_241
SHRUB_LRG_241_078,PSY_078,SHRUB_LRG_241
SHRUB_LRG_241_079,PSY_079,SHRUB_LRG_241
SHRUB_LRG_241_080,PSY_080,SHRUB_LRG_241
SHRUB_LRG_241_081,PSY_081,SHRUB_LRG_241
SHRUB_LRG_241_082,PSY_082,SHRUB_LRG_241
SHRUB_LRG_241_083,PSY_083,SHRUB_LRG_241
SHRUB_LRG_241_084,PSY_084,SHRUB_LRG_241
SHRUB_LRG_241_085,PSY_085,SHRUB_LRG_241
SHRUB_LRG_421_007,CES_007,SHRUB_LRG_421
SHRUB_LRG_421_008,CES_008,SHRUB_LRG_421
SHRUB_LRG_421_009,CES_009,SHRUB_LRG_421
SHRUB_LRG_421_010,CES_010,SHRUB_LRG_421
SHRUB_LRG_121_005,CHR_005,SHRUB_LRG_121
TREE_DCID_003_004,ED_004,TREE_DCID_003
TREE_DCID_003_005,ED_005,TREE_DCID_003
SHRUB_LRG_121_006,CHR_006,SHRUB_LRG_121
TREE_SIMP_021_005,LJ_005,TREE_SIMP_021
TREE_SIMP_021_006,LJ_006,TREE_SIMP_021
TREE_SIMP_021_007,LJ_007,TREE_SIMP_021
SHRUB_TROP_021_001,CRI_001,SHRUB_TROP_021
SHRUB_TROP_021_002,CRI_002,SHRUB_TROP_021
TREE_SIMP_024_003,CG_003,TREE_SIMP_024
SHRUB_LRG_241_086,PSY_086,SHRUB_LRG_241
SHRUB_LRG_241_087,PSY_087,SHRUB_LRG_241
SHRUB_LRG_003_032,HAM_032,SHRUB_LRG_003
SHRUB_LRG_003_033,HAM_033,SHRUB_LRG_003
SHRUB_LRG_003_034,HAM_034,SHRUB_LRG_003
SHRUB_LRG_003_035,HAM_035,SHRUB_LRG_003
SHRUB_LRG_003_036,HAM_036,SHRUB_LRG_003
SHRUB_LRG_003_037,HAM_037,SHRUB_LRG_003
SHRUB_LRG_241_088,PSY_088,SHRUB_LRG_241
SHRUB_LRG_241_089,PSY_089,SHRUB_LRG_241
SHRUB_LRG_003_038,HAM_038,SHRUB_LRG_003
SHRUB_LRG_003_039,HAM_039,SHRUB_LRG_003
SHRUB_LRG_003_040,HAM_040,SHRUB_LRG_003
SHRUB_LRG_003_041,HAM_041,SHRUB_LRG_003
SHRUB_LRG_003_042,HAM_042,SHRUB_LRG_003
SHRUB_LRG_003_043,HAM_043,SHRUB_LRG_003
SHRUB_LRG_003_044,HAM_044,SHRUB_LRG_003
SHRUB_LRG_003_045,HAM_045,SHRUB_LRG_003
SHRUB_LRG_003_046,HAM_046,SHRUB_LRG_003
SHRUB_LRG_003_047,HAM_047,SHRUB_LRG_003
SHRUB_LRG_003_048,HAM_048,SHRUB_LRG_003
SHRUB_LRG_003_049,HAM_049,SHRUB_LRG_003
SHRUB_LRG_003_050,HAM_050,SHRUB_LRG_003
SHRUB_LRG_003_051,HAM_051,SHRUB_LRG_003
SHRUB_LRG_003_052,HAM_052,SHRUB_LRG_003
SHRUB_LRG_003_053,HAM_053,SHRUB_LRG_003
SHRUB_LRG_003_054,HAM_054,SHRUB_LRG_003
SHRUB_LRG_003_055,HAM_055,SHRUB_LRG_003
SHRUB_LRG_003_056,HAM_056,SHRUB_LRG_003
SHRUB_LRG_003_057,HAM_057,SHRUB_LRG_003
SHRUB_LRG_003_058,HAM_058,SHRUB_LRG_003
SHRUB_LRG_003_059,HAM_059,SHRUB_LRG_003
SHRUB_LRG_241_090,PSY_090,SHRUB_LRG_241
SHRUB_LRG_241_091,PSY_091,SHRUB_LRG_241
SHRUB_LRG_241_092,PSY_092,SHRUB_LRG_241
SHRUB_LRG_241_093,PSY_093,SHRUB_LRG_241
SHRUB_LRG_241_094,PSY_094,SHRUB_LRG_241
SHRUB_LRG_241_095,PSY_095,SHRUB_LRG_241
SHRUB_LRG_241_096,PSY_096,SHRUB_LRG_241
SHRUB_LRG_241_097,PSY_097,SHRUB_LRG_241
SHRUB_LRG_241_098,PSY_098,SHRUB_LRG_241
SHRUB_LRG_241_099,PSY_099,SHRUB_LRG_241
SHRUB_LRG_241_100,PSY_100,SHRUB_LRG_241
SHRUB_LRG_241_101,PSY_101,SHRUB_LRG_241
SHRUB_LRG_241_102,PSY_102,SHRUB_LRG_241
SHRUB_LRG_241_103,PSY_103,SHRUB_LRG_241
SHRUB_LRG_241_104,PSY_104,SHRUB_LRG_241
SHRUB_LRG_241_105,PSY_105,SHRUB_LRG_241
SHRUB_LRG_241_106,PSY_106,SHRUB_LRG_241
SHRUB_LRG_241_107,PSY_107,SHRUB_LRG_241
SHRUB_LRG_241_108,PSY_108,SHRUB_LRG_241
SHRUB_LRG_241_109,PSY_109,SHRUB_LRG_241
SHRUB_LRG_241_110,PSY_110,SHRUB_LRG_241
SHRUB_LRG_241_111,PSY_111,SHRUB_LRG_241
SHRUB_LRG_241_112,PSY_112,SHRUB_LRG_241
SHRUB_LRG_241_113,PSY_113,SHRUB_LRG_241
SHRUB_LRG_241_114,PSY_114,SHRUB_LRG_241
SHRUB_LRG_241_115,PSY_115,SHRUB_LRG_241
SHRUB_LRG_241_116,PSY_116,SHRUB_LRG_241
SHRUB_LRG_241_117,PSY_117,SHRUB_LRG_241
SHRUB_LRG_241_118,PSY_118,SHRUB_LRG_241
SHRUB_LRG_241_119,PSY_119,SHRUB_LRG_241
SHRUB_LRG_241_120,PSY_120,SHRUB_LRG_241
SHRUB_LRG_241_121,PSY_121,SHRUB_LRG_241
SHRUB_LRG_241_122,PSY_122,SHRUB_LRG_241
SHRUB_LRG_241_123,PSY_123,SHRUB_LRG_241
TREE_SIMP_021_008,LJ_008,TREE_SIMP_021
SHRUB_LRG_121_007,CHR_007,SHRUB_LRG_121
TREE_SIMP_024_004,CG_004,TREE_SIMP_024
SHRUB_LRG_121_008,CHR_008,SHRUB_LRG_121
TREE_SIMP_024_005,CG_005,TREE_SIMP_024
SHRUB_LRG_421_011,CES_011,SHRUB_LRG_421
TREE_SIMP_021_009,LJ_009,TREE_SIMP_021
TREE_SIMP_021_010,LJ_010,TREE_SIMP_021
SHRUB_LRG_421_012,CES_012,SHRUB_LRG_421
TREE_DCID_003_006,ED_006,TREE_DCID_003
TREE_DCID_003_007,ED_007,TREE_DCID_003
SHRUB_TROP_021_003,CRI_003,SHRUB_TROP_021
SHRUB_LRG_241_124,PSY_124,SHRUB_LRG_241
SHRUB_LRG_241_125,PSY_125,SHRUB_LRG_241
SHRUB_LRG_241_126,PSY_126,SHRUB_LRG_241
SHRUB_LRG_003_060,HAM_060,SHRUB_LRG_003
SHRUB_LRG_003_061,HAM_061,SHRUB_LRG_003
SHRUB_LRG_003_062,HAM_062,SHRUB_LRG_003
SHRUB_LRG_003_063,HAM_063,SHRUB_LRG_003
SHRUB_LRG_003_064,HAM_064,SHRUB_LRG_003
SHRUB_LRG_003_065,HAM_065,SHRUB_LRG_003
SHRUB_LRG_003_066,HAM_066,SHRUB_LRG_003
SHRUB_LRG_003_067,HAM_067,SHRUB_LRG_003
SHRUB_LRG_003_068,HAM_068,SHRUB_LRG_003
SHRUB_LRG_003_069,HAM_069,SHRUB_LRG_003
SHRUB_LRG_003_070,HAM_070,SHRUB_LRG_003
SHRUB_LRG_241_127,PSY_127,SHRUB_LRG_241
SHRUB_LRG_241_128,PSY_128,SHRUB_LRG_241
SHRUB_LRG_003_071,HAM_071,SHRUB_LRG_003
SHRUB_LRG_003_072,HAM_072,SHRUB_LRG_003
SHRUB_LRG_003_073,HAM_073,SHRUB_LRG_003
SHRUB_LRG_003_074,HAM_074,SHRUB_LRG_003
SHRUB_LRG_003_075,HAM_075,SHRUB_LRG_003
SHRUB_LRG_003_076,HAM_076,SHRUB_LRG_003
SHRUB_LRG_003_077,HAM_077,SHRUB_LRG_003
SHRUB_LRG_003_078,HAM_078,SHRUB_LRG_003
SHRUB_LRG_003_079,HAM_079,SHRUB_LRG_003
SHRUB_LRG_003_080,HAM_080,SHRUB_LRG_003
SHRUB_LRG_003_081,HAM_081,SHRUB_LRG_003
SHRUB_LRG_003_082,HAM_082,SHRUB_LRG_003
SHRUB_LRG_003_083,HAM_083,SHRUB_LRG_003
SHRUB_LRG_003_084,HAM_084,SHRUB_LRG_003
SHRUB_LRG_241_129,PSY_129,SHRUB_LRG_241
SHRUB_LRG_241_130,PSY_130,SHRUB_LRG_241
SHRUB_LRG_241_131,PSY_131,SHRUB_LRG_241
SHRUB_LRG_241_132,PSY_132,SHRUB_LRG_241
SHRUB_LRG_241_133,PSY_133,SHRUB_LRG_241
SHRUB_LRG_241_134,PSY_134,SHRUB_LRG_241
SHRUB_LRG_241_135,PSY_135,SHRUB_LRG_241
SHRUB_LRG_241_136,PSY_136,SHRUB_LRG_241
SHRUB_LRG_241_137,PSY_137,SHRUB_LRG_241
SHRUB_LRG_241_138,PSY_138,SHRUB_LRG_241
SHRUB_LRG_241_139,PSY_139,SHRUB_LRG_241
SHRUB_LRG_241_140,PSY_140,SHRUB_LRG_241
SHRUB_LRG_241_141,PSY_141,SHRUB_LRG_241
SHRUB_LRG_241_142,PSY_142,SHRUB_LRG_241
SHRUB_LRG_241_143,PSY_143,SHRUB_LRG_241
SHRUB_LRG_241_144,PSY_144,SHRUB_LRG_241
SHRUB_LRG_241_145,PSY_145,SHRUB_LRG_241
SHRUB_LRG_241_146,PSY_146,SHRUB_LRG_241
SHRUB_LRG_241_147,PSY_147,SHRUB_LRG_241
SHRUB_LRG_241_148,PSY_148,SHRUB_LRG_241
SHRUB_LRG_241_149,PSY_149,SHRUB_LRG_241
SHRUB_LRG_241_150,PSY_150,SHRUB_LRG_241
SHRUB_LRG_241_151,PSY_151,SHRUB_LRG_241
SHRUB_LRG_241_152,PSY_152,SHRUB_LRG_241
SHRUB_LRG_241_153,PSY_153,SHRUB_LRG_241
SHRUB_LRG_241_154,PSY_154,SHRUB_LRG_241
SHRUB_LRG_241_155,PSY_155,SHRUB_LRG_241
SHRUB_LRG_241_156,PSY_156,SHRUB_LRG_241
SHRUB_LRG_241_157,PSY_157,SHRUB_LRG_241
SHRUB_LRG_241_158,PSY_158,SHRUB_LRG_241
SHRUB_LRG_241_159,PSY_159,SHRUB_LRG_241
SHRUB_LRG_241_160,PSY_160,SHRUB_LRG_241
SHRUB_LRG_241_161,PSY_161,SHRUB_LRG_241
SHRUB_LRG_241_162,PSY_162,SHRUB_LRG_241
SHRUB_LRG_241_163,PSY_163,SHRUB_LRG_241
SHRUB_LRG_241_164,PSY_164,SHRUB_LRG_241
SHRUB_LRG_241_165,PSY_165,SHRUB_LRG_241
SHRUB_LRG_241_166,PSY_166,SHRUB_LRG_241
SHRUB_LRG_241_167,PSY_167,SHRUB_LRG_241
SHRUB_LRG_241_168,PSY_168,SHRUB_LRG_241
SHRUB_LRG_241_169,PSY_169,SHRUB_LRG_241
SHRUB_LRG_241_170,PSY_170,SHRUB_LRG_241
SHRUB_LRG_241_171,PSY_171,SHRUB_LRG_241
SHRUB_LRG_241_172,PSY_172,SHRUB_LRG_241
SHRUB_LRG_241_173,PSY_173,SHRUB_LRG_241
SHRUB_LRG_241_174,PSY_174,SHRUB_LRG_241
SHRUB_LRG_241_175,PSY_175,SHRUB_LRG_241
SHRUB_LRG_241_176,PSY_176,SHRUB_LRG_241
SHRUB_LRG_241_177,PSY_177,SHRUB_LRG_241
SHRUB_LRG_241_178,PSY_178,SHRUB_LRG_241
SHRUB_LRG_241_179,PSY_179,SHRUB_LRG_241
SHRUB_LRG_241_180,PSY_180,SHRUB_LRG_241
SHRUB_LRG_241_181,PSY_181,SHRUB_LRG_241
SHRUB_LRG_241_182,PSY_182,SHRUB_LRG_241
SHRUB_LRG_241_183,PSY_183,SHRUB_LRG_241
SHRUB_LRG_421_013,CES_013,SHRUB_LRG_421
SHRUB_LRG_421_014,CES_014,SHRUB_LRG_421
SHRUB_LRG_421_015,CES_015,SHRUB_LRG_421
SHRUB_LRG_421_016,CES_016,SHRUB_LRG_421
TREE_DCID_003_008,ED_008,TREE_DCID_003
TREE_DCID_003_009,ED_009,TREE_DCID_003
SHRUB_LRG_421_017,CES_017,SHRUB_LRG_421
TREE_DCID_003_010,ED_010,TREE_DCID_003
SHRUB_LRG_421_018,CES_018,SHRUB_LRG_421
TREE_DCID_003_011,ED_011,TREE_DCID_003
SHRUB_LRG_121_009,CHR_009,SHRUB_LRG_121
TREE_SIMP_021_011,LJ_011,TREE_SIMP_021
SHRUB_LRG_121_010,CHR_010,SHRUB_LRG_121
TREE_SIMP_024_006,CG_006,TREE_SIMP_024
TREE_SIMP_021_012,LJ_012,TREE_SIMP_021
TREE_SIMP_021_013,LJ_013,TREE_SIMP_021
SHRUB_LRG_241_184,PSY_184,SHRUB_LRG_241
SHRUB_LRG_241_185,PSY_185,SHRUB_LRG_241
SHRUB_LRG_241_186,PSY_186,SHRUB_LRG_241
SHRUB_LRG_241_187,PSY_187,SHRUB_LRG_241
SHRUB_LRG_003_085,HAM_085,SHRUB_LRG_003
SHRUB_LRG_003_086,HAM_086,SHRUB_LRG_003
SHRUB_LRG_003_087,HAM_087,SHRUB_LRG_003
SHRUB_LRG_003_088,HAM_088,SHRUB_LRG_003
SHRUB_LRG_003_089,HAM_089,SHRUB_LRG_003
SHRUB_LRG_003_090,HAM_090,SHRUB_LRG_003
SHRUB_LRG_003_091,HAM_091,SHRUB_LRG_003
SHRUB_LRG_003_092,HAM_092,SHRUB_LRG_003
SHRUB_LRG_003_093,HAM_093,SHRUB_LRG_003
SHRUB_LRG_003_094,HAM_094,SHRUB_LRG_003
SHRUB_LRG_003_095,HAM_095,SHRUB_LRG_003
SHRUB_LRG_003_096,HAM_096,SHRUB_LRG_003
SHRUB_LRG_003_097,HAM_097,SHRUB_LRG_003
SHRUB_LRG_003_098,HAM_098,SHRUB_LRG_003
SHRUB_LRG_003_099,HAM_099,SHRUB_LRG_003
SHRUB_LRG_003_100,HAM_100,SHRUB_LRG_003
SHRUB_LRG_003_101,HAM_101,SHRUB_LRG_003
SHRUB_LRG_003_102,HAM_102,SHRUB_LRG_003
SHRUB_LRG_003_103,HAM_103,SHRUB_LRG_003
SHRUB_LRG_003_104,HAM_104,SHRUB_LRG_003
SHRUB_LRG_003_105,HAM_105,SHRUB_LRG_003
SHRUB_LRG_003_106,HAM_106,SHRUB_LRG_003
SHRUB_LRG_003_107,HAM_107,SHRUB_LRG_003
SHRUB_LRG_003_108,HAM_108,SHRUB_LRG_003
SHRUB_LRG_241_188,PSY_188,SHRUB_LRG_241
SHRUB_LRG_003_109,HAM_109,SHRUB_LRG_003
SHRUB_LRG_003_110,HAM_110,SHRUB_LRG_003
SHRUB_LRG_003_111,HAM_111,SHRUB_LRG_003
SHRUB_LRG_003_112,HAM_112,SHRUB_LRG_003
SHRUB_LRG_241_189,PSY_189,SHRUB_LRG_241
SHRUB_LRG_241_190,PSY_190,SHRUB_LRG_241
SHRUB_LRG_241_191,PSY_191,SHRUB_LRG_241
SHRUB_LRG_241_192,PSY_192,SHRUB_LRG_241
SHRUB_LRG_241_193,PSY_193,SHRUB_LRG_241
SHRUB_LRG_241_194,PSY_194,SHRUB_LRG_241
SHRUB_LRG_241_195,PSY_195,SHRUB_LRG_241
SHRUB_LRG_241_196,PSY_196,SHRUB_LRG_241
SHRUB_LRG_241_197,PSY_197,SHRUB_LRG_241
SHRUB_LRG_241_198,PSY_198,SHRUB_LRG_241
SHRUB_LRG_241_199,PSY_199,SHRUB_LRG_241
SHRUB_LRG_241_200,PSY_200,SHRUB_LRG_241
SHRUB_LRG_241_201,PSY_201,SHRUB_LRG_241
SHRUB_LRG_241_202,PSY_202,SHRUB_LRG_241
SHRUB_LRG_241_203,PSY_203,SHRUB_LRG_241
SHRUB_LRG_241_204,PSY_204,SHRUB_LRG_241
SHRUB_LRG_241_205,PSY_205,SHRUB_LRG_241
SHRUB_LRG_241_206,PSY_206,SHRUB_LRG_241
SHRUB_LRG_241_207,PSY_207,SHRUB_LRG_241
SHRUB_LRG_241_208,PSY_208,SHRUB_LRG_241
SHRUB_LRG_241_209,PSY_209,SHRUB_LRG_241
SHRUB_LRG_241_210,PSY_210,SHRUB_LRG_241
SHRUB_LRG_241_211,PSY_211,SHRUB_LRG_241
SHRUB_LRG_241_212,PSY_212,SHRUB_LRG_241
SHRUB_LRG_241_213,PSY_213,SHRUB_LRG_241
SHRUB_LRG_241_214,PSY_214,SHRUB_LRG_241
SHRUB_LRG_241_215,PSY_215,SHRUB_LRG_241
SHRUB_LRG_241_216,PSY_216,SHRUB_LRG_241
SHRUB_LRG_241_217,PSY_217,SHRUB_LRG_241
SHRUB_LRG_241_218,PSY_218,SHRUB_LRG_241
SHRUB_LRG_241_219,PSY_219,SHRUB_LRG_241
SHRUB_LRG_241_220,PSY_220,SHRUB_LRG_241
SHRUB_LRG_241_221,PSY_221,SHRUB_LRG_241
SHRUB_LRG_241_222,PSY_222,SHRUB_LRG_241
SHRUB_LRG_241_223,PSY_223,SHRUB_LRG_241
SHRUB_LRG_241_224,PSY_224,SHRUB_LRG_241
SHRUB_LRG_241_225,PSY_225,SHRUB_LRG_241
SHRUB_LRG_241_226,PSY_226,SHRUB_LRG_241
SHRUB_LRG_241_227,PSY_227,SHRUB_LRG_241
SHRUB_TROP_021_004,CRI_004,SHRUB_TROP_021
TREE_EVGR_001_001,QV_001,TREE_EVGR_001
TREE_SIMP_007_001,CR_001,TREE_SIMP_007
SHRUB_TROP_021_005,CRI_005,SHRUB_TROP_021
TREE_SIMP_007_002,CR_002,TREE_SIMP_007
SHRUB_LRG_121_011,CHR_011,SHRUB_LRG_121
SHRUB_LRG_121_012,CHR_012,SHRUB_LRG_121
SHRUB_LRG_121_013,CHR_013,SHRUB_LRG_121
SHRUB_LRG_121_014,CHR_014,SHRUB_LRG_121
TREE_EVGR_001_002,QV_002,TREE_EVGR_001
SHRUB_TROP_021_006,CRI_006,SHRUB_TROP_021
TREE_SIMP_021_014,LJ_014,TREE_SIMP_021
SHRUB_LRG_121_015,CHR_015,SHRUB_LRG_121
TREE_SIMP_024_007,CG_007,TREE_SIMP_024
SHRUB_LRG_121_016,CHR_016,SHRUB_LRG_121
TREE_SIMP_024_008,CG_008,TREE_SIMP_024
SHRUB_LRG_421_019,CES_019,SHRUB_LRG_421
TREE_SIMP_021_015,LJ_015,TREE_SIMP_021
TREE_SIMP_021_016,LJ_016,TREE_SIMP_021
SHRUB_LRG_421_020,CES_020,SHRUB_LRG_421
TREE_DCID_003_012,ED_012,TREE_DCID_003
TREE_DCID_003_013,ED_013,TREE_DCID_003
SHRUB_TROP_021_007,CRI_007,SHRUB_TROP_021
SHRUB_LRG_241_228,PSY_228,SHRUB_LRG_241
SHRUB_LRG_241_229,PSY_229,SHRUB_LRG_241
SHRUB_LRG_241_230,PSY_230,SHRUB_LRG_241
SHRUB_LRG_003_113,HAM_113,SHRUB_LRG_003
SHRUB_LRG_003_114,HAM_114,SHRUB_LRG_003
SHRUB_LRG_003_115,HAM_115,SHRUB_LRG_003
SHRUB_LRG_003_116,HAM_116,SHRUB_LRG_003
SHRUB_LRG_003_117,HAM_117,SHRUB_LRG_003
SHRUB_LRG_003_118,HAM_118,SHRUB_LRG_003
SHRUB_LRG_003_119,HAM_119,SHRUB_LRG_003
SHRUB_LRG_003_120,HAM_120,SHRUB_LRG_003
SHRUB_LRG_003_121,HAM_121,SHRUB_LRG_003
SHRUB_LRG_003_122,HAM_122,SHRUB_LRG_003
SHRUB_LRG_003_123,HAM_123,SHRUB_LRG_003
SHRUB_LRG_241_231,PSY_231,SHRUB_LRG_241
SHRUB_LRG_241_232,PSY_232,SHRUB_LRG_241
SHRUB_LRG_003_124,HAM_124,SHRUB_LRG_003
SHRUB_LRG_003_125,HAM_125,SHRUB_LRG_003
SHRUB_LRG_003_126,HAM_126,SHRUB_LRG_003
SHRUB_LRG_003_127,HAM_127,SHRUB_LRG_003
SHRUB_LRG_003_128,HAM_128,SHRUB_LRG_003
SHRUB_LRG_003_129,HAM_129,SHRUB_LRG_003
SHRUB_LRG_003_130,HAM_130,SHRUB_LRG_003
SHRUB_LRG_003_131,HAM_131,SHRUB_LRG_003
SHRUB_LRG_003_132,HAM_132,SHRUB_LRG_003
SHRUB_LRG_003_133,HAM_133,SHRUB_LRG_003
SHRUB_LRG_003_134,HAM_134,SHRUB_LRG_003
SHRUB_LRG_003_135,HAM_135,SHRUB_LRG_003
SHRUB_LRG_003_136,HAM_136,SHRUB_LRG_003
SHRUB_LRG_003_137,HAM_137,SHRUB_LRG_003
SHRUB_LRG_241_233,PSY_233,SHRUB_LRG_241
SHRUB_LRG_241_234,PSY_234,SHRUB_LRG_241
SHRUB_LRG_241_235,PSY_235,SHRUB_LRG_241
SHRUB_LRG_241_236,PSY_236,SHRUB_LRG_241
SHRUB_LRG_241_237,PSY_237,SHRUB_LRG_241
SHRUB_LRG_241_238,PSY_238,SHRUB_LRG_241
SHRUB_LRG_241_239,PSY_239,SHRUB_LRG_241
SHRUB_LRG_241_240,PSY_240,SHRUB_LRG_241
SHRUB_LRG_241_241,PSY_241,SHRUB_LRG_241
SHRUB_LRG_241_242,PSY_242,SHRUB_LRG_241
SHRUB_LRG_241_243,PSY_243,SHRUB_LRG_241
SHRUB_LRG_241_244,PSY_244,SHRUB_LRG_241
SHRUB_LRG_241_245,PSY_245,SHRUB_LRG_241
SHRUB_LRG_241_246,PSY_246,SHRUB_LRG_241
SHRUB_LRG_241_247,PSY_247,SHRUB_LRG_241
SHRUB_LRG_241_248,PSY_248,SHRUB_LRG_241
SHRUB_LRG_241_249,PSY_249,SHRUB_LRG_241
SHRUB_LRG_241_250,PSY_250,SHRUB_LRG_241
SHRUB_LRG_241_251,PSY_251,SHRUB_LRG_241
SHRUB_LRG_241_252,PSY_252,SHRUB_LRG_241
SHRUB_LRG_241_253,PSY_253,SHRUB_LRG_241
SHRUB_LRG_241_254,PSY_254,SHRUB_LRG_241
SHRUB_LRG_241_255,PSY_255,SHRUB_LRG_241
SHRUB_LRG_241_256,PSY_256,SHRUB_LRG_241
SHRUB_LRG_241_257,PSY_257,SHRUB_LRG_241
SHRUB_LRG_241_258,PSY_258,SHRUB_LRG_241
SHRUB_LRG_241_259,PSY_259,SHRUB_LRG_241
SHRUB_LRG_241_260,PSY_260,SHRUB_LRG_241
SHRUB_LRG_241_261,PSY_261,SHRUB_LRG_241
SHRUB_LRG_241_262,PSY_262,SHRUB_LRG_241
SHRUB_LRG_241_263,PSY_263,SHRUB_LRG_241
SHRUB_LRG_241_264,PSY_264,SHRUB_LRG_241
SHRUB_LRG_241_265,PSY_265,SHRUB_LRG_241
SHRUB_LRG_241_266,PSY_266,SHRUB_LRG_241
SHRUB_LRG_241_267,PSY_267,SHRUB_LRG_241
SHRUB_LRG_241_268,PSY_268,SHRUB_LRG_241
SHRUB_LRG_241_269,PSY_269,SHRUB_LRG_241
SHRUB_LRG_241_270,PSY_270,SHRUB_LRG_241
SHRUB_LRG_241_271,PSY_271,SHRUB_LRG_241
SHRUB_LRG_241_272,PSY_272,SHRUB_LRG_241
SHRUB_LRG_241_273,PSY_273,SHRUB_LRG_241
SHRUB_LRG_241_274,PSY_274,SHRUB_LRG_241
SHRUB_LRG_241_275,PSY_275,SHRUB_LRG_241
SHRUB_LRG_241_276,PSY_276,SHRUB_LRG_241
SHRUB_LRG_241_277,PSY_277,SHRUB_LRG_241
SHRUB_LRG_241_278,PSY_278,SHRUB_LRG_241
SHRUB_LRG_241_279,PSY_279,SHRUB_LRG_241
SHRUB_LRG_241_280,PSY_280,SHRUB_LRG_241
SHRUB_LRG_241_281,PSY_281,SHRUB_LRG_241
SHRUB_LRG_241_282,PSY_282,SHRUB_LRG_241
SHRUB_LRG_241_283,PSY_283,SHRUB_LRG_241
SHRUB_LRG_241_284,PSY_284,SHRUB_LRG_241
SHRUB_LRG_241_285,PSY_285,SHRUB_LRG_241
SHRUB_LRG_241_286,PSY_286,SHRUB_LRG_241
SHRUB_LRG_241_287,PSY_287,SHRUB_LRG_241
TREE_SIMP_021_017,LJ_017,TREE_SIMP_021
SHRUB_LRG_121_017,CHR_017,SHRUB_LRG_121
TREE_SIMP_024_009,CG_009,TREE_SIMP_024
SHRUB_LRG_121_018,CHR_018,SHRUB_LRG_121
TREE_SIMP_024_010,CG_010,TREE_SIMP_024
SHRUB_LRG_421_021,CES_021,SHRUB_LRG_421
TREE_SIMP_021_018,LJ_018,TREE_SIMP_021
TREE_SIMP_021_019,LJ_019,TREE_SIMP_021
SHRUB_LRG_421_022,CES_022,SHRUB_LRG_421
TREE_DCID_003_014,ED_014,TREE_DCID_003
TREE_DCID_003_015,ED_015,TREE_DCID_003
SHRUB_TROP_021_008,CRI_008,SHRUB_TROP_021
SHRUB_LRG_241_288,PSY_288,SHRUB_LRG_241
SHRUB_LRG_241_289,PSY_289,SHRUB_LRG_241
SHRUB_LRG_241_290,PSY_290,SHRUB_LRG_241
SHRUB_LRG_003_138,HAM_138,SHRUB_LRG_003
SHRUB_LRG_003_139,HAM_139,SHRUB_LRG_003
SHRUB_LRG_003_140,HAM_140,SHRUB_LRG_003
SHRUB_LRG_003_141,HAM_141,SHRUB_LRG_003
SHRUB_LRG_003_142,HAM_142,SHRUB_LRG_003
SHRUB_LRG_003_143,HAM_143,SHRUB_LRG_003
SHRUB_LRG_003_144,HAM_144,SHRUB_LRG_003
SHRUB_LRG_003_145,HAM_145,SHRUB_LRG_003
SHRUB_LRG_003_146,HAM_146,SHRUB_LRG_003
SHRUB_LRG_003_147,HAM_147,SHRUB_LRG_003
SHRUB_LRG_003_148,HAM_148,SHRUB_LRG_003
SHRUB_LRG_241_291,PSY_291,SHRUB_LRG_241
SHRUB_LRG_241_292,PSY_292,SHRUB_LRG_241
SHRUB_LRG_003_149,HAM_149,SHRUB_LRG_003
SHRUB_LRG_003_150,HAM_150,SHRUB_LRG_003
SHRUB_LRG_003_151,HAM_151,SHRUB_LRG_003
SHRUB_LRG_003_152,HAM_152,SHRUB_LRG_003
SHRUB_LRG_003_153,HAM_153,SHRUB_LRG_003
SHRUB_LRG_003_154,HAM_154,SHRUB_LRG_003
SHRUB_LRG_003_155,HAM_155,SHRUB_LRG_003
SHRUB_LRG_003_156,HAM_156,SHRUB_LRG_003
SHRUB_LRG_003_157,HAM_157,SHRUB_LRG_003
SHRUB_LRG_003_158,HAM_158,SHRUB_LRG_003
SHRUB_LRG_003_159,HAM_159,SHRUB_LRG_003
SHRUB_LRG_003_160,HAM_160,SHRUB_LRG_003
SHRUB_LRG_003_161,HAM_161,SHRUB_LRG_003
SHRUB_LRG_003_162,HAM_162,SHRUB_LRG_003
SHRUB_LRG_241_293,PSY_293,SHRUB_LRG_241
SHRUB_LRG_241_294,PSY_294,SHRUB_LRG_241
SHRUB_LRG_241_295,PSY_295,SHRUB_LRG_241
SHRUB_LRG_241_296,PSY_296,SHRUB_LRG_241
SHRUB_LRG_241_297,PSY_297,SHRUB_LRG_241
SHRUB_LRG_241_298,PSY_298,SHRUB_LRG_241
SHRUB_LRG_241_299,PSY_299,SHRUB_LRG_241
SHRUB_LRG_241_300,PSY_300,SHRUB_LRG_241
SHRUB_LRG_241_301,PSY_301,SHRUB_LRG_241
SHRUB_LRG_241_302,PSY_302,SHRUB_LRG_241
SHRUB_LRG_241_303,PSY_303,SHRUB_LRG_241
SHRUB_LRG_241_304,PSY_304,SHRUB_LRG_241
SHRUB_LRG_241_305,PSY_305,SHRUB_LRG_241
SHRUB_LRG_241_306,PSY_306,SHRUB_LRG_241
SHRUB_LRG_241_307,PSY_307,SHRUB_LRG_241
SHRUB_LRG_241_308,PSY_308,SHRUB_LRG_241
SHRUB_LRG_241_309,PSY_309,SHRUB_LRG_241
SHRUB_LRG_241_310,PSY_310,SHRUB_LRG_241
SHRUB_LRG_241_311,PSY_311,SHRUB_LRG_241
SHRUB_LRG_241_312,PSY_312,SHRUB_LRG_241
SHRUB_LRG_241_313,PSY_313,SHRUB_LRG_241
SHRUB_LRG_241_314,PSY_314,SHRUB_LRG_241
SHRUB_LRG_241_315,PSY_315,SHRUB_LRG_241
SHRUB_LRG_241_316,PSY_316,SHRUB_LRG_241
SHRUB_LRG_241_317,PSY_317,SHRUB_LRG_241
SHRUB_LRG_241_318,PSY_318,SHRUB_LRG_241
SHRUB_LRG_241_319,PSY_319,SHRUB_LRG_241
SHRUB_LRG_241_320,PSY_320,SHRUB_LRG_241
SHRUB_LRG_241_321,PSY_321,SHRUB_LRG_241
SHRUB_LRG_241_322,PSY_322,SHRUB_LRG_241
SHRUB_LRG_241_323,PSY_323,SHRUB_LRG_241
SHRUB_LRG_241_324,PSY_324,SHRUB_LRG_241
SHRUB_LRG_241_325,PSY_325,SHRUB_LRG_241
SHRUB_LRG_241_326,PSY_326,SHRUB_LRG_241
SHRUB_LRG_241_327,PSY_327,SHRUB_LRG_241
SHRUB_LRG_241_328,PSY_328,SHRUB_LRG_241
SHRUB_LRG_241_329,PSY_329,SHRUB_LRG_241
SHRUB_LRG_241_330,PSY_330,SHRUB_LRG_241
SHRUB_LRG_241_331,PSY_331,SHRUB_LRG_241
SHRUB_LRG_241_332,PSY_332,SHRUB_LRG_241
SHRUB_LRG_241_333,PSY_333,SHRUB_LRG_241
SHRUB_LRG_241_334,PSY_334,SHRUB_LRG_241
SHRUB_LRG_241_335,PSY_335,SHRUB_LRG_241
SHRUB_LRG_241_336,PSY_336,SHRUB_LRG_241
SHRUB_LRG_241_337,PSY_337,SHRUB_LRG_241
SHRUB_LRG_241_338,PSY_338,SHRUB_LRG_241
SHRUB_LRG_241_339,PSY_339,SHRUB_LRG_241
SHRUB_LRG_241_340,PSY_340,SHRUB_LRG_241
SHRUB_LRG_241_341,PSY_341,SHRUB_LRG_241
SHRUB_LRG_241_342,PSY_342,SHRUB_LRG_241
SHRUB_LRG_241_343,PSY_343,SHRUB_LRG_241
SHRUB_LRG_241_344,PSY_344,SHRUB_LRG_241
SHRUB_LRG_241_345,PSY_345,SHRUB_LRG_241
SHRUB_LRG_241_346,PSY_346,SHRUB_LRG_241
SHRUB_LRG_241_347,PSY_347,SHRUB_LRG_241
SHRUB_LRG_421_023,CES_023,SHRUB_LRG_421
SHRUB_LRG_421_024,CES_024,SHRUB_LRG_421
SHRUB_LRG_421_025,CES_025,SHRUB_LRG_421
SHRUB_LRG_421_026,CES_026,SHRUB_LRG_421
SHRUB_LRG_121_019,CHR_019,SHRUB_LRG_121
TREE_DCID_003_016,ED_016,TREE_DCID_003
TREE_DCID_003_017,ED_017,TREE_DCID_003
SHRUB_LRG_121_020,CHR_020,SHRUB_LRG_121
TREE_SIMP_021_020,LJ_020,TREE_SIMP_021
TREE_SIMP_021_021,LJ_021,TREE_SIMP_021
TREE_SIMP_021_022,LJ_022,TREE_SIMP_021
SHRUB_TROP_021_009,CRI_009,SHRUB_TROP_021
SHRUB_TROP_021_010,CRI_010,SHRUB_TROP_021
TREE_SIMP_024_011,CG_011,TREE_SIMP_024
SHRUB_LRG_241_348,PSY_348,SHRUB_LRG_241
SHRUB_LRG_241_349,PSY_349,SHRUB_LRG_241
SHRUB_LRG_003_163,HAM_163,SHRUB_LRG_003
SHRUB_LRG_003_164,HAM_164,SHRUB_LRG_003
SHRUB_LRG_003_165,HAM_165,SHRUB_LRG_003
SHRUB_LRG_003_166,HAM_166,SHRUB_LRG_003
SHRUB_LRG_003_167,HAM_167,SHRUB_LRG_003
SHRUB_LRG_003_168,HAM_168,SHRUB_LRG_003
SHRUB_LRG_241_350,PSY_350,SHRUB_LRG_241
SHRUB_LRG_241_351,PSY_351,SHRUB_LRG_241
SHRUB_LRG_003_169,HAM_169,SHRUB_LRG_003
SHRUB_LRG_003_170,HAM_170,SHRUB_LRG_003
SHRUB_LRG_003_171,HAM_171,SHRUB_LRG_003
SHRUB_LRG_003_172,HAM_172,SHRUB_LRG_003
SHRUB_LRG_003_173,HAM_173,SHRUB_LRG_003
SHRUB_LRG_003_174,HAM_174,SHRUB_LRG_003
SHRUB_LRG_003_175,HAM_175,SHRUB_LRG_003
SHRUB_LRG_003_176,HAM_176,SHRUB_LRG_003
SHRUB_LRG_003_177,HAM_177,SHRUB_LRG_003
SHRUB_LRG_003_178,HAM_178,SHRUB_LRG_003
SHRUB_LRG_003_179,HAM_179,SHRUB_LRG_003
SHRUB_LRG_003_180,HAM_180,SHRUB_LRG_003
SHRUB_LRG_003_181,HAM_181,SHRUB_LRG_003
SHRUB_LRG_003_182,HAM_182,SHRUB_LRG_003
SHRUB_LRG_003_183,HAM_183,SHRUB_LRG_003
SHRUB_LRG_003_184,HAM_184,SHRUB_LRG_003
SHRUB_LRG_003_185,HAM_185,SHRUB_LRG_003
SHRUB_LRG_003_186,HAM_186,SHRUB_LRG_003
SHRUB_LRG_003_187,HAM_187,SHRUB_LRG_003
SHRUB_LRG_003_188,HAM_188,SHRUB_LRG_003
SHRUB_LRG_003_189,HAM_189,SHRUB_LRG_003
SHRUB_LRG_003_190,HAM_190,SHRUB_LRG_003
SHRUB_LRG_241_352,PSY_352,SHRUB_LRG_241
SHRUB_LRG_241_353,PSY_353,SHRUB_LRG_241
SHRUB_LRG_241_354,PSY_354,SHRUB_LRG_241
SHRUB_LRG_241_355,PSY_355,SHRUB_LRG_241
SHRUB_LRG_241_356,PSY_356,SHRUB_LRG_241
SHRUB_LRG_241_357,PSY_357,SHRUB_LRG_241
SHRUB_LRG_241_358,PSY_358,SHRUB_LRG_241
SHRUB_LRG_241_359,PSY_359,SHRUB_LRG_241
SHRUB_LRG_241_360,PSY_360,SHRUB_LRG_241
SHRUB_LRG_241_361,PSY_361,SHRUB_LRG_241
SHRUB_LRG_241_362,PSY_362,SHRUB_LRG_241
SHRUB_LRG_241_363,PSY_363,SHRUB_LRG_241
SHRUB_LRG_241_364,PSY_364,SHRUB_LRG_241
SHRUB_LRG_241_365,PSY_365,SHRUB_LRG_241
SHRUB_LRG_241_366,PSY_366,SHRUB_LRG_241
SHRUB_LRG_241_367,PSY_367,SHRUB_LRG_241
SHRUB_LRG_241_368,PSY_368,SHRUB_LRG_241
SHRUB_LRG_241_369,PSY_369,SHRUB_LRG_241
SHRUB_LRG_241_370,PSY_370,SHRUB_LRG_241
SHRUB_LRG_241_371,PSY_371,SHRUB_LRG_241
SHRUB_LRG_241_372,PSY_372,SHRUB_LRG_241
SHRUB_LRG_241_373,PSY_373,SHRUB_LRG_241
SHRUB_LRG_241_374,PSY_374,SHRUB_LRG_241
SHRUB_LRG_241_375,PSY_375,SHRUB_LRG_241
SHRUB_LRG_241_376,PSY_376,SHRUB_LRG_241
SHRUB_LRG_241_377,PSY_377,SHRUB_LRG_241
SHRUB_LRG_241_378,PSY_378,SHRUB_LRG_241
SHRUB_LRG_241_379,PSY_379,SHRUB_LRG_241
SHRUB_LRG_241_380,PSY_380,SHRUB_LRG_241
SHRUB_LRG_241_381,PSY_381,SHRUB_LRG_241
SHRUB_LRG_241_382,PSY_382,SHRUB_LRG_241
SHRUB_LRG_241_383,PSY_383,SHRUB_LRG_241
SHRUB_LRG_241_384,PSY_384,SHRUB_LRG_241
SHRUB_LRG_241_385,PSY_385,SHRUB_LRG_241
TREE_SIMP_021_023,LJ_023,TREE_SIMP_021
SHRUB_LRG_121_021,CHR_021,SHRUB_LRG_121
TREE_SIMP_024_012,CG_012,TREE_SIMP_024
SHRUB_LRG_121_022,CHR_022,SHRUB_LRG_121
TREE_SIMP_024_013,CG_013,TREE_SIMP_024
SHRUB_LRG_421_027,CES_027,SHRUB_LRG_421
SHRUB_LRG_421_028,CES_028,SHRUB_LRG_421
TREE_DCID_003_018,ED_018,TREE_DCID_003
TREE_SIMP_021_024,LJ_024,TREE_SIMP_021
SHRUB_LRG_241_386,PSY_386,SHRUB_LRG_241
SHRUB_LRG_241_387,PSY_387,SHRUB_LRG_241
SHRUB_LRG_241_388,PSY_388,SHRUB_LRG_241
SHRUB_LRG_241_389,PSY_389,SHRUB_LRG_241
SHRUB_LRG_003_191,HAM_191,SHRUB_LRG_003
SHRUB_LRG_003_192,HAM_192,SHRUB_LRG_003
SHRUB_LRG_003_193,HAM_193,SHRUB_LRG_003
SHRUB_LRG_003_194,HAM_194,SHRUB_LRG_003
SHRUB_LRG_003_195,HAM_195,SHRUB_LRG_003
SHRUB_LRG_241_390,PSY_390,SHRUB_LRG_241
SHRUB_LRG_003_196,HAM_196,SHRUB_LRG_003
SHRUB_LRG_003_197,HAM_197,SHRUB_LRG_003
SHRUB_LRG_003_198,HAM_198,SHRUB_LRG_003
SHRUB_LRG_003_199,HAM_199,SHRUB_LRG_003
SHRUB_LRG_003_200,HAM_200,SHRUB_LRG_003
SHRUB_LRG_003_201,HAM_201,SHRUB_LRG_003
SHRUB_LRG_003_202,HAM_202,SHRUB_LRG_003
SHRUB_LRG_003_203,HAM_203,SHRUB_LRG_003
SHRUB_LRG_003_204,HAM_204,SHRUB_LRG_003
SHRUB_LRG_003_205,HAM_205,SHRUB_LRG_003
SHRUB_LRG_241_391,PSY_391,SHRUB_LRG_241
SHRUB_LRG_241_392,PSY_392,SHRUB_LRG_241
SHRUB_LRG_241_393,PSY_393,SHRUB_LRG_241
SHRUB_LRG_241_394,PSY_394,SHRUB_LRG_241
SHRUB_LRG_241_395,PSY_395,SHRUB_LRG_241
SHRUB_LRG_241_396,PSY_396,SHRUB_LRG_241
SHRUB_LRG_241_397,PSY_397,SHRUB_LRG_241
SHRUB_LRG_241_398,PSY_398,SHRUB_LRG_241
SHRUB_LRG_241_399,PSY_399,SHRUB_LRG_241
SHRUB_LRG_241_400,PSY_400,SHRUB_LRG_241
SHRUB_LRG_241_401,PSY_401,SHRUB_LRG_241
SHRUB_LRG_241_402,PSY_402,SHRUB_LRG_241
SHRUB_LRG_241_403,PSY_403,SHRUB_LRG_241
SHRUB_LRG_241_404,PSY_404,SHRUB_LRG_241
SHRUB_LRG_241_405,PSY_405,SHRUB_LRG_241
SHRUB_LRG_241_406,PSY_406,SHRUB_LRG_241
SHRUB_LRG_241_407,PSY_407,SHRUB_LRG_241
SHRUB_LRG_241_408,PSY_408,SHRUB_LRG_241
SHRUB_LRG_241_409,PSY_409,SHRUB_LRG_241
SHRUB_LRG_241_410,PSY_410,SHRUB_LRG_241
SHRUB_LRG_241_411,PSY_411,SHRUB_LRG_241
SHRUB_LRG_241_412,PSY_412,SHRUB_LRG_241
SHRUB_LRG_241_413,PSY_413,SHRUB_LRG_241
SHRUB_LRG_241_414,PSY_414,SHRUB_LRG_241
SHRUB_LRG_241_415,PSY_415,SHRUB_LRG_241
SHRUB_LRG_241_416,PSY_416,SHRUB_LRG_241
SHRUB_LRG_241_417,PSY_417,SHRUB_LRG_241
SHRUB_LRG_241_418,PSY_418,SHRUB_LRG_241
SHRUB_LRG_241_419,PSY_419,SHRUB_LRG_241
SHRUB_LRG_241_420,PSY_420,SHRUB_LRG_241
SHRUB_LRG_241_421,PSY_421,SHRUB_LRG_241
SHRUB_LRG_241_422,PSY_422,SHRUB_LRG_241
SHRUB_LRG_241_423,PSY_423,SHRUB_LRG_241
SHRUB_LRG_241_424,PSY_424,SHRUB_LRG_241
SHRUB_LRG_241_425,PSY_425,SHRUB_LRG_241
SHRUB_LRG_241_426,PSY_426,SHRUB_LRG_241
SHRUB_LRG_241_427,PSY_427,SHRUB_LRG_241
SHRUB_LRG_241_428,PSY_428,SHRUB_LRG_241
SHRUB_LRG_241_429,PSY_429,SHRUB_LRG_241
SHRUB_LRG_241_430,PSY_430,SHRUB_LRG_241
SHRUB_LRG_241_431,PSY_431,SHRUB_LRG_241
SHRUB_LRG_241_432,PSY_432,SHRUB_LRG_241
SHRUB_LRG_241_433,PSY_433,SHRUB_LRG_241
SHRUB_LRG_241_434,PSY_434,SHRUB_LRG_241
TREE_SIMP_021_025,LJ_025,TREE_SIMP_021
SHRUB_LRG_121_023,CHR_023,SHRUB_LRG_121
TREE_SIMP_024_014,CG_014,TREE_SIMP_024
SHRUB_LRG_121_024,CHR_024,SHRUB_LRG_121
TREE_SIMP_024_015,CG_015,TREE_SIMP_024
SHRUB_LRG_421_029,CES_029,SHRUB_LRG_421
SHRUB_LRG_421_030,CES_030,SHRUB_LRG_421
TREE_DCID_003_019,ED_019,TREE_DCID_003
TREE_SIMP_021_026,LJ_026,TREE_SIMP_021
SHRUB_LRG_241_435,PSY_435,SHRUB_LRG_241
SHRUB_LRG_241_436,PSY_436,SHRUB_LRG_241
SHRUB_LRG_241_437,PSY_437,SHRUB_LRG_241
SHRUB_LRG_241_438,PSY_438,SHRUB_LRG_241
SHRUB_LRG_003_206,HAM_206,SHRUB_LRG_003
SHRUB_LRG_003_207,HAM_207,SHRUB_LRG_003
SHRUB_LRG_003_208,HAM_208,SHRUB_LRG_003
SHRUB_LRG_003_209,HAM_209,SHRUB_LRG_003
SHRUB_LRG_003_210,HAM_210,SHRUB_LRG_003
SHRUB_LRG_241_439,PSY_439,SHRUB_LRG_241
SHRUB_LRG_003_211,HAM_211,SHRUB_LRG_003
SHRUB_LRG_003_212,HAM_212,SHRUB_LRG_003
SHRUB_LRG_003_213,HAM_213,SHRUB_LRG_003
SHRUB_LRG_003_214,HAM_214,SHRUB_LRG_003
SHRUB_LRG_003_215,HAM_215,SHRUB_LRG_003
SHRUB_LRG_003_216,HAM_216,SHRUB_LRG_003
SHRUB_LRG_003_217,HAM_217,SHRUB_LRG_003
SHRUB_LRG_003_218,HAM_218,SHRUB_LRG_003
SHRUB_LRG_003_219,HAM_219,SHRUB_LRG_003
SHRUB_LRG_003_220,HAM_220,SHRUB_LRG_003
SHRUB_LRG_241_440,PSY_440,SHRUB_LRG_241
SHRUB_LRG_241_441,PSY_441,SHRUB_LRG_241
SHRUB_LRG_241_442,PSY_442,SHRUB_LRG_241
SHRUB_LRG_241_443,PSY_443,SHRUB_LRG_241
SHRUB_LRG_241_444,PSY_444,SHRUB_LRG_241
SHRUB_LRG_241_445,PSY_445,SHRUB_LRG_241
SHRUB_LRG_241_446,PSY_446,SHRUB_LRG_241
SHRUB_LRG_241_447,PSY_447,SHRUB_LRG_241
SHRUB_LRG_241_448,PSY_448,SHRUB_LRG_241
SHRUB_LRG_241_449,PSY_449,SHRUB_LRG_241
SHRUB_LRG_241_450,PSY_450,SHRUB_LRG_241
SHRUB_LRG_241_451,PSY_451,SHRUB_LRG_241
SHRUB_LRG_241_452,PSY_452,SHRUB_LRG_241
SHRUB_LRG_241_453,PSY_453,SHRUB_LRG_241
SHRUB_LRG_241_454,PSY_454,SHRUB_LRG_241
SHRUB_LRG_241_455,PSY_455,SHRUB_LRG_241
SHRUB_LRG_241_456,PSY_456,SHRUB_LRG_241
SHRUB_LRG_241_457,PSY_457,SHRUB_LRG_241
SHRUB_LRG_241_458,PSY_458,SHRUB_LRG_241
SHRUB_LRG_241_459,PSY_459,SHRUB_LRG_241
SHRUB_LRG_241_460,PSY_460,SHRUB_LRG_241
SHRUB_LRG_241_461,PSY_461,SHRUB_LRG_241
SHRUB_LRG_241_462,PSY_462,SHRUB_LRG_241
SHRUB_LRG_241_463,PSY_463,SHRUB_LRG_241
SHRUB_LRG_241_464,PSY_464,SHRUB_LRG_241
SHRUB_LRG_241_465,PSY_465,SHRUB_LRG_241
SHRUB_LRG_241_466,PSY_466,SHRUB_LRG_241
SHRUB_LRG_241_467,PSY_467,SHRUB_LRG_241
SHRUB_LRG_241_468,PSY_468,SHRUB_LRG_241
SHRUB_LRG_241_469,PSY_469,SHRUB_LRG_241
SHRUB_LRG_241_470,PSY_470,SHRUB_LRG_241
SHRUB_LRG_241_471,PSY_471,SHRUB_LRG_241
SHRUB_LRG_241_472,PSY_472,SHRUB_LRG_241
SHRUB_LRG_241_473,PSY_473,SHRUB_LRG_241
SHRUB_LRG_241_474,PSY_474,SHRUB_LRG_241
SHRUB_LRG_241_475,PSY_475,SHRUB_LRG_241
SHRUB_LRG_241_476,PSY_476,SHRUB_LRG_241
SHRUB_LRG_241_477,PSY_477,SHRUB_LRG_241
SHRUB_LRG_241_478,PSY_478,SHRUB_LRG_241
SHRUB_LRG_241_479,PSY_479,SHRUB_LRG_241
SHRUB_LRG_241_480,PSY_480,SHRUB_LRG_241
SHRUB_LRG_241_481,PSY_481,SHRUB_LRG_241
SHRUB_LRG_241_482,PSY_482,SHRUB_LRG_241
SHRUB_LRG_241_483,PSY_483,SHRUB_LRG_241
SHRUB_LRG_020_001,POM_001,SHRUB_LRG_020
SHRUB_LRG_020_002,POM_002,SHRUB_LRG_020
SHRUB_LRG_020_003,POM_003,SHRUB_LRG_020
SHRUB_LRG_020_004,POM_004,SHRUB_LRG_020
SHRUB_LRG_020_005,POM_005,SHRUB_LRG_020
SHRUB_LRG_020_006,POM_006,SHRUB_LRG_020
SHRUB_LRG_020_007,POM_007,SHRUB_LRG_020
SHRUB_LRG_020_008,POM_008,SHRUB_LRG_020
SHRUB_LRG_020_009,POM_009,SHRUB_LRG_020
SHRUB_LRG_020_010,POM_010,SHRUB_LRG_020
SHRUB_LRG_020_011,POM_011,SHRUB_LRG_020
SHRUB_LRG_020_012,POM_012,SHRUB_LRG_020
SHRUB_LRG_020_013,POM_013,SHRUB_LRG_020
SHRUB_LRG_020_014,POM_014,SHRUB_LRG_020
SHRUB_LRG_020_015,POM_015,SHRUB_LRG_020
SHRUB_LRG_020_016,POM_016,SHRUB_LRG_020
SHRUB_LRG_020_017,POM_017,SHRUB_LRG_020
SHRUB_LRG_020_018,POM_018,SHRUB_LRG_020
SHRUB_LRG_020_019,POM_019,SHRUB_LRG_020
SHRUB_LRG_020_020,POM_020,SHRUB_LRG_020
SHRUB_LRG_020_021,POM_021,SHRUB_LRG_020
SHRUB_LRG_020_022,POM_022,SHRUB_LRG_020
SHRUB_LRG_020_023,POM_023,SHRUB_LRG_020
SHRUB_LRG_020_024,POM_024,SHRUB_LRG_020
SHRUB_LRG_020_025,POM_025,SHRUB_LRG_020
SHRUB_LRG_020_026,POM_026,SHRUB_LRG_020
SHRUB_LRG_020_027,POM_027,SHRUB_LRG_020
SHRUB_LRG_020_028,POM_028,SHRUB_LRG_020
SHRUB_LRG_020_029,POM_029,SHRUB_LRG_020
SHRUB_LRG_020_030,POM_030,SHRUB_LRG_020
SHRUB_LRG_020_031,POM_031,SHRUB_LRG_020
SHRUB_LRG_020_032,POM_032,SHRUB_LRG_020
SHRUB_LRG_020_033,POM_033,SHRUB_LRG_020
SHRUB_LRG_020_034,POM_034,SHRUB_LRG_020
SHRUB_LRG_020_035,POM_035,SHRUB_LRG_020
SHRUB_LRG_020_036,POM_036,SHRUB_LRG_020
SHRUB_LRG_020_037,POM_037,SHRUB_LRG_020
SHRUB_LRG_020_038,POM_038,SHRUB_LRG_020
SHRUB_LRG_020_039,POM_039,SHRUB_LRG_020
SHRUB_LRG_020_040,POM_040,SHRUB_LRG_020
SHRUB_LRG_020_041,POM_041,SHRUB_LRG_020
SHRUB_LRG_020_042,POM_042,SHRUB_LRG_020
SHRUB_LRG_020_043,POM_043,SHRUB_LRG_020
SHRUB_LRG_020_044,POM_044,SHRUB_LRG_020
SHRUB_LRG_020_045,POM_045,SHRUB_LRG_020
SHRUB_LRG_020_046,POM_046,SHRUB_LRG_020
SHRUB_LRG_020_047,POM_047,SHRUB_LRG_020
SHRUB_LRG_020_048,POM_048,SHRUB_LRG_020
SHRUB_LRG_020_049,POM_049,SHRUB_LRG_020
SHRUB_LRG_020_050,POM_050,SHRUB_LRG_020
SHRUB_LRG_020_051,POM_051,SHRUB_LRG_020
SHRUB_LRG_020_052,POM_052,SHRUB_LRG_020
SHRUB_LRG_020_053,POM_053,SHRUB_LRG_020
SHRUB_LRG_020_054,POM_054,SHRUB_LRG_020
SHRUB_LRG_020_055,POM_055,SHRUB_LRG_020
SHRUB_LRG_020_056,POM_056,SHRUB_LRG_020
SHRUB_LRG_020_057,POM_057,SHRUB_LRG_020
SHRUB_LRG_020_058,POM_058,SHRUB_LRG_020
SHRUB_LRG_020_059,POM_059,SHRUB_LRG_020
SHRUB_LRG_020_060,POM_060,SHRUB_LRG_020
SHRUB_LRG_020_061,POM_061,SHRUB_LRG_020
SHRUB_LRG_020_062,POM_062,SHRUB_LRG_020
SHRUB_LRG_020_063,POM_063,SHRUB_LRG_020
SHRUB_LRG_020_064,POM_064,SHRUB_LRG_020
SHRUB_LRG_020_065,POM_065,SHRUB_LRG_020
SHRUB_LRG_020_066,POM_066,SHRUB_LRG_020
SHRUB_LRG_020_067,POM_067,SHRUB_LRG_020
SHRUB_LRG_020_068,POM_068,SHRUB_LRG_020
SHRUB_LRG_020_069,POM_069,SHRUB_LRG_020
SHRUB_LRG_020_070,POM_070,SHRUB_LRG_020
SHRUB_LRG_020_071,POM_071,SHRUB_LRG_020
SHRUB_LRG_020_072,POM_072,SHRUB_LRG_020
SHRUB_LRG_020_073,POM_073,SHRUB_LRG_020
SHRUB_LRG_020_074,POM_074,SHRUB_LRG_020
SHRUB_LRG_020_075,POM_075,SHRUB_LRG_020
SHRUB_LRG_020_076,POM_076,SHRUB_LRG_020
SHRUB_LRG_020_077,POM_077,SHRUB_LRG_020
SHRUB_LRG_020_078,POM_078,SHRUB_LRG_020
SHRUB_LRG_020_079,POM_079,SHRUB_LRG_020
SHRUB_LRG_020_080,POM_080,SHRUB_LRG_020
SHRUB_LRG_020_081,POM_081,SHRUB_LRG_020
SHRUB_LRG_020_082,POM_082,SHRUB_LRG_020
SHRUB_LRG_020_083,POM_083,SHRUB_LRG_020
SHRUB_LRG_020_084,POM_084,SHRUB_LRG_020
SHRUB_LRG_020_085,POM_085,SHRUB_LRG_020
SHRUB_LRG_020_086,POM_086,SHRUB_LRG_020
SHRUB_LRG_020_087,POM_087,SHRUB_LRG_020
SHRUB_LRG_020_088,POM_088,SHRUB_LRG_020
SHRUB_LRG_020_089,POM_089,SHRUB_LRG_020
SHRUB_LRG_020_090,POM_090,SHRUB_LRG_020
SHRUB_LRG_020_091,POM_091,SHRUB_LRG_020
SHRUB_LRG_020_092,POM_092,SHRUB_LRG_020
SHRUB_LRG_020_093,POM_093,SHRUB_LRG_020
SHRUB_LRG_020_094,POM_094,SHRUB_LRG_020
SHRUB_LRG_020_095,POM_095,SHRUB_LRG_020
SHRUB_LRG_020_096,POM_096,SHRUB_LRG_020
SHRUB_LRG_020_097,POM_097,SHRUB_LRG_020
SHRUB_LRG_020_098,POM_098,SHRUB_LRG_020
SHRUB_LRG_020_099,POM_099,SHRUB_LRG_020
SHRUB_LRG_020_100,POM_100,SHRUB_LRG_020
SHRUB_LRG_020_101,POM_101,SHRUB_LRG_020
SHRUB_LRG_020_102,POM_102,SHRUB_LRG_020
SHRUB_LRG_020_103,POM_103,SHRUB_LRG_020
SHRUB_LRG_020_104,POM_104,SHRUB_LRG_020
SHRUB_LRG_020_105,POM_105,SHRUB_LRG_020
SHRUB_LRG_020_106,POM_106,SHRUB_LRG_020
SHRUB_LRG_020_107,POM_107,SHRUB_LRG_020
SHRUB_LRG_020_108,POM_108,SHRUB_LRG_020
SHRUB_LRG_020_109,POM_109,SHRUB_LRG_020
SHRUB_LRG_020_110,POM_110,SHRUB_LRG_020
SHRUB_LRG_020_111,POM_111,SHRUB_LRG_020
SHRUB_LRG_020_112,POM_112,SHRUB_LRG_020
SHRUB_LRG_020_113,POM_113,SHRUB_LRG_020
SHRUB_LRG_020_114,POM_114,SHRUB_LRG_020
SHRUB_LRG_020_115,POM_115,SHRUB_LRG_020
SHRUB_LRG_020_116,POM_116,SHRUB_LRG_020
SHRUB_LRG_020_117,POM_117,SHRUB_LRG_020
SHRUB_LRG_020_118,POM_118,SHRUB_LRG_020
SHRUB_LRG_020_119,POM_119,SHRUB_LRG_020
SHRUB_LRG_020_120,POM_120,SHRUB_LRG_020
SHRUB_LRG_020_121,POM_121,SHRUB_LRG_020
SHRUB_LRG_020_122,POM_122,SHRUB_LRG_020
SHRUB_LRG_020_123,POM_123,SHRUB_LRG_020
SHRUB_LRG_020_124,POM_124,SHRUB_LRG_020
SHRUB_LRG_020_125,POM_125,SHRUB_LRG_020
SHRUB_LRG_020_126,POM_126,SHRUB_LRG_020
SHRUB_LRG_020_127,POM_127,SHRUB_LRG_020
SHRUB_LRG_020_128,POM_128,SHRUB_LRG_020
SHRUB_LRG_020_129,POM_129,SHRUB_LRG_020
SHRUB_LRG_020_130,POM_130,SHRUB_LRG_020
SHRUB_LRG_020_131,POM_131,SHRUB_LRG_020
SHRUB_LRG_020_132,POM_132,SHRUB_LRG_020
SHRUB_LRG_020_133,POM_133,SHRUB_LRG_020
SHRUB_LRG_020_134,POM_134,SHRUB_LRG_020
SHRUB_LRG_020_135,POM_135,SHRUB_LRG_020
SHRUB_LRG_020_136,POM_136,SHRUB_LRG_020
SHRUB_LRG_020_137,POM_137,SHRUB_LRG_020
SHRUB_LRG_020_138,POM_138,SHRUB_LRG_020
SHRUB_LRG_020_139,POM_139,SHRUB_LRG_020
SHRUB_LRG_020_140,POM_140,SHRUB_LRG_020
SHRUB_LRG_020_141,POM_141,SHRUB_LRG_020
SHRUB_LRG_020_142,POM_142,SHRUB_LRG_020
SHRUB_LRG_020_143,POM_143,SHRUB_LRG_020
SHRUB_LRG_020_144,POM_144,SHRUB_LRG_020
SHRUB_LRG_020_145,POM_145,SHRUB_LRG_020
SHRUB_LRG_020_146,POM_146,SHRUB_LRG_020
SHRUB_LRG_020_147,POM_147,SHRUB_LRG_020
SHRUB_LRG_020_148,POM_148,SHRUB_LRG_020
SHRUB_LRG_020_149,POM_149,SHRUB_LRG_020
SHRUB_LRG_020_150,POM_150,SHRUB_LRG_020
SHRUB_LRG_020_151,POM_151,SHRUB_LRG_020
SHRUB_LRG_020_152,POM_152,SHRUB_LRG_020
SHRUB_LRG_020_153,POM_153,SHRUB_LRG_020
SHRUB_LRG_020_154,POM_154,SHRUB_LRG_020
SHRUB_LRG_020_155,POM_155,SHRUB_LRG_020
SHRUB_LRG_020_156,POM_156,SHRUB_LRG_020
SHRUB_LRG_020_157,POM_157,SHRUB_LRG_020
SHRUB_LRG_020_158,POM_158,SHRUB_LRG_020
SHRUB_LRG_020_159,POM_159,SHRUB_LRG_020
SHRUB_LRG_020_160,POM_160,SHRUB_LRG_020
SHRUB_LRG_020_161,POM_161,SHRUB_LRG_020
SHRUB_LRG_020_162,POM_162,SHRUB_LRG_020
SHRUB_LRG_020_163,POM_163,SHRUB_LRG_020
SHRUB_LRG_020_164,POM_164,SHRUB_LRG_020
SHRUB_LRG_020_165,POM_165,SHRUB_LRG_020
SHRUB_LRG_020_166,POM_166,SHRUB_LRG_020
SHRUB_LRG_020_167,POM_167,SHRUB_LRG_020
SHRUB_LRG_020_168,POM_168,SHRUB_LRG_020
SHRUB_LRG_020_169,POM_169,SHRUB_LRG_020
SHRUB_LRG_020_170,POM_170,SHRUB_LRG_020
SHRUB_LRG_020_171,POM_171,SHRUB_LRG_020
SHRUB_LRG_020_172,POM_172,SHRUB_LRG_020
SHRUB_LRG_020_173,POM_173,SHRUB_LRG_020
SHRUB_LRG_020_174,POM_174,SHRUB_LRG_020
SHRUB_LRG_020_175,POM_175,SHRUB_LRG_020
SHRUB_LRG_020_176,POM_176,SHRUB_LRG_020
SHRUB_LRG_020_177,POM_177,SHRUB_LRG_020
SHRUB_LRG_020_178,POM_178,SHRUB_LRG_020
SHRUB_LRG_020_179,POM_179,SHRUB_LRG_020
SHRUB_LRG_020_180,POM_180,SHRUB_LRG_020
SHRUB_LRG_020_181,POM_181,SHRUB_LRG_020
SHRUB_LRG_020_182,POM_182,SHRUB_LRG_020
SHRUB_LRG_020_183,POM_183,SHRUB_LRG_020
SHRUB_LRG_020_184,POM_184,SHRUB_LRG_020
SHRUB_LRG_020_185,POM_185,SHRUB_LRG_020
SHRUB_LRG_020_186,POM_186,SHRUB_LRG_020
SHRUB_LRG_020_187,POM_187,SHRUB_LRG_020
SHRUB_LRG_020_188,POM_188,SHRUB_LRG_020
SHRUB_LRG_020_189,POM_189,SHRUB_LRG_020
SHRUB_LRG_020_190,POM_190,SHRUB_LRG_020
SHRUB_LRG_020_191,POM_191,SHRUB_LRG_020
SHRUB_LRG_020_192,POM_192,SHRUB_LRG_020
SHRUB_LRG_020_193,POM_193,SHRUB_LRG_020
SHRUB_LRG_020_194,POM_194,SHRUB_LRG_020
SHRUB_LRG_020_195,POM_195,SHRUB_LRG_020
SHRUB_LRG_020_196,POM_196,SHRUB_LRG_020
SHRUB_LRG_020_197,POM_197,SHRUB_LRG_020
SHRUB_LRG_020_198,POM_198,SHRUB_LRG_020
SHRUB_LRG_020_199,POM_199,SHRUB_LRG_020
SHRUB_LRG_020_200,POM_200,SHRUB_LRG_020
SHRUB_LRG_020_201,POM_201,SHRUB_LRG_020
SHRUB_LRG_020_202,POM_202,SHRUB_LRG_020
SHRUB_LRG_020_203,POM_203,SHRUB_LRG_020
SHRUB_LRG_020_204,POM_204,SHRUB_LRG_020
SHRUB_LRG_020_205,POM_205,SHRUB_LRG_020
SHRUB_LRG_020_206,POM_206,SHRUB_LRG_020
SHRUB_LRG_020_207,POM_207,SHRUB_LRG_020
SHRUB_LRG_020_208,POM_208,SHRUB_LRG_020
SHRUB_LRG_020_209,POM_209,SHRUB_LRG_020
SHRUB_LRG_020_210,POM_210,SHRUB_LRG_020
SHRUB_LRG_020_211,POM_211,SHRUB_LRG_020
SHRUB_LRG_020_212,POM_212,SHRUB_LRG_020
SHRUB_LRG_020_213,POM_213,SHRUB_LRG_020
SHRUB_LRG_020_214,POM_214,SHRUB_LRG_020
SHRUB_LRG_020_215,POM_215,SHRUB_LRG_020
SHRUB_LRG_020_216,POM_216,SHRUB_LRG_020
SHRUB_LRG_020_217,POM_217,SHRUB_LRG_020
SHRUB_LRG_020_218,POM_218,SHRUB_LRG_020
SHRUB_LRG_020_219,POM_219,SHRUB_LRG_020
SHRUB_LRG_020_220,POM_220,SHRUB_LRG_020
SHRUB_LRG_020_221,POM_221,SHRUB_LRG_020
SHRUB_LRG_020_222,POM_222,SHRUB_LRG_020
SHRUB_LRG_020_223,POM_223,SHRUB_LRG_020
SHRUB_LRG_020_224,POM_224,SHRUB_LRG_020
SHRUB_LRG_020_225,POM_225,SHRUB_LRG_020
SHRUB_LRG_020_226,POM_226,SHRUB_LRG_020
SHRUB_LRG_020_227,POM_227,SHRUB_LRG_020
SHRUB_LRG_020_228,POM_228,SHRUB_LRG_020
SHRUB_LRG_020_229,POM_229,SHRUB_LRG_020
SHRUB_LRG_020_230,POM_230,SHRUB_LRG_020
SHRUB_LRG_020_231,POM_231,SHRUB_LRG_020
SHRUB_LRG_020_232,POM_232,SHRUB_LRG_020
SHRUB_LRG_020_233,POM_233,SHRUB_LRG_020
SHRUB_LRG_020_234,POM_234,SHRUB_LRG_020
SHRUB_LRG_020_235,POM_235,SHRUB_LRG_020
SHRUB_LRG_020_236,POM_236,SHRUB_LRG_020
SHRUB_LRG_020_237,POM_237,SHRUB_LRG_020
SHRUB_LRG_020_238,POM_238,SHRUB_LRG_020
SHRUB_LRG_020_239,POM_239,SHRUB_LRG_020
SHRUB_LRG_020_240,POM_240,SHRUB_LRG_020
SHRUB_LRG_020_241,POM_241,SHRUB_LRG_020
SHRUB_LRG_020_242,POM_242,SHRUB_LRG_020
SHRUB_LRG_020_243,POM_243,SHRUB_LRG_020
SHRUB_LRG_020_244,POM_244,SHRUB_LRG_020
SHRUB_LRG_020_245,POM_245,SHRUB_LRG_020
SHRUB_LRG_020_246,POM_246,SHRUB_LRG_020
SHRUB_LRG_020_247,POM_247,SHRUB_LRG_020
SHRUB_LRG_020_248,POM_248,SHRUB_LRG_020
SHRUB_LRG_020_249,POM_249,SHRUB_LRG_020
SHRUB_LRG_020_250,POM_250,SHRUB_LRG_020
SHRUB_LRG_020_251,POM_251,SHRUB_LRG_020
SHRUB_LRG_020_252,POM_252,SHRUB_LRG_020
SHRUB_LRG_020_253,POM_253,SHRUB_LRG_020
SHRUB_LRG_020_254,POM_254,SHRUB_LRG_020
SHRUB_LRG_020_255,POM_255,SHRUB_LRG_020
SHRUB_LRG_020_256,POM_256,SHRUB_LRG_020
SHRUB_LRG_020_257,POM_257,SHRUB_LRG_020
SHRUB_LRG_020_258,POM_258,SHRUB_LRG_020
SHRUB_LRG_020_259,POM_259,SHRUB_LRG_020
SHRUB_LRG_020_260,POM_260,SHRUB_LRG_020
SHRUB_LRG_020_261,POM_261,SHRUB_LRG_020
SHRUB_LRG_020_262,POM_262,SHRUB_LRG_020
SHRUB_LRG_020_263,POM_263,SHRUB_LRG_020
SHRUB_LRG_020_264,POM_264,SHRUB_LRG_020
SHRUB_LRG_020_265,POM_265,SHRUB_LRG_020
SHRUB_LRG_020_266,POM_266,SHRUB_LRG_020
SHRUB_LRG_020_267,POM_267,SHRUB_LRG_020
SHRUB_LRG_020_268,POM_268,SHRUB_LRG_020
SHRUB_LRG_020_269,POM_269,SHRUB_LRG_020
SHRUB_LRG_020_270,POM_270,SHRUB_LRG_020
SHRUB_LRG_020_271,POM_271,SHRUB_LRG_020
SHRUB_LRG_020_272,POM_272,SHRUB_LRG_020
SHRUB_LRG_020_273,POM_273,SHRUB_LRG_020
SHRUB_LRG_020_274,POM_274,SHRUB_LRG_020
SHRUB_LRG_020_275,POM_275,SHRUB_LRG_020
SHRUB_LRG_020_276,POM_276,SHRUB_LRG_020
SHRUB_LRG_020_277,POM_277,SHRUB_LRG_020
SHRUB_LRG_020_278,POM_278,SHRUB_LRG_020
SHRUB_LRG_020_279,POM_279,SHRUB_LRG_020
SHRUB_LRG_020_280,POM_280,SHRUB_LRG_020
SHRUB_LRG_020_281,POM_281,SHRUB_LRG_020
SHRUB_LRG_020_282,POM_282,SHRUB_LRG_020
SHRUB_LRG_020_283,POM_283,SHRUB_LRG_020
SHRUB_LRG_020_284,POM_284,SHRUB_LRG_020
SHRUB_LRG_020_285,POM_285,SHRUB_LRG_020
SHRUB_LRG_020_286,POM_286,SHRUB_LRG_020
SHRUB_LRG_020_287,POM_287,SHRUB_LRG_020
SHRUB_LRG_020_288,POM_288,SHRUB_LRG_020
SHRUB_LRG_020_289,POM_289,SHRUB_LRG_020
SHRUB_LRG_020_290,POM_290,SHRUB_LRG_020
SHRUB_LRG_020_291,POM_291,SHRUB_LRG_020
SHRUB_LRG_020_292,POM_292,SHRUB_LRG_020
SHRUB_LRG_020_293,POM_293,SHRUB_LRG_020
SHRUB_LRG_020_294,POM_294,SHRUB_LRG_020
SHRUB_LRG_020_295,POM_295,SHRUB_LRG_020
SHRUB_LRG_020_296,POM_296,SHRUB_LRG_020
SHRUB_LRG_020_297,POM_297,SHRUB_LRG_020
SHRUB_LRG_020_298,POM_298,SHRUB_LRG_020
SHRUB_LRG_020_299,POM_299,SHRUB_LRG_020
SHRUB_LRG_020_300,POM_300,SHRUB_LRG_020
SHRUB_LRG_020_301,POM_301,SHRUB_LRG_020
SHRUB_LRG_020_302,POM_302,SHRUB_LRG_020
SHRUB_LRG_020_303,POM_303,SHRUB_LRG_020
SHRUB_LRG_020_304,POM_304,SHRUB_LRG_020
SHRUB_LRG_020_305,POM_305,SHRUB_LRG_020
SHRUB_LRG_020_306,POM_306,SHRUB_LRG_020
SHRUB_LRG_020_307,POM_307,SHRUB_LRG_020
SHRUB_LRG_020_308,POM_308,SHRUB_LRG_020
SHRUB_LRG_020_309,POM_309,SHRUB_LRG_020
SHRUB_LRG_020_310,POM_310,SHRUB_LRG_020
SHRUB_LRG_020_311,POM_311,SHRUB_LRG_020
SHRUB_LRG_020_312,POM_312,SHRUB_LRG_020
SHRUB_LRG_020_313,POM_313,SHRUB_LRG_020
SHRUB_LRG_020_314,POM_314,SHRUB_LRG_020
SHRUB_LRG_020_315,POM_315,SHRUB_LRG_020
SHRUB_LRG_020_316,POM_316,SHRUB_LRG_020
SHRUB_LRG_020_317,POM_317,SHRUB_LRG_020
SHRUB_LRG_020_318,POM_318,SHRUB_LRG_020
SHRUB_LRG_020_319,POM_319,SHRUB_LRG_020
SHRUB_LRG_020_320,POM_320,SHRUB_LRG_020
SHRUB_LRG_020_321,POM_321,SHRUB_LRG_020
SHRUB_LRG_020_322,POM_322,SHRUB_LRG_020
SHRUB_LRG_020_323,POM_323,SHRUB_LRG_020
SHRUB_LRG_020_324,POM_324,SHRUB_LRG_020
SHRUB_LRG_020_325,POM_325,SHRUB_LRG_020
SHRUB_LRG_020_326,POM_326,SHRUB_LRG_020
SHRUB_LRG_020_327,POM_327,SHRUB_LRG_020
SHRUB_LRG_020_328,POM_328,SHRUB_LRG_020
SHRUB_LRG_020_329,POM_329,SHRUB_LRG_020
SHRUB_LRG_020_330,POM_330,SHRUB_LRG_020
SHRUB_LRG_020_331,POM_331,SHRUB_LRG_020
SHRUB_LRG_020_332,POM_332,SHRUB_LRG_020
SHRUB_LRG_020_333,POM_333,SHRUB_LRG_020
SHRUB_LRG_020_334,POM_334,SHRUB_LRG_020
SHRUB_LRG_020_335,POM_335,SHRUB_LRG_020
SHRUB_LRG_020_336,POM_336,SHRUB_LRG_020
SHRUB_LRG_020_337,POM_337,SHRUB_LRG_020
SHRUB_LRG_020_338,POM_338,SHRUB_LRG_020
SHRUB_LRG_020_339,POM_339,SHRUB_LRG_020
SHRUB_LRG_020_340,POM_340,SHRUB_LRG_020
SHRUB_LRG_020_341,POM_341,SHRUB_LRG_020
SHRUB_LRG_020_342,POM_342,SHRUB_LRG_020
SHRUB_LRG_020_343,POM_343,SHRUB_LRG_020
SHRUB_LRG_020_344,POM_344,SHRUB_LRG_020
SHRUB_LRG_020_345,POM_345,SHRUB_LRG_020
SHRUB_LRG_020_346,POM_346,SHRUB_LRG_020
SHRUB_LRG_020_347,POM_347,SHRUB_LRG_020
SHRUB_LRG_020_348,POM_348,SHRUB_LRG_020
SHRUB_LRG_020_349,POM_349,SHRUB_LRG_020
SHRUB_LRG_020_350,POM_350,SHRUB_LRG_020
SHRUB_LRG_020_351,POM_351,SHRUB_LRG_020
SHRUB_LRG_020_352,POM_352,SHRUB_LRG_020
SHRUB_LRG_020_353,POM_353,SHRUB_LRG_020
SHRUB_LRG_020_354,POM_354,SHRUB_LRG_020
SHRUB_LRG_020_355,POM_355,SHRUB_LRG_020
SHRUB_LRG_020_356,POM_356,SHRUB_LRG_020
SHRUB_LRG_020_357,POM_357,SHRUB_LRG_020
SHRUB_LRG_020_358,POM_358,SHRUB_LRG_020
SHRUB_LRG_020_359,POM_359,SHRUB_LRG_020
SHRUB_LRG_020_360,POM_360,SHRUB_LRG_020
SHRUB_LRG_020_361,POM_361,SHRUB_LRG_020
SHRUB_LRG_020_362,POM_362,SHRUB_LRG_020
SHRUB_LRG_020_363,POM_363,SHRUB_LRG_020
SHRUB_LRG_020_364,POM_364,SHRUB_LRG_020
SHRUB_LRG_020_365,POM_365,SHRUB_LRG_020
SHRUB_LRG_020_366,POM_366,SHRUB_LRG_020
SHRUB_LRG_020_367,POM_367,SHRUB_LRG_020
SHRUB_LRG_020_368,POM_368,SHRUB_LRG_020
SHRUB_LRG_020_369,POM_369,SHRUB_LRG_020
SHRUB_LRG_020_370,POM_370,SHRUB_LRG_020
SHRUB_LRG_020_371,POM_371,SHRUB_LRG_020
SHRUB_LRG_020_372,POM_372,SHRUB_LRG_020
SHRUB_LRG_020_373,POM_373,SHRUB_LRG_020
SHRUB_LRG_020_374,POM_374,SHRUB_LRG_020
SHRUB_LRG_020_375,POM_375,SHRUB_LRG_020
SHRUB_LRG_020_376,POM_376,SHRUB_LRG_020
SHRUB_LRG_020_377,POM_377,SHRUB_LRG_020
SHRUB_LRG_020_378,POM_378,SHRUB_LRG_020
SHRUB_LRG_020_379,POM_379,SHRUB_LRG_020
SHRUB_LRG_020_380,POM_380,SHRUB_LRG_020
SHRUB_LRG_020_381,POM_381,SHRUB_LRG_020
SHRUB_LRG_020_382,POM_382,SHRUB_LRG_020
SHRUB_LRG_020_383,POM_383,SHRUB_LRG_020
SHRUB_LRG_020_384,POM_384,SHRUB_LRG_020
SHRUB_LRG_020_385,POM_385,SHRUB_LRG_020
SHRUB_LRG_020_386,POM_386,SHRUB_LRG_020
SHRUB_LRG_020_387,POM_387,SHRUB_LRG_020
SHRUB_LRG_020_388,POM_388,SHRUB_LRG_020
SHRUB_LRG_020_389,POM_389,SHRUB_LRG_020
SHRUB_LRG_020_390,POM_390,SHRUB_LRG_020
SHRUB_LRG_020_391,POM_391,SHRUB_LRG_020
SHRUB_LRG_020_392,POM_392,SHRUB_LRG_020
SHRUB_LRG_020_393,POM_393,SHRUB_LRG_020
SHRUB_LRG_020_394,POM_394,SHRUB_LRG_020
SHRUB_LRG_020_395,POM_395,SHRUB_LRG_020
SHRUB_LRG_020_396,POM_396,SHRUB_LRG_020
SHRUB_LRG_020_397,POM_397,SHRUB_LRG_020
SHRUB_LRG_020_398,POM_398,SHRUB_LRG_020
SHRUB_LRG_020_399,POM_399,SHRUB_LRG_020
SHRUB_LRG_020_400,POM_400,SHRUB_LRG_020
SHRUB_LRG_020_401,POM_401,SHRUB_LRG_020
SHRUB_LRG_020_402,POM_402,SHRUB_LRG_020
SHRUB_LRG_020_403,POM_403,SHRUB_LRG_020
SHRUB_LRG_020_404,POM_404,SHRUB_LRG_020
SHRUB_LRG_020_405,POM_405,SHRUB_LRG_020
SHRUB_LRG_020_406,POM_406,SHRUB_LRG_020
SHRUB_LRG_020_407,POM_407,SHRUB_LRG_020
SHRUB_LRG_020_408,POM_408,SHRUB_LRG_020
SHRUB_LRG_020_409,POM_409,SHRUB_LRG_020
SHRUB_LRG_020_410,POM_410,SHRUB_LRG_020
SHRUB_LRG_020_411,POM_411,SHRUB_LRG_020
SHRUB_LRG_020_412,POM_412,SHRUB_LRG_020
SHRUB_LRG_020_413,POM_413,SHRUB_LRG_020
SHRUB_LRG_020_414,POM_414,SHRUB_LRG_020
SHRUB_LRG_020_415,POM_415,SHRUB_LRG_020
SHRUB_LRG_020_416,POM_416,SHRUB_LRG_020
SHRUB_LRG_020_417,POM_417,SHRUB_LRG_020
SHRUB_LRG_020_418,POM_418,SHRUB_LRG_020
SHRUB_LRG_020_419,POM_419,SHRUB_LRG_020
SHRUB_LRG_020_420,POM_420,SHRUB_LRG_020
SHRUB_LRG_020_421,POM_421,SHRUB_LRG_020
SHRUB_LRG_020_422,POM_422,SHRUB_LRG_020
SHRUB_LRG_020_423,POM_423,SHRUB_LRG_020
SHRUB_LRG_020_424,POM_424,SHRUB_LRG_020
SHRUB_LRG_020_425,POM_425,SHRUB_LRG_020
SHRUB_LRG_020_426,POM_426,SHRUB_LRG_020
SHRUB_LRG_020_427,POM_427,SHRUB_LRG_020
SHRUB_LRG_020_428,POM_428,SHRUB_LRG_020
SHRUB_LRG_020_429,POM_429,SHRUB_LRG_020
SHRUB_LRG_020_430,POM_430,SHRUB_LRG_020
SHRUB_LRG_020_431,POM_431,SHRUB_LRG_020
SHRUB_LRG_020_432,POM_432,SHRUB_LRG_020
SHRUB_LRG_020_433,POM_433,SHRUB_LRG_020
SHRUB_LRG_020_434,POM_434,SHRUB_LRG_020
SHRUB_LRG_020_435,POM_435,SHRUB_LRG_020
SHRUB_LRG_020_436,POM_436,SHRUB_LRG_020
SHRUB_LRG_020_437,POM_437,SHRUB_LRG_020
SHRUB_LRG_020_438,POM_438,SHRUB_LRG_020
SHRUB_LRG_020_439,POM_439,SHRUB_LRG_020
SHRUB_LRG_020_440,POM_440,SHRUB_LRG_020
SHRUB_LRG_020_441,POM_441,SHRUB_LRG_020
SHRUB_LRG_020_442,POM_442,SHRUB_LRG_020
SHRUB_LRG_020_443,POM_443,SHRUB_LRG_020
SHRUB_LRG_020_444,POM_444,SHRUB_LRG_020
SHRUB_LRG_020_445,POM_445,SHRUB_LRG_020
SHRUB_LRG_020_446,POM_446,SHRUB_LRG_020
SHRUB_LRG_020_447,POM_447,SHRUB_LRG_020
SHRUB_LRG_020_448,POM_448,SHRUB_LRG_020
SHRUB_LRG_020_449,POM_449,SHRUB_LRG_020
SHRUB_LRG_020_450,POM_450,SHRUB_LRG_020
SHRUB_LRG_020_451,POM_451,SHRUB_LRG_020
SHRUB_LRG_020_452,POM_452,SHRUB_LRG_020
SHRUB_LRG_020_453,POM_453,SHRUB_LRG_020
SHRUB_LRG_020_454,POM_454,SHRUB_LRG_020
SHRUB_LRG_020_455,POM_455,SHRUB_LRG_020
SHRUB_LRG_020_456,POM_456,SHRUB_LRG_020
SHRUB_LRG_020_457,POM_457,SHRUB_LRG_020
SHRUB_LRG_020_458,POM_458,SHRUB_LRG_020
SHRUB_LRG_020_459,POM_459,SHRUB_LRG_020
SHRUB_LRG_020_460,POM_460,SHRUB_LRG_020
SHRUB_LRG_020_461,POM_461,SHRUB_LRG_020
SHRUB_LRG_020_462,POM_462,SHRUB_LRG_020
SHRUB_LRG_020_463,POM_463,SHRUB_LRG_020
SHRUB_LRG_020_464,POM_464,SHRUB_LRG_020
SHRUB_LRG_020_465,POM_465,SHRUB_LRG_020
SHRUB_LRG_020_466,POM_466,SHRUB_LRG_020
SHRUB_LRG_020_467,POM_467,SHRUB_LRG_020
SHRUB_LRG_020_468,POM_468,SHRUB_LRG_020
SHRUB_LRG_020_469,POM_469,SHRUB_LRG_020
SHRUB_LRG_020_470,POM_470,SHRUB_LRG_020
SHRUB_LRG_020_471,POM_471,SHRUB_LRG_020
SHRUB_LRG_020_472,POM_472,SHRUB_LRG_020
SHRUB_LRG_020_473,POM_473,SHRUB_LRG_020
SHRUB_LRG_020_474,POM_474,SHRUB_LRG_020
SHRUB_LRG_020_475,POM_475,SHRUB_LRG_020
SHRUB_LRG_020_476,POM_476,SHRUB_LRG_020
SHRUB_LRG_020_477,POM_477,SHRUB_LRG_020
SHRUB_LRG_020_478,POM_478,SHRUB_LRG_020
SHRUB_LRG_020_479,POM_479,SHRUB_LRG_020
SHRUB_LRG_020_480,POM_480,SHRUB_LRG_020
SHRUB_LRG_020_481,POM_481,SHRUB_LRG_020
SHRUB_LRG_020_482,POM_482,SHRUB_LRG_020
SHRUB_LRG_020_483,POM_483,SHRUB_LRG_020
SHRUB_LRG_020_484,POM_484,SHRUB_LRG_020
SHRUB_LRG_020_485,POM_485,SHRUB_LRG_020
SHRUB_LRG_020_486,POM_486,SHRUB_LRG_020
SHRUB_LRG_020_487,POM_487,SHRUB_LRG_020
SHRUB_LRG_020_488,POM_488,SHRUB_LRG_020
SHRUB_LRG_020_489,POM_489,SHRUB_LRG_020
SHRUB_LRG_020_490,POM_490,SHRUB_LRG_020
SHRUB_LRG_020_491,POM_491,SHRUB_LRG_020
SHRUB_LRG_020_492,POM_492,SHRUB_LRG_020
SHRUB_LRG_020_493,POM_493,SHRUB_LRG_020
SHRUB_LRG_020_494,POM_494,SHRUB_LRG_020
SHRUB_LRG_020_495,POM_495,SHRUB_LRG_020
SHRUB_LRG_020_496,POM_496,SHRUB_LRG_020
SHRUB_LRG_020_497,POM_497,SHRUB_LRG_020
SHRUB_LRG_020_498,POM_498,SHRUB_LRG_020
SHRUB_LRG_020_499,POM_499,SHRUB_LRG_020
SHRUB_LRG_020_500,POM_500,SHRUB_LRG_020
SHRUB_LRG_020_501,POM_501,SHRUB_LRG_020
SHRUB_LRG_020_502,POM_502,SHRUB_LRG_020
SHRUB_LRG_020_503,POM_503,SHRUB_LRG_020
SHRUB_LRG_020_504,POM_504,SHRUB_LRG_020
SHRUB_LRG_020_505,POM_505,SHRUB_LRG_020
SHRUB_LRG_020_506,POM_506,SHRUB_LRG_020
SHRUB_LRG_020_507,POM_507,SHRUB_LRG_020
SHRUB_LRG_020_508,POM_508,SHRUB_LRG_020
SHRUB_LRG_020_509,POM_509,SHRUB_LRG_020
SHRUB_LRG_020_510,POM_510,SHRUB_LRG_020
SHRUB_LRG_020_511,POM_511,SHRUB_LRG_020
SHRUB_LRG_020_512,POM_512,SHRUB_LRG_020
SHRUB_LRG_020_513,POM_513,SHRUB_LRG_020
SHRUB_LRG_020_514,POM_514,SHRUB_LRG_020
SHRUB_LRG_020_515,POM_515,SHRUB_LRG_020
SHRUB_LRG_020_516,POM_516,SHRUB_LRG_020
SHRUB_LRG_020_517,POM_517,SHRUB_LRG_020
SHRUB_LRG_020_518,POM_518,SHRUB_LRG_020
SHRUB_LRG_020_519,POM_519,SHRUB_LRG_020
SHRUB_LRG_020_520,POM_520,SHRUB_LRG_020
SHRUB_LRG_020_521,POM_521,SHRUB_LRG_020
SHRUB_LRG_020_522,POM_522,SHRUB_LRG_020
SHRUB_LRG_020_523,POM_523,SHRUB_LRG_020
SHRUB_LRG_020_524,POM_524,SHRUB_LRG_020
SHRUB_LRG_020_525,POM_525,SHRUB_LRG_020
SHRUB_LRG_020_526,POM_526,SHRUB_LRG_020
SHRUB_LRG_020_527,POM_527,SHRUB_LRG_020
SHRUB_LRG_020_528,POM_528,SHRUB_LRG_020
SHRUB_LRG_020_529,POM_529,SHRUB_LRG_020
SHRUB_LRG_020_530,POM_530,SHRUB_LRG_020
SHRUB_LRG_020_531,POM_531,SHRUB_LRG_020
SHRUB_LRG_020_532,POM_532,SHRUB_LRG_020
SHRUB_LRG_020_533,POM_533,SHRUB_LRG_020
SHRUB_LRG_020_534,POM_534,SHRUB_LRG_020
SHRUB_LRG_020_535,POM_535,SHRUB_LRG_020
SHRUB_LRG_020_536,POM_536,SHRUB_LRG_020
SHRUB_LRG_020_537,POM_537,SHRUB_LRG_020
SHRUB_LRG_020_538,POM_538,SHRUB_LRG_020
SHRUB_LRG_020_539,POM_539,SHRUB_LRG_020
SHRUB_LRG_020_540,POM_540,SHRUB_LRG_020
SHRUB_LRG_020_541,POM_541,SHRUB_LRG_020
SHRUB_LRG_020_542,POM_542,SHRUB_LRG_020
SHRUB_LRG_020_543,POM_543,SHRUB_LRG_020
SHRUB_LRG_020_544,POM_544,SHRUB_LRG_020
SHRUB_LRG_020_545,POM_545,SHRUB_LRG_020
SHRUB_LRG_020_546,POM_546,SHRUB_LRG_020
SHRUB_LRG_020_547,POM_547,SHRUB_LRG_020
SHRUB_LRG_020_548,POM_548,SHRUB_LRG_020
SHRUB_LRG_020_549,POM_549,SHRUB_LRG_020
SHRUB_LRG_020_550,POM_550,SHRUB_LRG_020
SHRUB_LRG_020_551,POM_551,SHRUB_LRG_020
SHRUB_LRG_020_552,POM_552,SHRUB_LRG_020
SHRUB_LRG_020_553,POM_553,SHRUB_LRG_020
SHRUB_LRG_020_554,POM_554,SHRUB_LRG_020
SHRUB_LRG_020_555,POM_555,SHRUB_LRG_020
SHRUB_LRG_020_556,POM_556,SHRUB_LRG_020
SHRUB_LRG_020_557,POM_557,SHRUB_LRG_020
SHRUB_LRG_020_558,POM_558,SHRUB_LRG_020
SHRUB_LRG_020_559,POM_559,SHRUB_LRG_020
SHRUB_LRG_020_560,POM_560,SHRUB_LRG_020
SHRUB_LRG_020_561,POM_561,SHRUB_LRG_020
SHRUB_LRG_020_562,POM_562,SHRUB_LRG_020
SHRUB_LRG_020_563,POM_563,SHRUB_LRG_020
SHRUB_LRG_020_564,POM_564,SHRUB_LRG_020
SHRUB_LRG_020_565,POM_565,SHRUB_LRG_020
SHRUB_LRG_020_566,POM_566,SHRUB_LRG_020
SHRUB_LRG_020_567,POM_567,SHRUB_LRG_020
SHRUB_LRG_020_568,POM_568,SHRUB_LRG_020
SHRUB_LRG_020_569,POM_569,SHRUB_LRG_020
SHRUB_LRG_020_570,POM_570,SHRUB_LRG_020
SHRUB_LRG_020_571,POM_571,SHRUB_LRG_020
SHRUB_LRG_020_572,POM_572,SHRUB_LRG_020
SHRUB_LRG_020_573,POM_573,SHRUB_LRG_020
SHRUB_LRG_020_574,POM_574,SHRUB_LRG_020
SHRUB_LRG_020_575,POM_575,SHRUB_LRG_020
SHRUB_LRG_020_576,POM_576,SHRUB_LRG_020
SHRUB_LRG_020_577,POM_577,SHRUB_LRG_020
SHRUB_LRG_020_578,POM_578,SHRUB_LRG_020
SHRUB_LRG_020_579,POM_579,SHRUB_LRG_020
SHRUB_LRG_020_580,POM_580,SHRUB_LRG_020
SHRUB_LRG_020_581,POM_581,SHRUB_LRG_020
SHRUB_LRG_020_582,POM_582,SHRUB_LRG_020
SHRUB_LRG_020_583,POM_583,SHRUB_LRG_020
SHRUB_LRG_020_584,POM_584,SHRUB_LRG_020
SHRUB_LRG_020_585,POM_585,SHRUB_LRG_020
SHRUB_LRG_020_586,POM_586,SHRUB_LRG_020
SHRUB_LRG_020_587,POM_587,SHRUB_LRG_020
SHRUB_LRG_020_588,POM_588,SHRUB_LRG_020
SHRUB_LRG_020_589,POM_589,SHRUB_LRG_020
SHRUB_LRG_020_590,POM_590,SHRUB_LRG_020
SHRUB_LRG_020_591,POM_591,SHRUB_LRG_020
SHRUB_LRG_020_592,POM_592,SHRUB_LRG_020
SHRUB_LRG_020_593,POM_593,SHRUB_LRG_020
SHRUB_LRG_020_594,POM_594,SHRUB_LRG_020
SHRUB_LRG_020_595,POM_595,SHRUB_LRG_020
SHRUB_LRG_020_596,POM_596,SHRUB_LRG_020
SHRUB_LRG_020_597,POM_597,SHRUB_LRG_020
SHRUB_LRG_020_598,POM_598,SHRUB_LRG_020
SHRUB_LRG_020_599,POM_599,SHRUB_LRG_020
SHRUB_LRG_020_600,POM_600,SHRUB_LRG_020
SHRUB_LRG_020_601,POM_601,SHRUB_LRG_020
SHRUB_LRG_020_602,POM_602,SHRUB_LRG_020
SHRUB_LRG_020_603,POM_603,SHRUB_LRG_020
SHRUB_LRG_020_604,POM_604,SHRUB_LRG_020
SHRUB_LRG_020_605,POM_605,SHRUB_LRG_020
SHRUB_LRG_020_606,POM_606,SHRUB_LRG_020
SHRUB_LRG_020_607,POM_607,SHRUB_LRG_020
SHRUB_LRG_020_608,POM_608,SHRUB_LRG_020
SHRUB_LRG_020_609,POM_609,SHRUB_LRG_020
SHRUB_LRG_020_610,POM_610,SHRUB_LRG_020
SHRUB_LRG_020_611,POM_611,SHRUB_LRG_020
SHRUB_LRG_020_612,POM_612,SHRUB_LRG_020
SHRUB_LRG_020_613,POM_613,SHRUB_LRG_020
SHRUB_LRG_020_614,POM_614,SHRUB_LRG_020
SHRUB_LRG_020_615,POM_615,SHRUB_LRG_020
SHRUB_LRG_020_616,POM_616,SHRUB_LRG_020
SHRUB_LRG_020_617,POM_617,SHRUB_LRG_020
SHRUB_LRG_020_618,POM_618,SHRUB_LRG_020
SHRUB_LRG_020_619,POM_619,SHRUB_LRG_020
SHRUB_LRG_020_620,POM_620,SHRUB_LRG_020
SHRUB_LRG_020_621,POM_621,SHRUB_LRG_020
SHRUB_LRG_020_622,POM_622,SHRUB_LRG_020
SHRUB_LRG_020_623,POM_623,SHRUB_LRG_020
SHRUB_LRG_020_624,POM_624,SHRUB_LRG_020
SHRUB_LRG_020_625,POM_625,SHRUB_LRG_020
SHRUB_LRG_020_626,POM_626,SHRUB_LRG_020
SHRUB_LRG_020_627,POM_627,SHRUB_LRG_020
SHRUB_LRG_020_628,POM_628,SHRUB_LRG_020
SHRUB_LRG_020_629,POM_629,SHRUB_LRG_020
SHRUB_LRG_020_630,POM_630,SHRUB_LRG_020
SHRUB_LRG_020_631,POM_631,SHRUB_LRG_020
SHRUB_LRG_020_632,POM_632,SHRUB_LRG_020
SHRUB_LRG_020_633,POM_633,SHRUB_LRG_020
SHRUB_LRG_020_634,POM_634,SHRUB_LRG_020
SHRUB_LRG_020_635,POM_635,SHRUB_LRG_020
SHRUB_LRG_020_636,POM_636,SHRUB_LRG_020
SHRUB_LRG_020_637,POM_637,SHRUB_LRG_020
SHRUB_LRG_020_638,POM_638,SHRUB_LRG_020
SHRUB_LRG_020_639,POM_639,SHRUB_LRG_020
SHRUB_LRG_020_640,POM_640,SHRUB_LRG_020
SHRUB_LRG_020_641,POM_641,SHRUB_LRG_020
SHRUB_LRG_020_642,POM_642,SHRUB_LRG_020
SHRUB_LRG_020_643,POM_643,SHRUB_LRG_020
SHRUB_LRG_020_644,POM_644,SHRUB_LRG_020
SHRUB_LRG_020_645,POM_645,SHRUB_LRG_020
SHRUB_LRG_020_646,POM_646,SHRUB_LRG_020
SHRUB_LRG_020_647,POM_647,SHRUB_LRG_020
SHRUB_LRG_020_648,POM_648,SHRUB_LRG_020
SHRUB_LRG_020_649,POM_649,SHRUB_LRG_020
SHRUB_LRG_020_650,POM_650,SHRUB_LRG_020
SHRUB_LRG_020_651,POM_651,SHRUB_LRG_020
SHRUB_LRG_020_652,POM_652,SHRUB_LRG_020
SHRUB_LRG_020_653,POM_653,SHRUB_LRG_020
SHRUB_LRG_020_654,POM_654,SHRUB_LRG_020
SHRUB_LRG_020_655,POM_655,SHRUB_LRG_020
SHRUB_LRG_020_656,POM_656,SHRUB_LRG_020
SHRUB_LRG_020_657,POM_657,SHRUB_LRG_020
SHRUB_LRG_020_658,POM_658,SHRUB_LRG_020
SHRUB_LRG_020_659,POM_659,SHRUB_LRG_020
SHRUB_LRG_020_660,POM_660,SHRUB_LRG_020
SHRUB_LRG_020_661,POM_661,SHRUB_LRG_020
SHRUB_LRG_020_662,POM_662,SHRUB_LRG_020
SHRUB_LRG_020_663,POM_663,SHRUB_LRG_020
SHRUB_LRG_020_664,POM_664,SHRUB_LRG_020
SHRUB_LRG_020_665,POM_665,SHRUB_LRG_020
SHRUB_LRG_020_666,POM_666,SHRUB_LRG_020
SHRUB_LRG_020_667,POM_667,SHRUB_LRG_020
SHRUB_LRG_020_668,POM_668,SHRUB_LRG_020
SHRUB_LRG_020_669,POM_669,SHRUB_LRG_020
SHRUB_LRG_020_670,POM_670,SHRUB_LRG_020
SHRUB_LRG_020_671,POM_671,SHRUB_LRG_020
SHRUB_LRG_020_672,POM_672,SHRUB_LRG_020
SHRUB_LRG_020_673,POM_673,SHRUB_LRG_020
SHRUB_LRG_020_674,POM_674,SHRUB_LRG_020
SHRUB_LRG_020_675,POM_675,SHRUB_LRG_020
SHRUB_LRG_020_676,POM_676,SHRUB_LRG_020
SHRUB_LRG_020_677,POM_677,SHRUB_LRG_020
SHRUB_LRG_020_678,POM_678,SHRUB_LRG_020
SHRUB_LRG_020_679,POM_679,SHRUB_LRG_020
SHRUB_LRG_020_680,POM_680,SHRUB_LRG_020
SHRUB_LRG_020_681,POM_681,SHRUB_LRG_020
SHRUB_LRG_020_682,POM_682,SHRUB_LRG_020
SHRUB_LRG_020_683,POM_683,SHRUB_LRG_020
SHRUB_LRG_020_684,POM_684,SHRUB_LRG_020
SHRUB_LRG_020_685,POM_685,SHRUB_LRG_020
SHRUB_LRG_020_686,POM_686,SHRUB_LRG_020
SHRUB_LRG_020_687,POM_687,SHRUB_LRG_020
SHRUB_LRG_020_688,POM_688,SHRUB_LRG_020
SHRUB_LRG_020_689,POM_689,SHRUB_LRG_020
SHRUB_LRG_020_690,POM_690,SHRUB_LRG_020
SHRUB_LRG_020_691,POM_691,SHRUB_LRG_020
SHRUB_LRG_020_692,POM_692,SHRUB_LRG_020
SHRUB_LRG_020_693,POM_693,SHRUB_LRG_020
SHRUB_LRG_020_694,POM_694,SHRUB_LRG_020
SHRUB_LRG_020_695,POM_695,SHRUB_LRG_020
SHRUB_LRG_020_696,POM_696,SHRUB_LRG_020
SHRUB_LRG_020_697,POM_697,SHRUB_LRG_020
SHRUB_LRG_020_698,POM_698,SHRUB_LRG_020
SHRUB_LRG_020_699,POM_699,SHRUB_LRG_020
SHRUB_LRG_020_700,POM_700,SHRUB_LRG_020
SHRUB_LRG_020_701,POM_701,SHRUB_LRG_020
SHRUB_LRG_020_702,POM_702,SHRUB_LRG_020
SHRUB_LRG_020_703,POM_703,SHRUB_LRG_020
SHRUB_LRG_020_704,POM_704,SHRUB_LRG_020
SHRUB_LRG_020_705,POM_705,SHRUB_LRG_020
SHRUB_LRG_020_706,POM_706,SHRUB_LRG_020
SHRUB_LRG_020_707,POM_707,SHRUB_LRG_020
SHRUB_LRG_020_708,POM_708,SHRUB_LRG_020
SHRUB_LRG_020_709,POM_709,SHRUB_LRG_020
SHRUB_LRG_020_710,POM_710,SHRUB_LRG_020
SHRUB_LRG_020_711,POM_711,SHRUB_LRG_020
SHRUB_LRG_020_712,POM_712,SHRUB_LRG_020
SHRUB_LRG_020_713,POM_713,SHRUB_LRG_020
SHRUB_LRG_020_714,POM_714,SHRUB_LRG_020
SHRUB_LRG_020_715,POM_715,SHRUB_LRG_020
SHRUB_LRG_020_716,POM_716,SHRUB_LRG_020
SHRUB_LRG_020_717,POM_717,SHRUB_LRG_020
SHRUB_LRG_020_718,POM_718,SHRUB_LRG_020
SHRUB_LRG_020_719,POM_719,SHRUB_LRG_020
SHRUB_LRG_020_720,POM_720,SHRUB_LRG_020
SHRUB_LRG_020_721,POM_721,SHRUB_LRG_020
SHRUB_LRG_020_722,POM_722,SHRUB_LRG_020
SHRUB_LRG_020_723,POM_723,SHRUB_LRG_020
SHRUB_LRG_020_724,POM_724,SHRUB_LRG_020
SHRUB_LRG_020_725,POM_725,SHRUB_LRG_020
SHRUB_LRG_020_726,POM_726,SHRUB_LRG_020
SHRUB_LRG_020_727,POM_727,SHRUB_LRG_020
SHRUB_LRG_020_728,POM_728,SHRUB_LRG_020
SHRUB_LRG_020_729,POM_729,SHRUB_LRG_020
SHRUB_LRG_020_730,POM_730,SHRUB_LRG_020
SHRUB_LRG_020_731,POM_731,SHRUB_LRG_020
SHRUB_LRG_020_732,POM_732,SHRUB_LRG_020
SHRUB_LRG_020_733,POM_733,SHRUB_LRG_020
SHRUB_LRG_020_734,POM_734,SHRUB_LRG_020
SHRUB_LRG_020_735,POM_735,SHRUB_LRG_020
SHRUB_LRG_020_736,POM_736,SHRUB_LRG_020
SHRUB_LRG_020_737,POM_737,SHRUB_LRG_020
SHRUB_LRG_020_738,POM_738,SHRUB_LRG_020
SHRUB_LRG_020_739,POM_739,SHRUB_LRG_020
SHRUB_LRG_020_740,POM_740,SHRUB_LRG_020
SHRUB_LRG_020_741,POM_741,SHRUB_LRG_020
SHRUB_LRG_020_742,POM_742,SHRUB_LRG_020
SHRUB_LRG_020_743,POM_743,SHRUB_LRG_020
SHRUB_LRG_020_744,POM_744,SHRUB_LRG_020
SHRUB_LRG_020_745,POM_745,SHRUB_LRG_020
SHRUB_LRG_020_746,POM_746,SHRUB_LRG_020
SHRUB_LRG_020_747,POM_747,SHRUB_LRG_020
SHRUB_LRG_020_748,POM_748,SHRUB_LRG_020
SHRUB_LRG_020_749,POM_749,SHRUB_LRG_020
SHRUB_LRG_020_750,POM_750,SHRUB_LRG_020
SHRUB_LRG_020_751,POM_751,SHRUB_LRG_020
SHRUB_LRG_020_752,POM_752,SHRUB_LRG_020
SHRUB_LRG_020_753,POM_753,SHRUB_LRG_020
SHRUB_LRG_020_754,POM_754,SHRUB_LRG_020
SHRUB_LRG_020_755,POM_755,SHRUB_LRG_020
SHRUB_LRG_020_756,POM_756,SHRUB_LRG_020
SHRUB_LRG_020_757,POM_757,SHRUB_LRG_020
SHRUB_LRG_020_758,POM_758,SHRUB_LRG_020
SHRUB_LRG_020_759,POM_759,SHRUB_LRG_020
SHRUB_LRG_020_760,POM_760,SHRUB_LRG_020
SHRUB_LRG_020_761,POM_761,SHRUB_LRG_020
SHRUB_LRG_020_762,POM_762,SHRUB_LRG_020
SHRUB_LRG_020_763,POM_763,SHRUB_LRG_020
SHRUB_LRG_020_764,POM_764,SHRUB_LRG_020
SHRUB_LRG_020_765,POM_765,SHRUB_LRG_020
SHRUB_LRG_020_766,POM_766,SHRUB_LRG_020
SHRUB_LRG_020_767,POM_767,SHRUB_LRG_020
SHRUB_LRG_020_768,POM_768,SHRUB_LRG_020
SHRUB_LRG_020_769,POM_769,SHRUB_LRG_020
SHRUB_LRG_020_770,POM_770,SHRUB_LRG_020
SHRUB_LRG_020_771,POM_771,SHRUB_LRG_020
SHRUB_LRG_020_772,POM_772,SHRUB_LRG_020
SHRUB_LRG_020_773,POM_773,SHRUB_LRG_020
SHRUB_LRG_020_774,POM_774,SHRUB_LRG_020
SHRUB_LRG_020_775,POM_775,SHRUB_LRG_020
SHRUB_LRG_020_776,POM_776,SHRUB_LRG_020
SHRUB_LRG_020_777,POM_777,SHRUB_LRG_020
SHRUB_LRG_020_778,POM_778,SHRUB_LRG_020
SHRUB_LRG_020_779,POM_779,SHRUB_LRG_020
SHRUB_LRG_020_780,POM_780,SHRUB_LRG_020
SHRUB_LRG_020_781,POM_781,SHRUB_LRG_020
SHRUB_LRG_020_782,POM_782,SHRUB_LRG_020
SHRUB_LRG_020_783,POM_783,SHRUB_LRG_020
SHRUB_LRG_020_784,POM_784,SHRUB_LRG_020
SHRUB_LRG_020_785,POM_785,SHRUB_LRG_020
SHRUB_LRG_020_786,POM_786,SHRUB_LRG_020
SHRUB_LRG_020_787,POM_787,SHRUB_LRG_020
SHRUB_LRG_020_788,POM_788,SHRUB_LRG_020
SHRUB_LRG_020_789,POM_789,SHRUB_LRG_020
SHRUB_LRG_020_790,POM_790,SHRUB_LRG_020
SHRUB_LRG_020_791,POM_791,SHRUB_LRG_020
SHRUB_LRG_020_792,POM_792,SHRUB_LRG_020
SHRUB_LRG_020_793,POM_793,SHRUB_LRG_020
SHRUB_LRG_020_794,POM_794,SHRUB_LRG_020
SHRUB_LRG_020_795,POM_795,SHRUB_LRG_020
SHRUB_LRG_020_796,POM_796,SHRUB_LRG_020
SHRUB_LRG_020_797,POM_797,SHRUB_LRG_020
SHRUB_LRG_020_798,POM_798,SHRUB_LRG_020
TREE_PALM_011_001,RE_001,TREE_PALM_011
TREE_PALM_041_001,PE_001,TREE_PALM_041
TREE_PALM_041_002,PE_002,TREE_PALM_041
TREE_PALM_041_003,PE_003,TREE_PALM_041
TREE_PALM_011_002,RE_002,TREE_PALM_011
TREE_DCID_003_020,ED_020,TREE_DCID_003
TREE_PALM_041_004,PE_004,TREE_PALM_041
TREE_SIMP_025_001,CO_001,TREE_SIMP_025
TREE_SIMP_222_001,CG_016,TREE_SIMP_222
TREE_SIMP_005_001,CS_001,TREE_SIMP_005
TREE_SIMP_222_002,CG_017,TREE_SIMP_222
TREE_SIMP_222_003,CG_018,TREE_SIMP_222
TREE_SIMP_222_004,CG_019,TREE_SIMP_222
TREE_SIMP_222_005,CG_020,TREE_SIMP_222
TREE_SIMP_050_001,SP_001,TREE_SIMP_050
TREE_SIMP_050_002,SP_002,TREE_SIMP_050
TREE_SIMP_050_003,SP_003,TREE_SIMP_050
TREE_SIMP_050_004,SP_004,TREE_SIMP_050
TREE_SIMP_050_005,SP_005,TREE_SIMP_050
SHRUB_LRG_020_799,POM_799,SHRUB_LRG_020
SHRUB_LRG_020_800,POM_800,SHRUB_LRG_020
SHRUB_LRG_020_801,POM_801,SHRUB_LRG_020
SHRUB_LRG_020_802,POM_802,SHRUB_LRG_020
SHRUB_LRG_020_803,POM_803,SHRUB_LRG_020
SHRUB_LRG_020_804,POM_804,SHRUB_LRG_020
SHRUB_LRG_020_805,POM_805,SHRUB_LRG_020
SHRUB_LRG_020_806,POM_806,SHRUB_LRG_020
SHRUB_LRG_020_807,POM_807,SHRUB_LRG_020
SHRUB_LRG_020_808,POM_808,SHRUB_LRG_020
SHRUB_LRG_020_809,POM_809,SHRUB_LRG_020
SHRUB_LRG_020_810,POM_810,SHRUB_LRG_020
SHRUB_LRG_020_811,POM_811,SHRUB_LRG_020
SHRUB_LRG_020_812,POM_812,SHRUB_LRG_020
SHRUB_LRG_020_813,POM_813,SHRUB_LRG_020
SHRUB_LRG_020_814,POM_814,SHRUB_LRG_020
SHRUB_LRG_020_815,POM_815,SHRUB_LRG_020
SHRUB_LRG_020_816,POM_816,SHRUB_LRG_020
SHRUB_LRG_020_817,POM_817,SHRUB_LRG_020
SHRUB_LRG_020_818,POM_818,SHRUB_LRG_020
SHRUB_LRG_020_819,POM_819,SHRUB_LRG_020
SHRUB_LRG_020_820,POM_820,SHRUB_LRG_020
SHRUB_LRG_020_821,POM_821,SHRUB_LRG_020
SHRUB_LRG_020_822,POM_822,SHRUB_LRG_020
SHRUB_LRG_020_823,POM_823,SHRUB_LRG_020
SHRUB_LRG_020_824,POM_824,SHRUB_LRG_020
SHRUB_LRG_020_825,POM_825,SHRUB_LRG_020
SHRUB_LRG_020_826,POM_826,SHRUB_LRG_020
SHRUB_LRG_020_827,POM_827,SHRUB_LRG_020
SHRUB_LRG_020_828,POM_828,SHRUB_LRG_020
SHRUB_LRG_020_829,POM_829,SHRUB_LRG_020
SHRUB_LRG_020_830,POM_830,SHRUB_LRG_020
SHRUB_LRG_020_831,POM_831,SHRUB_LRG_020
SHRUB_LRG_020_832,POM_832,SHRUB_LRG_020
SHRUB_LRG_020_833,POM_833,SHRUB_LRG_020
SHRUB_LRG_020_834,POM_834,SHRUB_LRG_020
SHRUB_LRG_020_835,POM_835,SHRUB_LRG_020
SHRUB_LRG_020_836,POM_836,SHRUB_LRG_020
SHRUB_LRG_020_837,POM_837,SHRUB_LRG_020
SHRUB_LRG_020_838,POM_838,SHRUB_LRG_020
SHRUB_LRG_020_839,POM_839,SHRUB_LRG_020
SHRUB_LRG_020_840,POM_840,SHRUB_LRG_020
SHRUB_LRG_020_841,POM_841,SHRUB_LRG_020
SHRUB_LRG_020_842,POM_842,SHRUB_LRG_020
SHRUB_LRG_020_843,POM_843,SHRUB_LRG_020
SHRUB_LRG_020_844,POM_844,SHRUB_LRG_020
SHRUB_LRG_020_845,POM_845,SHRUB_LRG_020
SHRUB_LRG_020_846,POM_846,SHRUB_LRG_020
SHRUB_LRG_020_847,POM_847,SHRUB_LRG_020
SHRUB_LRG_020_848,POM_848,SHRUB_LRG_020
SHRUB_LRG_020_849,POM_849,SHRUB_LRG_020
SHRUB_LRG_020_850,POM_850,SHRUB_LRG_020
SHRUB_LRG_020_851,POM_851,SHRUB_LRG_020
SHRUB_LRG_020_852,POM_852,SHRUB_LRG_020
SHRUB_LRG_020_853,POM_853,SHRUB_LRG_020
SHRUB_LRG_020_854,POM_854,SHRUB_LRG_020
SHRUB_LRG_020_855,POM_855,SHRUB_LRG_020
SHRUB_LRG_020_856,POM_856,SHRUB_LRG_020
SHRUB_LRG_020_857,POM_857,SHRUB_LRG_020
SHRUB_LRG_020_858,POM_858,SHRUB_LRG_020
SHRUB_LRG_020_859,POM_859,SHRUB_LRG_020
SHRUB_LRG_020_860,POM_860,SHRUB_LRG_020
SHRUB_LRG_020_861,POM_861,SHRUB_LRG_020
SHRUB_LRG_020_862,POM_862,SHRUB_LRG_020
SHRUB_LRG_020_863,POM_863,SHRUB_LRG_020
SHRUB_LRG_020_864,POM_864,SHRUB_LRG_020
SHRUB_LRG_020_865,POM_865,SHRUB_LRG_020
SHRUB_LRG_020_866,POM_866,SHRUB_LRG_020
SHRUB_LRG_020_867,POM_867,SHRUB_LRG_020
SHRUB_LRG_020_868,POM_868,SHRUB_LRG_020
SHRUB_LRG_020_869,POM_869,SHRUB_LRG_020
SHRUB_LRG_020_870,POM_870,SHRUB_LRG_020
SHRUB_LRG_020_871,POM_871,SHRUB_LRG_020
SHRUB_LRG_020_872,POM_872,SHRUB_LRG_020
SHRUB_LRG_020_873,POM_873,SHRUB_LRG_020
SHRUB_LRG_020_874,POM_874,SHRUB_LRG_020
SHRUB_LRG_020_875,POM_875,SHRUB_LRG_020
SHRUB_LRG_020_876,POM_876,SHRUB_LRG_020
SHRUB_LRG_020_877,POM_877,SHRUB_LRG_020
SHRUB_LRG_020_878,POM_878,SHRUB_LRG_020
SHRUB_LRG_020_879,POM_879,SHRUB_LRG_020
SHRUB_LRG_020_880,POM_880,SHRUB_LRG_020
SHRUB_LRG_020_881,POM_881,SHRUB_LRG_020
SHRUB_LRG_020_882,POM_882,SHRUB_LRG_020
SHRUB_LRG_020_883,POM_883,SHRUB_LRG_020
SHRUB_LRG_020_884,POM_884,SHRUB_LRG_020
SHRUB_LRG_020_885,POM_885,SHRUB_LRG_020
SHRUB_LRG_020_886,POM_886,SHRUB_LRG_020
SHRUB_LRG_020_887,POM_887,SHRUB_LRG_020
SHRUB_LRG_020_888,POM_888,SHRUB_LRG_020
SHRUB_LRG_020_889,POM_889,SHRUB_LRG_020
SHRUB_LRG_020_890,POM_890,SHRUB_LRG_020
SHRUB_LRG_020_891,POM_891,SHRUB_LRG_020
SHRUB_LRG_020_892,POM_892,SHRUB_LRG_020
SHRUB_LRG_020_893,POM_893,SHRUB_LRG_020
SHRUB_LRG_020_894,POM_894,SHRUB_LRG_020
SHRUB_LRG_020_895,POM_895,SHRUB_LRG_020
SHRUB_LRG_020_896,POM_896,SHRUB_LRG_020
SHRUB_LRG_020_897,POM_897,SHRUB_LRG_020
SHRUB_LRG_020_898,POM_898,SHRUB_LRG_020
SHRUB_LRG_020_899,POM_899,SHRUB_LRG_020
SHRUB_LRG_020_900,POM_900,SHRUB_LRG_020
SHRUB_LRG_020_901,POM_901,SHRUB_LRG_020
SHRUB_LRG_020_902,POM_902,SHRUB_LRG_020
SHRUB_LRG_020_903,POM_903,SHRUB_LRG_020
SHRUB_LRG_020_904,POM_904,SHRUB_LRG_020
SHRUB_LRG_020_905,POM_905,SHRUB_LRG_020
SHRUB_LRG_020_906,POM_906,SHRUB_LRG_020
SHRUB_LRG_020_907,POM_907,SHRUB_LRG_020
SHRUB_LRG_020_908,POM_908,SHRUB_LRG_020
SHRUB_LRG_020_909,POM_909,SHRUB_LRG_020
SHRUB_LRG_020_910,POM_910,SHRUB_LRG_020
SHRUB_LRG_020_911,POM_911,SHRUB_LRG_020
SHRUB_LRG_020_912,POM_912,SHRUB_LRG_020
SHRUB_LRG_020_913,POM_913,SHRUB_LRG_020
SHRUB_LRG_020_914,POM_914,SHRUB_LRG_020
SHRUB_LRG_020_915,POM_915,SHRUB_LRG_020
SHRUB_LRG_020_916,POM_916,SHRUB_LRG_020
SHRUB_LRG_020_917,POM_917,SHRUB_LRG_020
SHRUB_LRG_020_918,POM_918,SHRUB_LRG_020
SHRUB_LRG_020_919,POM_919,SHRUB_LRG_020
SHRUB_LRG_020_920,POM_920,SHRUB_LRG_020
SHRUB_LRG_020_921,POM_921,SHRUB_LRG_020
SHRUB_LRG_020_922,POM_922,SHRUB_LRG_020
SHRUB_LRG_020_923,POM_923,SHRUB_LRG_020
SHRUB_LRG_020_924,POM_924,SHRUB_LRG_020
SHRUB_LRG_020_925,POM_925,SHRUB_LRG_020
SHRUB_LRG_020_926,POM_926,SHRUB_LRG_020
SHRUB_LRG_020_927,POM_927,SHRUB_LRG_020
SHRUB_LRG_020_928,POM_928,SHRUB_LRG_020
SHRUB_LRG_020_929,POM_929,SHRUB_LRG_020
SHRUB_LRG_020_930,POM_930,SHRUB_LRG_020
SHRUB_LRG_020_931,POM_931,SHRUB_LRG_020
SHRUB_LRG_020_932,POM_932,SHRUB_LRG_020
SHRUB_LRG_020_933,POM_933,SHRUB_LRG_020
SHRUB_LRG_020_934,POM_934,SHRUB_LRG_020
SHRUB_LRG_020_935,POM_935,SHRUB_LRG_020
SHRUB_LRG_020_936,POM_936,SHRUB_LRG_020
SHRUB_LRG_020_937,POM_937,SHRUB_LRG_020
SHRUB_LRG_020_938,POM_938,SHRUB_LRG_020
SHRUB_LRG_020_939,POM_939,SHRUB_LRG_020
SHRUB_LRG_020_940,POM_940,SHRUB_LRG_020
SHRUB_LRG_020_941,POM_941,SHRUB_LRG_020
SHRUB_LRG_020_942,POM_942,SHRUB_LRG_020
SHRUB_LRG_020_943,POM_943,SHRUB_LRG_020
SHRUB_LRG_020_944,POM_944,SHRUB_LRG_020
SHRUB_LRG_020_945,POM_945,SHRUB_LRG_020
SHRUB_LRG_020_946,POM_946,SHRUB_LRG_020
SHRUB_LRG_020_947,POM_947,SHRUB_LRG_020
SHRUB_LRG_020_948,POM_948,SHRUB_LRG_020
SHRUB_LRG_020_949,POM_949,SHRUB_LRG_020
SHRUB_LRG_020_950,POM_950,SHRUB_LRG_020
SHRUB_LRG_020_951,POM_951,SHRUB_LRG_020
SHRUB_LRG_020_952,POM_952,SHRUB_LRG_020
SHRUB_LRG_020_953,POM_953,SHRUB_LRG_020
SHRUB_LRG_020_954,POM_954,SHRUB_LRG_020
SHRUB_LRG_020_955,POM_955,SHRUB_LRG_020
SHRUB_LRG_020_956,POM_956,SHRUB_LRG_020
SHRUB_LRG_020_957,POM_957,SHRUB_LRG_020
SHRUB_LRG_020_958,POM_958,SHRUB_LRG_020
SHRUB_LRG_020_959,POM_959,SHRUB_LRG_020
SHRUB_LRG_020_960,POM_960,SHRUB_LRG_020
SHRUB_LRG_020_961,POM_961,SHRUB_LRG_020
SHRUB_LRG_020_962,POM_962,SHRUB_LRG_020
SHRUB_LRG_020_963,POM_963,SHRUB_LRG_020
SHRUB_LRG_020_964,POM_964,SHRUB_LRG_020
SHRUB_LRG_020_965,POM_965,SHRUB_LRG_020
SHRUB_LRG_020_966,POM_966,SHRUB_LRG_020
SHRUB_LRG_020_967,POM_967,SHRUB_LRG_020
SHRUB_LRG_020_968,POM_968,SHRUB_LRG_020
SHRUB_LRG_020_969,POM_969,SHRUB_LRG_020
SHRUB_LRG_020_970,POM_970,SHRUB_LRG_020
SHRUB_LRG_020_971,POM_971,SHRUB_LRG_020
SHRUB_LRG_020_972,POM_972,SHRUB_LRG_020
SHRUB_LRG_020_973,POM_973,SHRUB_LRG_020
SHRUB_LRG_020_974,POM_974,SHRUB_LRG_020
SHRUB_LRG_020_975,POM_975,SHRUB_LRG_020
SHRUB_LRG_020_976,POM_976,SHRUB_LRG_020
SHRUB_LRG_020_977,POM_977,SHRUB_LRG_020
SHRUB_LRG_020_978,POM_978,SHRUB_LRG_020
SHRUB_LRG_020_979,POM_979,SHRUB_LRG_020
SHRUB_LRG_020_980,POM_980,SHRUB_LRG_020
SHRUB_LRG_020_981,POM_981,SHRUB_LRG_020
SHRUB_LRG_020_982,POM_982,SHRUB_LRG_020
SHRUB_LRG_020_983,POM_983,SHRUB_LRG_020
SHRUB_LRG_020_984,POM_984,SHRUB_LRG_020
SHRUB_LRG_020_985,POM_985,SHRUB_LRG_020
SHRUB_LRG_020_986,POM_986,SHRUB_LRG_020
SHRUB_LRG_020_987,POM_987,SHRUB_LRG_020
SHRUB_LRG_020_988,POM_988,SHRUB_LRG_020
SHRUB_LRG_020_989,POM_989,SHRUB_LRG_020
SHRUB_LRG_020_990,POM_990,SHRUB_LRG_020
SHRUB_LRG_020_991,POM_991,SHRUB_LRG_020
SHRUB_LRG_020_992,POM_992,SHRUB_LRG_020
SHRUB_LRG_020_993,POM_993,SHRUB_LRG_020
SHRUB_LRG_020_994,POM_994,SHRUB_LRG_020
SHRUB_LRG_020_995,POM_995,SHRUB_LRG_020
SHRUB_LRG_020_996,POM_996,SHRUB_LRG_020
SHRUB_LRG_020_997,POM_997,SHRUB_LRG_020
SHRUB_LRG_020_998,POM_998,SHRUB_LRG_020
SHRUB_LRG_020_999,POM_999,SHRUB_LRG_020
SHRUB_LRG_020_1000,POM_1000,SHRUB_LRG_020
SHRUB_LRG_020_1001,POM_1001,SHRUB_LRG_020
SHRUB_LRG_020_1002,POM_1002,SHRUB_LRG_020
SHRUB_LRG_020_1003,POM_1003,SHRUB_LRG_020
SHRUB_LRG_020_1004,POM_1004,SHRUB_LRG_020
SHRUB_LRG_020_1005,POM_1005,SHRUB_LRG_020
SHRUB_LRG_020_1006,POM_1006,SHRUB_LRG_020
SHRUB_LRG_020_1007,POM_1007,SHRUB_LRG_020
SHRUB_LRG_020_1008,POM_1008,SHRUB_LRG_020
SHRUB_LRG_020_1009,POM_1009,SHRUB_LRG_020
TREE_PALM_041_005,PE_005,TREE_PALM_041
TREE_PALM_041_006,PE_006,TREE_PALM_041
TREE_PALM_041_007,PE_007,TREE_PALM_041
TREE_PALM_041_008,PE_008,TREE_PALM_041
TREE_SIMP_222_006,CG_021,TREE_SIMP_222
TREE_SIMP_222_007,CG_022,TREE_SIMP_222
TREE_SIMP_050_006,SP_006,TREE_SIMP_050
TREE_SIMP_050_007,SP_007,TREE_SIMP_050
TREE_SIMP_050_008,SP_008,TREE_SIMP_050
TREE_SIMP_050_009,SP_009,TREE_SIMP_050
TREE_SIMP_050_010,SP_010,TREE_SIMP_050
TREE_SIMP_050_011,SP_011,TREE_SIMP_050
TREE_SIMP_050_012,SP_012,TREE_SIMP_050
TREE_SIMP_050_013,SP_013,TREE_SIMP_050
TREE_SIMP_050_014,SP_014,TREE_SIMP_050
TREE_SIMP_050_015,SP_015,TREE_SIMP_050
TREE_SIMP_050_016,SP_016,TREE_SIMP_050
TREE_SIMP_050_017,SP_017,TREE_SIMP_050
TREE_SIMP_050_018,SP_018,TREE_SIMP_050
TREE_SIMP_050_019,SP_019,TREE_SIMP_050
TREE_SIMP_050_020,SP_020,TREE_SIMP_050
TREE_EVGR_001_003,QV_003,TREE_EVGR_001
TREE_SIMP_050_021,SP_021,TREE_SIMP_050
TREE_SIMP_050_022,SP_022,TREE_SIMP_050
TREE_SIMP_050_023,SP_023,TREE_SIMP_050
TREE_SIMP_050_024,SP_024,TREE_SIMP_050
TREE_SIMP_050_025,SP_025,TREE_SIMP_050
TREE_SIMP_050_026,SP_026,TREE_SIMP_050
TREE_DCID_450_001,DR_001,TREE_DCID_450
TREE_DCID_450_002,DR_002,TREE_DCID_450
TREE_DCID_450_003,DR_003,TREE_DCID_450
TREE_DCID_450_004,DR_004,TREE_DCID_450
TREE_DCID_450_005,DR_005,TREE_DCID_450
TREE_SIMP_125_001,CR_003,TREE_SIMP_125
TREE_SIMP_125_002,CR_004,TREE_SIMP_125
TREE_DCID_109_002,BU_002,TREE_DCID_109
TREE_DCID_003_021,ED_021,TREE_DCID_003
TREE_DCID_003_022,ED_022,TREE_DCID_003
TREE_SIMP_005_002,CS_002,TREE_SIMP_005
TREE_DCID_208_001,LS_001,TREE_DCID_208
TREE_SIMP_025_002,CO_002,TREE_SIMP_025
TREE_EVGR_001_004,QV_004,TREE_EVGR_001
TREE_EVGR_001_005,QV_005,TREE_EVGR_001
TREE_DCID_109_003,BU_003,TREE_DCID_109
TREE_DCID_109_004,BU_004,TREE_DCID_109
TREE_DCID_109_005,BU_005,TREE_DCID_109
TREE_DCID_109_006,BU_006,TREE_DCID_109
TREE_DCID_109_007,BU_007,TREE_DCID_109
TREE_DCID_109_008,BU_008,TREE_DCID_109
TREE_DCID_109_009,BU_009,TREE_DCID_109
TREE_DCID_109_010,BU_010,TREE_DCID_109
TREE_DCID_109_011,BU_011,TREE_DCID_109
TREE_DCID_109_012,BU_012,TREE_DCID_109
TREE_DCID_109_013,BU_013,TREE_DCID_109
TREE_DCID_109_014,BU_014,TREE_DCID_109
TREE_DCID_109_015,BU_015,TREE_DCID_109
TREE_DCID_109_016,BU_016,TREE_DCID_109
TREE_DCID_003_023,ED_023,TREE_DCID_003
TREE_DCID_003_024,ED_024,TREE_DCID_003
TREE_DCID_003_025,ED_025,TREE_DCID_003
TREE_DCID_003_026,ED_026,TREE_DCID_003
TREE_DCID_003_027,ED_027,TREE_DCID_003
SHRUB_LRG_421_031,CES_031,SHRUB_LRG_421
SHRUB_LRG_421_032,CES_032,SHRUB_LRG_421
SHRUB_LRG_421_033,CES_033,SHRUB_LRG_421
TREE_DCID_003_028,ED_028,TREE_DCID_003
TREE_DCID_003_029,ED_029,TREE_DCID_003
SHRUB_TROP_021_011,CRI_011,SHRUB_TROP_021
SHRUB_TROP_021_012,CRI_012,SHRUB_TROP_021
SHRUB_TROP_021_013,CRI_013,SHRUB_TROP_021
SHRUB_TROP_021_014,CRI_014,SHRUB_TROP_021
SHRUB_TROP_021_015,CRI_015,SHRUB_TROP_021
SHRUB_TROP_021_016,CRI_016,SHRUB_TROP_021
SHRUB_TROP_021_017,CRI_017,SHRUB_TROP_021
SHRUB_TROP_021_018,CRI_018,SHRUB_TROP_021
TREE_DCID_109_017,BU_017,TREE_DCID_109
TREE_DCID_109_018,BU_018,TREE_DCID_109
TREE_DCID_109_019,BU_019,TREE_DCID_109
TREE_DCID_109_020,BU_020,TREE_DCID_109
TREE_DCID_109_021,BU_021,TREE_DCID_109
SHRUB_TROP_021_019,CRI_019,SHRUB_TROP_021
SHRUB_TROP_021_020,CRI_020,SHRUB_TROP_021
SHRUB_TROP_021_021,CRI_021,SHRUB_TROP_021
TREE_SIMP_027_002,CE_002,TREE_SIMP_027
TREE_DCID_109_022,BU_022,TREE_DCID_109
TREE_SIMP_005_003,CS_003,TREE_SIMP_005
SHRUB_TROP_021_022,CRI_022,SHRUB_TROP_021
SHRUB_TROP_021_023,CRI_023,SHRUB_TROP_021
SHRUB_TROP_021_024,CRI_024,SHRUB_TROP_021
SHRUB_TROP_021_025,CRI_025,SHRUB_TROP_021
TREE_DCID_208_002,LS_002,TREE_DCID_208
TREE_DCID_208_003,LS_003,TREE_DCID_208
TREE_DCID_208_004,LS_004,TREE_DCID_208
TREE_SIMP_027_003,CE_003,TREE_SIMP_027
TREE_DCID_208_005,LS_005,TREE_DCID_208
TREE_DCID_109_023,BU_023,TREE_DCID_109
TREE_SIMP_125_003,CR_005,TREE_SIMP_125
TREE_SIMP_125_004,CR_006,TREE_SIMP_125
TREE_SIMP_125_005,CR_007,TREE_SIMP_125
TREE_SIMP_125_006,CR_008,TREE_SIMP_125
TREE_DCID_208_006,LS_006,TREE_DCID_208
TREE_SIMP_125_007,CR_009,TREE_SIMP_125
TREE_SIMP_125_008,CR_010,TREE_SIMP_125
SHRUB_TROP_021_026,CRI_026,SHRUB_TROP_021
TREE_EVGR_001_006,QV_006,TREE_EVGR_001
TREE_SIMP_007_003,CR_011,TREE_SIMP_007
SHRUB_TROP_021_027,CRI_027,SHRUB_TROP_021
TREE_SIMP_007_004,CR_012,TREE_SIMP_007
SHRUB_LRG_121_025,CHR_025,SHRUB_LRG_121
SHRUB_LRG_121_026,CHR_026,SHRUB_LRG_121
SHRUB_LRG_121_027,CHR_027,SHRUB_LRG_121
SHRUB_LRG_121_028,CHR_028,SHRUB_LRG_121
TREE_EVGR_001_007,QV_007,TREE_EVGR_001
SHRUB_TROP_021_028,CRI_028,SHRUB_TROP_021
SHRUB_TROP_021_029,CRI_029,SHRUB_TROP_021
TREE_EVGR_001_008,QV_008,TREE_EVGR_001
TREE_SIMP_007_005,CR_013,TREE_SIMP_007
SHRUB_TROP_021_030,CRI_030,SHRUB_TROP_021
TREE_SIMP_007_006,CR_014,TREE_SIMP_007
SHRUB_LRG_121_029,CHR_029,SHRUB_LRG_121
SHRUB_LRG_121_030,CHR_030,SHRUB_LRG_121
SHRUB_LRG_121_031,CHR_031,SHRUB_LRG_121
SHRUB_LRG_121_032,CHR_032,SHRUB_LRG_121
TREE_EVGR_001_009,QV_009,TREE_EVGR_001
SHRUB_TROP_021_031,CRI_031,SHRUB_TROP_021
SHRUB_TROP_021_032,CRI_032,SHRUB_TROP_021
TREE_EVGR_001_010,QV_010,TREE_EVGR_001
TREE_SIMP_007_007,CR_015,TREE_SIMP_007
SHRUB_TROP_021_033,CRI_033,SHRUB_TROP_021
TREE_SIMP_007_008,CR_016,TREE_SIMP_007
SHRUB_LRG_121_033,CHR_033,SHRUB_LRG_121
SHRUB_LRG_121_034,CHR_034,SHRUB_LRG_121
SHRUB_LRG_121_035,CHR_035,SHRUB_LRG_121
SHRUB_LRG_121_036,CHR_036,SHRUB_LRG_121
TREE_EVGR_001_011,QV_011,TREE_EVGR_001
SHRUB_TROP_021_034,CRI_034,SHRUB_TROP_021
SHRUB_TROP_021_035,CRI_035,SHRUB_TROP_021
TREE_EVGR_001_012,QV_012,TREE_EVGR_001
TREE_SIMP_007_009,CR_017,TREE_SIMP_007
SHRUB_TROP_021_036,CRI_036,SHRUB_TROP_021
TREE_SIMP_007_010,CR_018,TREE_SIMP_007
SHRUB_LRG_121_037,CHR_037,SHRUB_LRG_121
SHRUB_LRG_121_038,CHR_038,SHRUB_LRG_121
SHRUB_LRG_121_039,CHR_039,SHRUB_LRG_121
SHRUB_LRG_121_040,CHR_040,SHRUB_LRG_121
TREE_EVGR_001_013,QV_013,TREE_EVGR_001
SHRUB_TROP_021_037,CRI_037,SHRUB_TROP_021
SHRUB_TROP_045_001,COR_001,SHRUB_TROP_045
TREE_EVGR_001_014,QV_014,TREE_EVGR_001
TREE_EVGR_001_015,QV_015,TREE_EVGR_001
TREE_SIMP_007_011,CR_019,TREE_SIMP_007
SHRUB_LRG_121_041,CHR_041,SHRUB_LRG_121
SHRUB_LRG_421_034,CES_034,SHRUB_LRG_421
TREE_EVGR_001_016,QV_016,TREE_EVGR_001
SHRUB_LRG_121_042,CHR_042,SHRUB_LRG_121
SHRUB_LRG_121_043,CHR_043,SHRUB_LRG_121
SHRUB_LRG_421_035,CES_035,SHRUB_LRG_421
TREE_SIMP_007_012,CR_020,TREE_SIMP_007
SHRUB_LRG_121_044,CHR_044,SHRUB_LRG_121
SHRUB_LRG_121_045,CHR_045,SHRUB_LRG_121
SHRUB_LRG_121_046,CHR_046,SHRUB_LRG_121
SHRUB_TROP_045_002,COR_002,SHRUB_TROP_045
TREE_EVGR_001_017,QV_017,TREE_EVGR_001
TREE_EVGR_001_018,QV_018,TREE_EVGR_001
TREE_SIMP_007_013,CR_021,TREE_SIMP_007
SHRUB_LRG_121_047,CHR_047,SHRUB_LRG_121
SHRUB_LRG_421_036,CES_036,SHRUB_LRG_421
TREE_EVGR_001_019,QV_019,TREE_EVGR_001
SHRUB_LRG_121_048,CHR_048,SHRUB_LRG_121
SHRUB_LRG_121_049,CHR_049,SHRUB_LRG_121
SHRUB_LRG_421_037,CES_037,SHRUB_LRG_421
TREE_SIMP_007_014,CR_022,TREE_SIMP_007
SHRUB_LRG_121_050,CHR_050,SHRUB_LRG_121
SHRUB_LRG_121_051,CHR_051,SHRUB_LRG_121
SHRUB_LRG_121_052,CHR_052,SHRUB_LRG_121
SHRUB_TROP_045_003,COR_003,SHRUB_TROP_045
TREE_EVGR_001_020,QV_020,TREE_EVGR_001
TREE_EVGR_001_021,QV_021,TREE_EVGR_001
TREE_SIMP_007_015,CR_023,TREE_SIMP_007
SHRUB_LRG_121_053,CHR_053,SHRUB_LRG_121
SHRUB_LRG_421_038,CES_038,SHRUB_LRG_421
TREE_EVGR_001_022,QV_022,TREE_EVGR_001
SHRUB_LRG_121_054,CHR_054,SHRUB_LRG_121
SHRUB_LRG_121_055,CHR_055,SHRUB_LRG_121
SHRUB_LRG_421_039,CES_039,SHRUB_LRG_421
TREE_SIMP_007_016,CR_024,TREE_SIMP_007
SHRUB_LRG_121_056,CHR_056,SHRUB_LRG_121
SHRUB_LRG_121_057,CHR_057,SHRUB_LRG_121
SHRUB_LRG_121_058,CHR_058,SHRUB_LRG_121
SHRUB_TROP_045_004,COR_004,SHRUB_TROP_045
TREE_EVGR_001_023,QV_023,TREE_EVGR_001
TREE_EVGR_001_024,QV_024,TREE_EVGR_001
TREE_SIMP_007_017,CR_025,TREE_SIMP_007
SHRUB_LRG_121_059,CHR_059,SHRUB_LRG_121
SHRUB_LRG_421_040,CES_040,SHRUB_LRG_421
TREE_EVGR_001_025,QV_025,TREE_EVGR_001
SHRUB_LRG_121_060,CHR_060,SHRUB_LRG_121
SHRUB_LRG_121_061,CHR_061,SHRUB_LRG_121
SHRUB_LRG_421_041,CES_041,SHRUB_LRG_421
TREE_SIMP_007_018,CR_026,TREE_SIMP_007
SHRUB_LRG_121_062,CHR_062,SHRUB_LRG_121
SHRUB_LRG_121_063,CHR_063,SHRUB_LRG_121
SHRUB_LRG_121_064,CHR_064,SHRUB_LRG_121
SHRUB_TROP_045_005,COR_005,SHRUB_TROP_045
TREE_EVGR_001_026,QV_026,TREE_EVGR_001
TREE_EVGR_001_027,QV_027,TREE_EVGR_001
TREE_SIMP_007_019,CR_027,TREE_SIMP_007
SHRUB_LRG_121_065,CHR_065,SHRUB_LRG_121
SHRUB_LRG_421_042,CES_042,SHRUB_LRG_421
TREE_EVGR_001_028,QV_028,TREE_EVGR_001
SHRUB_LRG_121_066,CHR_066,SHRUB_LRG_121
SHRUB_LRG_121_067,CHR_067,SHRUB_LRG_121
SHRUB_LRG_421_043,CES_043,SHRUB_LRG_421
TREE_SIMP_007_020,CR_028,TREE_SIMP_007
SHRUB_LRG_121_068,CHR_068,SHRUB_LRG_121
SHRUB_LRG_121_069,CHR_069,SHRUB_LRG_121
SHRUB_LRG_121_070,CHR_070,SHRUB_LRG_121
SHRUB_TROP_045_006,COR_006,SHRUB_TROP_045
TREE_EVGR_001_029,QV_029,TREE_EVGR_001
TREE_EVGR_001_030,QV_030,TREE_EVGR_001
TREE_SIMP_007_021,CR_029,TREE_SIMP_007
SHRUB_LRG_121_071,CHR_071,SHRUB_LRG_121
SHRUB_LRG_421_044,CES_044,SHRUB_LRG_421
TREE_EVGR_001_031,QV_031,TREE_EVGR_001
SHRUB_LRG_121_072,CHR_072,SHRUB_LRG_121
SHRUB_LRG_121_073,CHR_073,SHRUB_LRG_121
SHRUB_LRG_421_045,CES_045,SHRUB_LRG_421
TREE_SIMP_007_022,CR_030,TREE_SIMP_007
SHRUB_LRG_121_074,CHR_074,SHRUB_LRG_121
SHRUB_LRG_121_075,CHR_075,SHRUB_LRG_121
SHRUB_LRG_121_076,CHR_076,SHRUB_LRG_121
SHRUB_TROP_045_007,COR_007,SHRUB_TROP_045
TREE_EVGR_001_032,QV_032,TREE_EVGR_001
TREE_EVGR_001_033,QV_033,TREE_EVGR_001
TREE_SIMP_007_023,CR_031,TREE_SIMP_007
SHRUB_LRG_121_077,CHR_077,SHRUB_LRG_121
SHRUB_LRG_421_046,CES_046,SHRUB_LRG_421
TREE_EVGR_001_034,QV_034,TREE_EVGR_001
SHRUB_LRG_121_078,CHR_078,SHRUB_LRG_121
SHRUB_LRG_121_079,CHR_079,SHRUB_LRG_121
SHRUB_LRG_421_047,CES_047,SHRUB_LRG_421
TREE_SIMP_007_024,CR_032,TREE_SIMP_007
SHRUB_LRG_121_080,CHR_080,SHRUB_LRG_121
SHRUB_LRG_121_081,CHR_081,SHRUB_LRG_121
SHRUB_LRG_121_082,CHR_082,SHRUB_LRG_121
SHRUB_TROP_045_008,COR_008,SHRUB_TROP_045
TREE_EVGR_001_035,QV_035,TREE_EVGR_001
TREE_EVGR_001_036,QV_036,TREE_EVGR_001
TREE_SIMP_007_025,CR_033,TREE_SIMP_007
SHRUB_LRG_121_083,CHR_083,SHRUB_LRG_121
SHRUB_LRG_421_048,CES_048,SHRUB_LRG_421
TREE_EVGR_001_037,QV_037,TREE_EVGR_001
SHRUB_LRG_121_084,CHR_084,SHRUB_LRG_121
SHRUB_LRG_121_085,CHR_085,SHRUB_LRG_121
SHRUB_LRG_421_049,CES_049,SHRUB_LRG_421
TREE_SIMP_007_026,CR_034,TREE_SIMP_007
SHRUB_LRG_121_086,CHR_086,SHRUB_LRG_121
SHRUB_LRG_121_087,CHR_087,SHRUB_LRG_121
SHRUB_LRG_121_088,CHR_088,SHRUB_LRG_121
TREE_EVGR_001_038,QV_038,TREE_EVGR_001
TREE_SIMP_007_027,CR_035,TREE_SIMP_007
TREE_SIMP_007_028,CR_036,TREE_SIMP_007
SHRUB_LRG_121_089,CHR_089,SHRUB_LRG_121
SHRUB_TROP_045_009,COR_009,SHRUB_TROP_045
TREE_EVGR_001_039,QV_039,TREE_EVGR_001
TREE_SIMP_007_029,CR_037,TREE_SIMP_007
TREE_EVGR_001_040,QV_040,TREE_EVGR_001
SHRUB_LRG_121_090,CHR_090,SHRUB_LRG_121
SHRUB_LRG_121_091,CHR_091,SHRUB_LRG_121
TREE_EVGR_001_041,QV_041,TREE_EVGR_001
TREE_SIMP_007_030,CR_038,TREE_SIMP_007
TREE_SIMP_007_031,CR_039,TREE_SIMP_007
SHRUB_LRG_121_092,CHR_092,SHRUB_LRG_121
SHRUB_TROP_045_010,COR_010,SHRUB_TROP_045
TREE_EVGR_001_042,QV_042,TREE_EVGR_001
TREE_SIMP_007_032,CR_040,TREE_SIMP_007
TREE_EVGR_001_043,QV_043,TREE_EVGR_001
SHRUB_LRG_121_093,CHR_093,SHRUB_LRG_121
SHRUB_LRG_121_094,CHR_094,SHRUB_LRG_121
TREE_EVGR_001_044,QV_044,TREE_EVGR_001
TREE_SIMP_007_033,CR_041,TREE_SIMP_007
TREE_SIMP_007_034,CR_042,TREE_SIMP_007
SHRUB_LRG_121_095,CHR_095,SHRUB_LRG_121
SHRUB_TROP_045_011,COR_011,SHRUB_TROP_045
TREE_EVGR_001_045,QV_045,TREE_EVGR_001
TREE_SIMP_007_035,CR_043,TREE_SIMP_007
TREE_EVGR_001_046,QV_046,TREE_EVGR_001
SHRUB_LRG_121_096,CHR_096,SHRUB_LRG_121
SHRUB_LRG_121_097,CHR_097,SHRUB_LRG_121
TREE_EVGR_001_047,QV_047,TREE_EVGR_001
TREE_SIMP_007_036,CR_044,TREE_SIMP_007
TREE_SIMP_007_037,CR_045,TREE_SIMP_007
SHRUB_LRG_121_098,CHR_098,SHRUB_LRG_121
SHRUB_TROP_045_012,COR_012,SHRUB_TROP_045
TREE_EVGR_001_048,QV_048,TREE_EVGR_001
TREE_SIMP_007_038,CR_046,TREE_SIMP_007
TREE_EVGR_001_049,QV_049,TREE_EVGR_001
SHRUB_LRG_121_099,CHR_099,SHRUB_LRG_121
SHRUB_LRG_121_100,CHR_100,SHRUB_LRG_121
TREE_EVGR_001_050,QV_050,TREE_EVGR_001
TREE_SIMP_007_039,CR_047,TREE_SIMP_007
TREE_SIMP_007_040,CR_048,TREE_SIMP_007
SHRUB_LRG_121_101,CHR_101,SHRUB_LRG_121
SHRUB_TROP_045_013,COR_013,SHRUB_TROP_045
TREE_EVGR_001_051,QV_051,TREE_EVGR_001
TREE_SIMP_007_041,CR_049,TREE_SIMP_007
TREE_EVGR_001_052,QV_052,TREE_EVGR_001
SHRUB_LRG_121_102,CHR_102,SHRUB_LRG_121
SHRUB_LRG_121_103,CHR_103,SHRUB_LRG_121
TREE_EVGR_001_053,QV_053,TREE_EVGR_001
TREE_SIMP_007_042,CR_050,TREE_SIMP_007
TREE_SIMP_007_043,CR_051,TREE_SIMP_007
SHRUB_LRG_121_104,CHR_104,SHRUB_LRG_121
SHRUB_TROP_045_014,COR_014,SHRUB_TROP_045
TREE_EVGR_001_054,QV_054,TREE_EVGR_001
TREE_SIMP_007_044,CR_052,TREE_SIMP_007
TREE_EVGR_001_055,QV_055,TREE_EVGR_001
SHRUB_LRG_121_105,CHR_105,SHRUB_LRG_121
SHRUB_LRG_121_106,CHR_106,SHRUB_LRG_121
TREE_SIMP_027_004,CE_004,TREE_SIMP_027
TREE_SIMP_025_003,CO_003,TREE_SIMP_025
TREE_SIMP_222_008,CG_023,TREE_SIMP_222
TREE_SIMP_005_004,CS_004,TREE_SIMP_005
TREE_SIMP_125_009,CR_053,TREE_SIMP_125
TREE_EVGR_001_056,QV_056,TREE_EVGR_001
TREE_DCID_450_006,DR_006,TREE_DCID_450
TREE_DCID_003_030,ED_030,TREE_DCID_003
TREE_DCID_208_007,LS_007,TREE_DCID_208
TREE_SIMP_021_027,LJ_027,TREE_SIMP_021
TREE_DCID_109_024,BU_024,TREE_DCID_109
TREE_PALM_011_003,RE_003,TREE_PALM_011
TREE_PALM_041_009,PE_009,TREE_PALM_041
TREE_SIMP_050_027,SP_027,TREE_SIMP_050
SHRUB_LRG_421_050,CES_050,SHRUB_LRG_421
SHRUB_TROP_021_038,CRI_038,SHRUB_TROP_021
SHRUB_LRG_020_1010,POM_1010,SHRUB_LRG_020
TREE_SIMP_027_005,CE_005,TREE_SIMP_027
TREE_SIMP_025_004,CO_004,TREE_SIMP_025
TREE_SIMP_222_009,CG_024,TREE_SIMP_222
TREE_SIMP_005_005,CS_005,TREE_SIMP_005
TREE_SIMP_125_010,CR_054,TREE_SIMP_125
TREE_EVGR_001_057,QV_057,TREE_EVGR_001
TREE_DCID_450_007,DR_007,TREE_DCID_450
TREE_DCID_003_031,ED_031,TREE_DCID_003
TREE_DCID_208_008,LS_008,TREE_DCID_208
TREE_SIMP_021_028,LJ_028,TREE_SIMP_021
TREE_DCID_109_025,BU_025,TREE_DCID_109
TREE_PALM_011_004,RE_004,TREE_PALM_011
TREE_PALM_041_010,PE_010,TREE_PALM_041
TREE_SIMP_050_028,SP_028,TREE_SIMP_050
SHRUB_LRG_421_051,CES_051,SHRUB_LRG_421
SHRUB_TROP_021_039,CRI_039,SHRUB_TROP_021
SHRUB_LRG_020_1011,POM_1011,SHRUB_LRG_020
TREE_SIMP_005_006,CS_006,TREE_SIMP_005
TREE_DCID_208_009,LS_009,TREE_DCID_208
TREE_DCID_208_010,LS_010,TREE_DCID_208
TREE_DCID_208_011,LS_011,TREE_DCID_208
TREE_DCID_208_012,LS_012,TREE_DCID_208
TREE_SIMP_005_007,CS_007,TREE_SIMP_005
TREE_SIMP_005_008,CS_008,TREE_SIMP_005
TREE_DCID_109_026,BU_026,TREE_DCID_109
TREE_DCID_109_027,BU_027,TREE_DCID_109
TREE_SIMP_005_009,CS_009,TREE_SIMP_005
TREE_SIMP_005_010,CS_010,TREE_SIMP_005
TREE_DCID_450_008,DR_008,TREE_DCID_450
TREE_DCID_450_009,DR_009,TREE_DCID_450
TREE_SIMP_125_011,CR_055,TREE_SIMP_125
TREE_SIMP_005_011,CS_011,TREE_SIMP_005
TREE_SIMP_005_012,CS_012,TREE_SIMP_005
TREE_SIMP_005_013,CS_013,TREE_SIMP_005
TREE_SIMP_005_014,CS_014,TREE_SIMP_005
TREE_SIMP_005_015,CS_015,TREE_SIMP_005
TREE_SIMP_027_006,CE_006,TREE_SIMP_027
TREE_SIMP_027_007,CE_007,TREE_SIMP_027
TREE_SIMP_005_016,CS_016,TREE_SIMP_005
TREE_SIMP_005_017,CS_017,TREE_SIMP_005
TREE_SIMP_005_018,CS_018,TREE_SIMP_005
TREE_SIMP_005_019,CS_019,TREE_SIMP_005
TREE_SIMP_005_020,CS_020,TREE_SIMP_005
TREE_SIMP_025_005,CO_005,TREE_SIMP_025
TREE_DCID_109_028,BU_028,TREE_DCID_109
TREE_DCID_109_029,BU_029,TREE_DCID_109
TREE_SIMP_025_006,CO_006,TREE_SIMP_025
TREE_SIMP_025_007,CO_007,TREE_SIMP_025
TREE_DCID_109_030,BU_030,TREE_DCID_109
TREE_SIMP_027_008,CE_008,TREE_SIMP_027
TREE_SIMP_027_009,CE_009,TREE_SIMP_027
TREE_SIMP_005_021,CS_021,TREE_SIMP_005
TREE_SIMP_005_022,CS_022,TREE_SIMP_005
TREE_SIMP_005_023,CS_023,TREE_SIMP_005
TREE_SIMP_005_024,CS_024,TREE_SIMP_005
TREE_SIMP_005_025,CS_025,TREE_SIMP_005
TREE_SIMP_125_012,CR_056,TREE_SIMP_125
TREE_SIMP_125_013,CR_057,TREE_SIMP_125
TREE_DCID_208_013,LS_013,TREE_DCID_208
TREE_DCID_208_014,LS_014,TREE_DCID_208
SHRUB_TROP_021_040,CRI_040,SHRUB_TROP_021
SHRUB_TROP_021_041,CRI_041,SHRUB_TROP_021
SHRUB_TROP_021_042,CRI_042,SHRUB_TROP_021
SHRUB_TROP_021_043,CRI_043,SHRUB_TROP_021
TREE_DCID_109_031,BU_031,TREE_DCID_109
TREE_DCID_109_032,BU_032,TREE_DCID_109
TREE_DCID_109_033,BU_033,TREE_DCID_109
TREE_DCID_109_034,BU_034,TREE_DCID_109
TREE_DCID_109_035,BU_035,TREE_DCID_109
TREE_DCID_109_036,BU_036,TREE_DCID_109
TREE_SIMP_027_010,CE_010,TREE_SIMP_027
TREE_SIMP_027_011,CE_011,TREE_SIMP_027
TREE_DCID_109_037,BU_037,TREE_DCID_109
TREE_DCID_109_038,BU_038,TREE_DCID_109
TREE_DCID_109_039,BU_039,TREE_DCID_109
TREE_PALM_041_011,PE_011,TREE_PALM_041
TREE_PALM_041_012,PE_012,TREE_PALM_041
TREE_SIMP_050_029,SP_029,TREE_SIMP_050
TREE_SIMP_050_030,SP_030,TREE_SIMP_050
TREE_SIMP_050_031,SP_031,TREE_SIMP_050
TREE_SIMP_050_032,SP_032,TREE_SIMP_050
TREE_SIMP_050_033,SP_033,TREE_SIMP_050
TREE_SIMP_050_034,SP_034,TREE_SIMP_050
TREE_SIMP_125_014,CR_058,TREE_SIMP_125
TREE_SIMP_125_015,CR_059,TREE_SIMP_125
TREE_SIMP_050_035,SP_035,TREE_SIMP_050
TREE_SIMP_050_036,SP_036,TREE_SIMP_050
TREE_SIMP_050_037,SP_037,TREE_SIMP_050
TREE_SIMP_125_016,CR_060,TREE_SIMP_125
TREE_SIMP_027_012,CE_012,TREE_SIMP_027
TREE_DCID_208_015,LS_015,TREE_DCID_208
TREE_DCID_208_016,LS_016,TREE_DCID_208
TREE_SIMP_027_013,CE_013,TREE_SIMP_027
SHRUB_LRG_020_1012,POM_1012,SHRUB_LRG_020
SHRUB_LRG_020_1013,POM_1013,SHRUB_LRG_020
SHRUB_LRG_020_1014,POM_1014,SHRUB_LRG_020
SHRUB_LRG_020_1015,POM_1015,SHRUB_LRG_020
SHRUB_LRG_020_1016,POM_1016,SHRUB_LRG_020
SHRUB_LRG_020_1017,POM_1017,SHRUB_LRG_020
SHRUB_LRG_020_1018,POM_1018,SHRUB_LRG_020
SHRUB_LRG_020_1019,POM_1019,SHRUB_LRG_020
SHRUB_LRG_020_1020,POM_1020,SHRUB_LRG_020
SHRUB_LRG_020_1021,POM_1021,SHRUB_LRG_020
SHRUB_LRG_020_1022,POM_1022,SHRUB_LRG_020
TREE_DCID_208_017,LS_017,TREE_DCID_208
TREE_DCID_109_040,BU_040,TREE_DCID_109
TREE_DCID_109_041,BU_041,TREE_DCID_109
TREE_DCID_109_042,BU_042,TREE_DCID_109
TREE_DCID_003_032,ED_032,TREE_DCID_003
TREE_DCID_003_033,ED_033,TREE_DCID_003
TREE_DCID_003_034,ED_034,TREE_DCID_003
TREE_DCID_003_035,ED_035,TREE_DCID_003
TREE_SIMP_005_026,CS_026,TREE_SIMP_005
TREE_SIMP_005_027,CS_027,TREE_SIMP_005
TREE_DCID_109_043,BU_043,TREE_DCID_109
TREE_DCID_109_044,BU_044,TREE_DCID_109
TREE_DCID_109_045,BU_045,TREE_DCID_109
TREE_DCID_109_046,BU_046,TREE_DCID_109
TREE_SIMP_005_028,CS_028,TREE_SIMP_005
TREE_DCID_109_047,BU_047,TREE_DCID_109
TREE_DCID_109_048,BU_048,TREE_DCID_109
TREE_DCID_109_049,BU_049,TREE_DCID_109
TREE_DCID_208_018,LS_018,TREE_DCID_208
TREE_DCID_208_019,LS_019,TREE_DCID_208
TREE_SIMP_222_010,CG_025,TREE_SIMP_222
TREE_SIMP_025_008,CO_008,TREE_SIMP_025
TREE_SIMP_021_029,LJ_029,TREE_SIMP_021
TREE_SIMP_021_030,LJ_030,TREE_SIMP_021
TREE_SIMP_125_017,CR_061,TREE_SIMP_125
TREE_SIMP_125_018,CR_062,TREE_SIMP_125
TREE_SIMP_125_019,CR_063,TREE_SIMP_125
TREE_SIMP_125_020,CR_064,TREE_SIMP_125
TREE_SIMP_222_011,CG_026,TREE_SIMP_222
TREE_SIMP_050_038,SP_038,TREE_SIMP_050
TREE_SIMP_050_039,SP_039,TREE_SIMP_050
TREE_SIMP_050_040,SP_040,TREE_SIMP_050
TREE_SIMP_125_021,CR_065,TREE_SIMP_125
TREE_SIMP_025_009,CO_009,TREE_SIMP_025
TREE_SIMP_027_014,CE_014,TREE_SIMP_027
SHRUB_LRG_421_052,CES_052,SHRUB_LRG_421
SHRUB_LRG_421_053,CES_053,SHRUB_LRG_421
SHRUB_LRG_421_054,CES_054,SHRUB_LRG_421
SHRUB_LRG_421_055,CES_055,SHRUB_LRG_421
SHRUB_LRG_421_056,CES_056,SHRUB_LRG_421
SHRUB_LRG_421_057,CES_057,SHRUB_LRG_421
SHRUB_LRG_421_058,CES_058,SHRUB_LRG_421
SHRUB_LRG_421_059,CES_059,SHRUB_LRG_421
SHRUB_LRG_421_060,CES_060,SHRUB_LRG_421
TREE_SIMP_125_022,CR_066,TREE_SIMP_125
SHRUB_LRG_421_061,CES_061,SHRUB_LRG_421
SHRUB_LRG_421_062,CES_062,SHRUB_LRG_421
SHRUB_LRG_421_063,CES_063,SHRUB_LRG_421
SHRUB_LRG_421_064,CES_064,SHRUB_LRG_421
SHRUB_LRG_421_065,CES_065,SHRUB_LRG_421
SHRUB_LRG_421_066,CES_066,SHRUB_LRG_421
TREE_SIMP_050_041,SP_041,TREE_SIMP_050
TREE_SIMP_050_042,SP_042,TREE_SIMP_050
TREE_SIMP_050_043,SP_043,TREE_SIMP_050
TREE_SIMP_005_029,CS_029,TREE_SIMP_005
TREE_SIMP_005_030,CS_030,TREE_SIMP_005
TREE_SIMP_005_031,CS_031,TREE_SIMP_005
TREE_SIMP_005_032,CS_032,TREE_SIMP_005
TREE_SIMP_125_023,CR_067,TREE_SIMP_125
TREE_SIMP_125_024,CR_068,TREE_SIMP_125
TREE_SIMP_125_025,CR_069,TREE_SIMP_125
SHRUB_LRG_421_067,CES_067,SHRUB_LRG_421
SHRUB_LRG_421_068,CES_068,SHRUB_LRG_421
SHRUB_LRG_421_069,CES_069,SHRUB_LRG_421
SHRUB_LRG_421_070,CES_070,SHRUB_LRG_421
SHRUB_LRG_421_071,CES_071,SHRUB_LRG_421
SHRUB_LRG_421_072,CES_072,SHRUB_LRG_421
SHRUB_LRG_421_073,CES_073,SHRUB_LRG_421
SHRUB_LRG_421_074,CES_074,SHRUB_LRG_421
SHRUB_LRG_421_075,CES_075,SHRUB_LRG_421
SHRUB_LRG_421_076,CES_076,SHRUB_LRG_421
SHRUB_LRG_421_077,CES_077,SHRUB_LRG_421
SHRUB_LRG_421_078,CES_078,SHRUB_LRG_421
SHRUB_LRG_421_079,CES_079,SHRUB_LRG_421
SHRUB_LRG_421_080,CES_080,SHRUB_LRG_421
SHRUB_LRG_421_081,CES_081,SHRUB_LRG_421
TREE_PALM_011_005,RE_005,TREE_PALM_011
TREE_PALM_011_006,RE_006,TREE_PALM_011
TREE_PALM_011_007,RE_007,TREE_PALM_011
TREE_SIMP_027_015,CE_015,TREE_SIMP_027
TREE_SIMP_025_010,CO_010,TREE_SIMP_025
TREE_SIMP_025_011,CO_011,TREE_SIMP_025
TREE_SIMP_025_012,CO_012,TREE_SIMP_025
TREE_SIMP_021_031,LJ_031,TREE_SIMP_021
TREE_SIMP_021_032,LJ_032,TREE_SIMP_021
TREE_SIMP_021_033,LJ_033,TREE_SIMP_021
TREE_SIMP_021_034,LJ_034,TREE_SIMP_021
TREE_SIMP_050_044,SP_044,TREE_SIMP_050
TREE_SIMP_050_045,SP_045,TREE_SIMP_050
TREE_SIMP_050_046,SP_046,TREE_SIMP_050
TREE_SIMP_021_035,LJ_035,TREE_SIMP_021
TREE_SIMP_025_013,CO_013,TREE_SIMP_025
TREE_SIMP_025_014,CO_014,TREE_SIMP_025
TREE_SIMP_025_015,CO_015,TREE_SIMP_025
TREE_SIMP_222_012,CG_027,TREE_SIMP_222
TREE_SIMP_021_036,LJ_036,TREE_SIMP_021
TREE_DCID_003_036,ED_036,TREE_DCID_003
TREE_DCID_003_037,ED_037,TREE_DCID_003
TREE_DCID_003_038,ED_038,TREE_DCID_003
TREE_DCID_003_039,ED_039,TREE_DCID_003
TREE_SIMP_021_037,LJ_037,TREE_SIMP_021
TREE_SIMP_021_038,LJ_038,TREE_SIMP_021
TREE_EVGR_001_058,QV_058,TREE_EVGR_001
TREE_SIMP_050_047,SP_047,TREE_SIMP_050
TREE_SIMP_050_048,SP_048,TREE_SIMP_050
TREE_SIMP_050_049,SP_049,TREE_SIMP_050
TREE_SIMP_027_016,CE_016,TREE_SIMP_027
TREE_SIMP_027_017,CE_017,TREE_SIMP_027
TREE_DCID_109_050,BU_050,TREE_DCID_109
TREE_SIMP_050_050,SP_050,TREE_SIMP_050
TREE_SIMP_050_051,SP_051,TREE_SIMP_050
TREE_SIMP_050_052,SP_052,TREE_SIMP_050
TREE_SIMP_050_053,SP_053,TREE_SIMP_050
TREE_DCID_109_051,BU_051,TREE_DCID_109
TREE_DCID_109_052,BU_052,TREE_DCID_109
TREE_SIMP_050_054,SP_054,TREE_SIMP_050
TREE_SIMP_050_055,SP_055,TREE_SIMP_050
TREE_SIMP_050_056,SP_056,TREE_SIMP_050
TREE_SIMP_050_057,SP_057,TREE_SIMP_050
TREE_SIMP_050_058,SP_058,TREE_SIMP_050
TREE_SIMP_050_059,SP_059,TREE_SIMP_050
TREE_DCID_208_020,LS_020,TREE_DCID_208
SHRUB_TROP_021_044,CRI_044,SHRUB_TROP_021
SHRUB_TROP_021_045,CRI_045,SHRUB_TROP_021
SHRUB_TROP_021_046,CRI_046,SHRUB_TROP_021
TREE_DCID_208_021,LS_021,TREE_DCID_208
TREE_SIMP_125_026,CR_070,TREE_SIMP_125
TREE_SIMP_125_027,CR_071,TREE_SIMP_125
TREE_SIMP_125_028,CR_072,TREE_SIMP_125
TREE_SIMP_125_029,CR_073,TREE_SIMP_125
TREE_SIMP_125_030,CR_074,TREE_SIMP_125
TREE_PALM_011_008,RE_008,TREE_PALM_011
TREE_PALM_011_009,RE_009,TREE_PALM_011
TREE_PALM_011_010,RE_010,TREE_PALM_011
TREE_PALM_011_011,RE_011,TREE_PALM_011
TREE_DCID_208_022,LS_022,TREE_DCID_208
TREE_SIMP_027_018,CE_018,TREE_SIMP_027
TREE_SIMP_005_033,CS_033,TREE_SIMP_005
TREE_SIMP_005_034,CS_034,TREE_SIMP_005
TREE_SIMP_005_035,CS_035,TREE_SIMP_005
TREE_SIMP_005_036,CS_036,TREE_SIMP_005
TREE_SIMP_005_037,CS_037,TREE_SIMP_005
TREE_DCID_109_053,BU_053,TREE_DCID_109
TREE_DCID_109_054,BU_054,TREE_DCID_109
TREE_DCID_109_055,BU_055,TREE_DCID_109
TREE_DCID_109_056,BU_056,TREE_DCID_109
TREE_DCID_109_057,BU_057,TREE_DCID_109
TREE_DCID_109_058,BU_058,TREE_DCID_109
TREE_SIMP_005_038,CS_038,TREE_SIMP_005
TREE_SIMP_005_039,CS_039,TREE_SIMP_005
TREE_SIMP_005_040,CS_040,TREE_SIMP_005
TREE_SIMP_050_060,SP_060,TREE_SIMP_050
TREE_SIMP_050_061,SP_061,TREE_SIMP_050
TREE_SIMP_050_062,SP_062,TREE_SIMP_050
TREE_DCID_208_023,LS_023,TREE_DCID_208
TREE_SIMP_125_031,CR_075,TREE_SIMP_125
TREE_SIMP_027_019,CE_019,TREE_SIMP_027
TREE_SIMP_027_020,CE_020,TREE_SIMP_027
TREE_DCID_208_024,LS_024,TREE_DCID_208
TREE_SIMP_021_039,LJ_039,TREE_SIMP_021
SHRUB_TROP_021_047,CRI_047,SHRUB_TROP_021
SHRUB_TROP_021_048,CRI_048,SHRUB_TROP_021
SHRUB_TROP_021_049,CRI_049,SHRUB_TROP_021
TREE_SIMP_005_041,CS_041,TREE_SIMP_005
TREE_SIMP_027_021,CE_021,TREE_SIMP_027
TREE_SIMP_027_022,CE_022,TREE_SIMP_027
TREE_EVGR_001_059,QV_059,TREE_EVGR_001
SHRUB_LRG_020_1023,POM_1023,SHRUB_LRG_020
SHRUB_LRG_020_1024,POM_1024,SHRUB_LRG_020
SHRUB_LRG_020_1025,POM_1025,SHRUB_LRG_020
SHRUB_LRG_020_1026,POM_1026,SHRUB_LRG_020
SHRUB_LRG_020_1027,POM_1027,SHRUB_LRG_020
SHRUB_LRG_020_1028,POM_1028,SHRUB_LRG_020
SHRUB_LRG_020_1029,POM_1029,SHRUB_LRG_020
SHRUB_LRG_020_1030,POM_1030,SHRUB_LRG_020
SHRUB_LRG_020_1031,POM_1031,SHRUB_LRG_020
SHRUB_LRG_020_1032,POM_1032,SHRUB_LRG_020
SHRUB_LRG_020_1033,POM_1033,SHRUB_LRG_020
TREE_SIMP_027_023,CE_023,TREE_SIMP_027
TREE_SIMP_027_024,CE_024,TREE_SIMP_027
TREE_EVGR_001_060,QV_060,TREE_EVGR_001
TREE_SIMP_050_063,SP_063,TREE_SIMP_050
TREE_SIMP_050_064,SP_064,TREE_SIMP_050
TREE_SIMP_050_065,SP_065,TREE_SIMP_050
TREE_SIMP_050_066,SP_066,TREE_SIMP_050
TREE_SIMP_050_067,SP_067,TREE_SIMP_050
TREE_SIMP_050_068,SP_068,TREE_SIMP_050
TREE_SIMP_027_025,CE_025,TREE_SIMP_027
TREE_EVGR_001_061,QV_061,TREE_EVGR_001
TREE_SIMP_027_026,CE_026,TREE_SIMP_027
TREE_SIMP_050_069,SP_069,TREE_SIMP_050
TREE_SIMP_050_070,SP_070,TREE_SIMP_050
TREE_SIMP_050_071,SP_071,TREE_SIMP_050
TREE_SIMP_027_027,CE_027,TREE_SIMP_027
TREE_SIMP_050_072,SP_072,TREE_SIMP_050
TREE_SIMP_050_073,SP_073,TREE_SIMP_050
TREE_SIMP_050_074,SP_074,TREE_SIMP_050
TREE_SIMP_027_028,CE_028,TREE_SIMP_027
TREE_EVGR_001_062,QV_062,TREE_EVGR_001
TREE_SIMP_005_042,CS_042,TREE_SIMP_005
TREE_SIMP_005_043,CS_043,TREE_SIMP_005
TREE_DCID_003_040,ED_040,TREE_DCID_003
TREE_SIMP_027_029,CE_029,TREE_SIMP_027
TREE_DCID_003_041,ED_041,TREE_DCID_003
TREE_DCID_003_042,ED_042,TREE_DCID_003
TREE_SIMP_027_030,CE_030,TREE_SIMP_027
TREE_DCID_003_043,ED_043,TREE_DCID_003
TREE_DCID_003_044,ED_044,TREE_DCID_003
TREE_SIMP_050_075,SP_075,TREE_SIMP_050
TREE_SIMP_050_076,SP_076,TREE_SIMP_050
TREE_SIMP_050_077,SP_077,TREE_SIMP_050
TREE_SIMP_125_032,CR_076,TREE_SIMP_125
TREE_SIMP_125_033,CR_077,TREE_SIMP_125
TREE_SIMP_125_034,CR_078,TREE_SIMP_125
TREE_DCID_208_025,LS_025,TREE_DCID_208
TREE_SIMP_027_031,CE_031,TREE_SIMP_027
TREE_EVGR_001_063,QV_063,TREE_EVGR_001
TREE_EVGR_001_064,QV_064,TREE_EVGR_001
TREE_SIMP_021_040,LJ_040,TREE_SIMP_021
TREE_SIMP_021_041,LJ_041,TREE_SIMP_021
TREE_SIMP_050_078,SP_078,TREE_SIMP_050
TREE_SIMP_050_079,SP_079,TREE_SIMP_050
TREE_SIMP_050_080,SP_080,TREE_SIMP_050
TREE_SIMP_021_042,LJ_042,TREE_SIMP_021
TREE_SIMP_050_081,SP_081,TREE_SIMP_050
TREE_SIMP_050_082,SP_082,TREE_SIMP_050
TREE_SIMP_050_083,SP_083,TREE_SIMP_050
TREE_SIMP_021_043,LJ_043,TREE_SIMP_021
TREE_SIMP_125_035,CR_079,TREE_SIMP_125
TREE_SIMP_125_036,CR_080,TREE_SIMP_125
TREE_SIMP_125_037,CR_081,TREE_SIMP_125
TREE_SIMP_125_038,CR_082,TREE_SIMP_125
TREE_SIMP_125_039,CR_083,TREE_SIMP_125
TREE_SIMP_125_040,CR_084,TREE_SIMP_125
TREE_SIMP_125_041,CR_085,TREE_SIMP_125
TREE_SIMP_125_042,CR_086,TREE_SIMP_125
TREE_SIMP_050_084,SP_084,TREE_SIMP_050
TREE_SIMP_050_085,SP_085,TREE_SIMP_050
TREE_SIMP_050_086,SP_086,TREE_SIMP_050
TREE_SIMP_027_032,CE_032,TREE_SIMP_027
TREE_SIMP_021_044,LJ_044,TREE_SIMP_021
TREE_PALM_011_012,RE_012,TREE_PALM_011
TREE_PALM_011_013,RE_013,TREE_PALM_011
TREE_PALM_011_014,RE_014,TREE_PALM_011
TREE_SIMP_050_087,SP_087,TREE_SIMP_050
TREE_SIMP_050_088,SP_088,TREE_SIMP_050
TREE_SIMP_050_089,SP_089,TREE_SIMP_050
TREE_PALM_041_013,PE_013,TREE_PALM_041
TREE_PALM_041_014,PE_014,TREE_PALM_041
TREE_PALM_041_015,PE_015,TREE_PALM_041
TREE_DCID_208_026,LS_026,TREE_DCID_208
TREE_DCID_208_027,LS_027,TREE_DCID_208
TREE_DCID_208_028,LS_028,TREE_DCID_208
